ISO-10303-21;
HEADER;
/* Generated by software containing ST-Developer
 * from STEP Tools, Inc. (www.steptools.com) 
 */

FILE_DESCRIPTION(
/* description */ (''),
/* implementation_level */ '2;1');

FILE_NAME(
/* name */ 'v8_engine_bock.step',
/* time_stamp */ '2026-09-25T02:06:53+05:30',
/* author */ (''),
/* organization */ (''),
/* preprocessor_version */ 'ST-DEVELOPER v20.2',
/* originating_system */ 'Autodesk Translation Framework v15.15.0.0',
/* authorisation */ '');

FILE_SCHEMA (('AUTOMOTIVE_DESIGN { 1 0 10303 214 3 1 1 }'));
ENDSEC;

DATA;
#10=MECHANICAL_DESIGN_GEOMETRIC_PRESENTATION_REPRESENTATION('',(#13),#9220);
#11=SHAPE_REPRESENTATION_RELATIONSHIP('SRR','None',#9230,#12);
#12=ADVANCED_BREP_SHAPE_REPRESENTATION('',(#14),#9219);
#13=STYLED_ITEM('',(#9239),#14);
#14=MANIFOLD_SOLID_BREP('Body2',#5256);
#15=CONICAL_SURFACE('',#5675,0.0504336839453482,1.02974425867665);
#16=CONICAL_SURFACE('',#5679,0.0504336839453482,1.02974425867665);
#17=CONICAL_SURFACE('',#5683,0.0504336839453482,1.02974425867665);
#18=CONICAL_SURFACE('',#5687,0.0504336839453482,1.02974425867665);
#19=CONICAL_SURFACE('',#5691,0.0504336839453482,1.02974425867665);
#20=CONICAL_SURFACE('',#5695,0.0504336839453482,1.02974425867665);
#21=CONICAL_SURFACE('',#5699,0.0504336839453482,1.02974425867665);
#22=CONICAL_SURFACE('',#5703,0.0504336839453482,1.02974425867665);
#23=CONICAL_SURFACE('',#5707,0.0504336839453482,1.02974425867665);
#24=CONICAL_SURFACE('',#5711,0.0504336839453482,1.02974425867665);
#25=CONICAL_SURFACE('',#5715,0.113,0.785398163397448);
#26=CONICAL_SURFACE('',#5716,0.113,0.785398163397448);
#27=CONICAL_SURFACE('',#5717,0.113,0.785398163397448);
#28=CONICAL_SURFACE('',#5718,0.113,0.785398163397448);
#29=CONICAL_SURFACE('',#5719,0.113,0.785398163397448);
#30=CONICAL_SURFACE('',#5720,0.113,0.785398163397448);
#31=CONICAL_SURFACE('',#5721,0.113,0.785398163397448);
#32=CONICAL_SURFACE('',#5722,0.113,0.785398163397448);
#33=CONICAL_SURFACE('',#5723,0.113,0.785398163397448);
#34=CONICAL_SURFACE('',#5724,0.113,0.785398163397448);
#35=CONICAL_SURFACE('',#5892,0.0504336839453482,1.02974425867665);
#36=CONICAL_SURFACE('',#5896,0.0504336839453482,1.02974425867665);
#37=CONICAL_SURFACE('',#5900,0.0504336839453482,1.02974425867665);
#38=CONICAL_SURFACE('',#5904,0.0504336839453482,1.02974425867665);
#39=CONICAL_SURFACE('',#5908,0.0504336839453482,1.02974425867665);
#40=CONICAL_SURFACE('',#5912,0.0504336839453482,1.02974425867665);
#41=CONICAL_SURFACE('',#5916,0.0504336839453482,1.02974425867665);
#42=CONICAL_SURFACE('',#5920,0.0504336839453482,1.02974425867665);
#43=CONICAL_SURFACE('',#5924,0.0504336839453482,1.02974425867665);
#44=CONICAL_SURFACE('',#5928,0.0504336839453482,1.02974425867665);
#45=CONICAL_SURFACE('',#5932,0.113,0.785398163397448);
#46=CONICAL_SURFACE('',#5933,0.113,0.785398163397448);
#47=CONICAL_SURFACE('',#5934,0.113,0.785398163397448);
#48=CONICAL_SURFACE('',#5935,0.113,0.785398163397448);
#49=CONICAL_SURFACE('',#5936,0.113,0.785398163397448);
#50=CONICAL_SURFACE('',#5937,0.113,0.785398163397448);
#51=CONICAL_SURFACE('',#5938,0.113,0.785398163397448);
#52=CONICAL_SURFACE('',#5939,0.113,0.785398163397448);
#53=CONICAL_SURFACE('',#5940,0.113,0.785398163397448);
#54=CONICAL_SURFACE('',#5941,0.113,0.785398163397448);
#55=FACE_BOUND('',#590,.T.);
#56=FACE_BOUND('',#591,.T.);
#57=FACE_BOUND('',#592,.T.);
#58=FACE_BOUND('',#593,.T.);
#59=FACE_BOUND('',#594,.T.);
#60=FACE_BOUND('',#595,.T.);
#61=FACE_BOUND('',#596,.T.);
#62=FACE_BOUND('',#597,.T.);
#63=FACE_BOUND('',#598,.T.);
#64=FACE_BOUND('',#599,.T.);
#65=FACE_BOUND('',#600,.T.);
#66=FACE_BOUND('',#601,.T.);
#67=FACE_BOUND('',#602,.T.);
#68=FACE_BOUND('',#603,.T.);
#69=FACE_BOUND('',#604,.T.);
#70=FACE_BOUND('',#605,.T.);
#71=FACE_BOUND('',#606,.T.);
#72=FACE_BOUND('',#607,.T.);
#73=FACE_BOUND('',#608,.T.);
#74=FACE_BOUND('',#609,.T.);
#75=FACE_BOUND('',#610,.T.);
#76=FACE_BOUND('',#611,.T.);
#77=FACE_BOUND('',#612,.T.);
#78=FACE_BOUND('',#613,.T.);
#79=FACE_BOUND('',#614,.T.);
#80=FACE_BOUND('',#615,.T.);
#81=FACE_BOUND('',#616,.T.);
#82=FACE_BOUND('',#617,.T.);
#83=FACE_BOUND('',#618,.T.);
#84=FACE_BOUND('',#619,.T.);
#85=FACE_BOUND('',#620,.T.);
#86=FACE_BOUND('',#621,.T.);
#87=FACE_BOUND('',#622,.T.);
#88=FACE_BOUND('',#623,.T.);
#89=FACE_BOUND('',#624,.T.);
#90=FACE_BOUND('',#625,.T.);
#91=FACE_BOUND('',#626,.T.);
#92=FACE_BOUND('',#627,.T.);
#93=FACE_BOUND('',#628,.T.);
#94=FACE_BOUND('',#639,.T.);
#95=FACE_BOUND('',#640,.T.);
#96=FACE_BOUND('',#641,.T.);
#97=FACE_BOUND('',#642,.T.);
#98=FACE_BOUND('',#643,.T.);
#99=FACE_BOUND('',#644,.T.);
#100=FACE_BOUND('',#645,.T.);
#101=FACE_BOUND('',#646,.T.);
#102=FACE_BOUND('',#647,.T.);
#103=FACE_BOUND('',#648,.T.);
#104=FACE_BOUND('',#649,.T.);
#105=FACE_BOUND('',#650,.T.);
#106=FACE_BOUND('',#651,.T.);
#107=FACE_BOUND('',#652,.T.);
#108=FACE_BOUND('',#653,.T.);
#109=FACE_BOUND('',#654,.T.);
#110=FACE_BOUND('',#655,.T.);
#111=FACE_BOUND('',#656,.T.);
#112=FACE_BOUND('',#657,.T.);
#113=FACE_BOUND('',#658,.T.);
#114=FACE_BOUND('',#659,.T.);
#115=FACE_BOUND('',#660,.T.);
#116=FACE_BOUND('',#661,.T.);
#117=FACE_BOUND('',#662,.T.);
#118=FACE_BOUND('',#663,.T.);
#119=FACE_BOUND('',#664,.T.);
#120=FACE_BOUND('',#665,.T.);
#121=FACE_BOUND('',#666,.T.);
#122=FACE_BOUND('',#667,.T.);
#123=FACE_BOUND('',#668,.T.);
#124=FACE_BOUND('',#669,.T.);
#125=FACE_BOUND('',#670,.T.);
#126=FACE_BOUND('',#671,.T.);
#127=FACE_BOUND('',#672,.T.);
#128=FACE_BOUND('',#673,.T.);
#129=FACE_BOUND('',#674,.T.);
#130=FACE_BOUND('',#675,.T.);
#131=FACE_BOUND('',#676,.T.);
#132=FACE_BOUND('',#677,.T.);
#133=FACE_BOUND('',#699,.T.);
#134=FACE_BOUND('',#700,.T.);
#135=FACE_BOUND('',#701,.T.);
#136=FACE_BOUND('',#702,.T.);
#137=FACE_BOUND('',#704,.T.);
#138=FACE_BOUND('',#705,.T.);
#139=FACE_BOUND('',#706,.T.);
#140=FACE_BOUND('',#707,.T.);
#141=PLANE('',#5279);
#142=PLANE('',#5282);
#143=PLANE('',#5283);
#144=PLANE('',#5380);
#145=PLANE('',#5383);
#146=PLANE('',#5466);
#147=PLANE('',#5469);
#148=PLANE('',#5490);
#149=PLANE('',#5492);
#150=PLANE('',#5494);
#151=PLANE('',#5495);
#152=PLANE('',#5497);
#153=PLANE('',#5502);
#154=PLANE('',#5507);
#155=PLANE('',#5508);
#156=PLANE('',#5509);
#157=PLANE('',#5512);
#158=PLANE('',#5517);
#159=PLANE('',#5518);
#160=PLANE('',#5523);
#161=PLANE('',#5524);
#162=PLANE('',#5529);
#163=PLANE('',#5530);
#164=PLANE('',#5537);
#165=PLANE('',#5542);
#166=PLANE('',#5543);
#167=PLANE('',#5548);
#168=PLANE('',#5549);
#169=PLANE('',#5554);
#170=PLANE('',#5555);
#171=PLANE('',#5562);
#172=PLANE('',#5567);
#173=PLANE('',#5568);
#174=PLANE('',#5569);
#175=PLANE('',#5574);
#176=PLANE('',#5575);
#177=PLANE('',#5580);
#178=PLANE('',#5585);
#179=PLANE('',#5586);
#180=PLANE('',#5591);
#181=PLANE('',#5592);
#182=PLANE('',#5597);
#183=PLANE('',#5598);
#184=PLANE('',#5605);
#185=PLANE('',#5612);
#186=PLANE('',#5617);
#187=PLANE('',#5618);
#188=PLANE('',#5623);
#189=PLANE('',#5624);
#190=PLANE('',#5629);
#191=PLANE('',#5630);
#192=PLANE('',#5635);
#193=PLANE('',#5636);
#194=PLANE('',#5643);
#195=PLANE('',#5648);
#196=PLANE('',#5649);
#197=PLANE('',#5654);
#198=PLANE('',#5655);
#199=PLANE('',#5662);
#200=PLANE('',#5667);
#201=PLANE('',#5668);
#202=PLANE('',#5673);
#203=PLANE('',#5674);
#204=PLANE('',#5729);
#205=PLANE('',#5734);
#206=PLANE('',#5735);
#207=PLANE('',#5740);
#208=PLANE('',#5741);
#209=PLANE('',#5746);
#210=PLANE('',#5747);
#211=PLANE('',#5754);
#212=PLANE('',#5759);
#213=PLANE('',#5760);
#214=PLANE('',#5765);
#215=PLANE('',#5766);
#216=PLANE('',#5771);
#217=PLANE('',#5772);
#218=PLANE('',#5779);
#219=PLANE('',#5784);
#220=PLANE('',#5785);
#221=PLANE('',#5786);
#222=PLANE('',#5791);
#223=PLANE('',#5792);
#224=PLANE('',#5797);
#225=PLANE('',#5802);
#226=PLANE('',#5803);
#227=PLANE('',#5808);
#228=PLANE('',#5809);
#229=PLANE('',#5814);
#230=PLANE('',#5815);
#231=PLANE('',#5822);
#232=PLANE('',#5829);
#233=PLANE('',#5834);
#234=PLANE('',#5835);
#235=PLANE('',#5840);
#236=PLANE('',#5841);
#237=PLANE('',#5846);
#238=PLANE('',#5847);
#239=PLANE('',#5852);
#240=PLANE('',#5853);
#241=PLANE('',#5860);
#242=PLANE('',#5865);
#243=PLANE('',#5866);
#244=PLANE('',#5871);
#245=PLANE('',#5872);
#246=PLANE('',#5879);
#247=PLANE('',#5884);
#248=PLANE('',#5885);
#249=PLANE('',#5890);
#250=PLANE('',#5891);
#251=PLANE('',#5948);
#252=TOROIDAL_SURFACE('',#5273,0.5,0.25);
#253=TOROIDAL_SURFACE('',#5362,0.5,0.25);
#254=TOROIDAL_SURFACE('',#5368,0.5,0.25);
#255=TOROIDAL_SURFACE('',#5374,0.5,0.25);
#256=TOROIDAL_SURFACE('',#5461,0.5,0.25);
#257=TOROIDAL_SURFACE('',#5473,0.5,0.25);
#258=TOROIDAL_SURFACE('',#5479,0.5,0.25);
#259=TOROIDAL_SURFACE('',#5485,0.5,0.25);
#260=FACE_OUTER_BOUND('',#583,.T.);
#261=FACE_OUTER_BOUND('',#584,.T.);
#262=FACE_OUTER_BOUND('',#585,.T.);
#263=FACE_OUTER_BOUND('',#586,.T.);
#264=FACE_OUTER_BOUND('',#587,.T.);
#265=FACE_OUTER_BOUND('',#588,.T.);
#266=FACE_OUTER_BOUND('',#589,.T.);
#267=FACE_OUTER_BOUND('',#629,.T.);
#268=FACE_OUTER_BOUND('',#630,.T.);
#269=FACE_OUTER_BOUND('',#631,.T.);
#270=FACE_OUTER_BOUND('',#632,.T.);
#271=FACE_OUTER_BOUND('',#633,.T.);
#272=FACE_OUTER_BOUND('',#634,.T.);
#273=FACE_OUTER_BOUND('',#635,.T.);
#274=FACE_OUTER_BOUND('',#636,.T.);
#275=FACE_OUTER_BOUND('',#637,.T.);
#276=FACE_OUTER_BOUND('',#638,.T.);
#277=FACE_OUTER_BOUND('',#678,.T.);
#278=FACE_OUTER_BOUND('',#679,.T.);
#279=FACE_OUTER_BOUND('',#680,.T.);
#280=FACE_OUTER_BOUND('',#681,.T.);
#281=FACE_OUTER_BOUND('',#682,.T.);
#282=FACE_OUTER_BOUND('',#683,.T.);
#283=FACE_OUTER_BOUND('',#684,.T.);
#284=FACE_OUTER_BOUND('',#685,.T.);
#285=FACE_OUTER_BOUND('',#686,.T.);
#286=FACE_OUTER_BOUND('',#687,.T.);
#287=FACE_OUTER_BOUND('',#688,.T.);
#288=FACE_OUTER_BOUND('',#689,.T.);
#289=FACE_OUTER_BOUND('',#690,.T.);
#290=FACE_OUTER_BOUND('',#691,.T.);
#291=FACE_OUTER_BOUND('',#692,.T.);
#292=FACE_OUTER_BOUND('',#693,.T.);
#293=FACE_OUTER_BOUND('',#694,.T.);
#294=FACE_OUTER_BOUND('',#695,.T.);
#295=FACE_OUTER_BOUND('',#696,.T.);
#296=FACE_OUTER_BOUND('',#697,.T.);
#297=FACE_OUTER_BOUND('',#698,.T.);
#298=FACE_OUTER_BOUND('',#703,.T.);
#299=FACE_OUTER_BOUND('',#708,.T.);
#300=FACE_OUTER_BOUND('',#709,.T.);
#301=FACE_OUTER_BOUND('',#710,.T.);
#302=FACE_OUTER_BOUND('',#711,.T.);
#303=FACE_OUTER_BOUND('',#712,.T.);
#304=FACE_OUTER_BOUND('',#713,.T.);
#305=FACE_OUTER_BOUND('',#714,.T.);
#306=FACE_OUTER_BOUND('',#715,.T.);
#307=FACE_OUTER_BOUND('',#716,.T.);
#308=FACE_OUTER_BOUND('',#717,.T.);
#309=FACE_OUTER_BOUND('',#718,.T.);
#310=FACE_OUTER_BOUND('',#719,.T.);
#311=FACE_OUTER_BOUND('',#720,.T.);
#312=FACE_OUTER_BOUND('',#721,.T.);
#313=FACE_OUTER_BOUND('',#722,.T.);
#314=FACE_OUTER_BOUND('',#723,.T.);
#315=FACE_OUTER_BOUND('',#724,.T.);
#316=FACE_OUTER_BOUND('',#725,.T.);
#317=FACE_OUTER_BOUND('',#726,.T.);
#318=FACE_OUTER_BOUND('',#727,.T.);
#319=FACE_OUTER_BOUND('',#728,.T.);
#320=FACE_OUTER_BOUND('',#729,.T.);
#321=FACE_OUTER_BOUND('',#730,.T.);
#322=FACE_OUTER_BOUND('',#731,.T.);
#323=FACE_OUTER_BOUND('',#732,.T.);
#324=FACE_OUTER_BOUND('',#733,.T.);
#325=FACE_OUTER_BOUND('',#734,.T.);
#326=FACE_OUTER_BOUND('',#735,.T.);
#327=FACE_OUTER_BOUND('',#736,.T.);
#328=FACE_OUTER_BOUND('',#737,.T.);
#329=FACE_OUTER_BOUND('',#738,.T.);
#330=FACE_OUTER_BOUND('',#739,.T.);
#331=FACE_OUTER_BOUND('',#740,.T.);
#332=FACE_OUTER_BOUND('',#741,.T.);
#333=FACE_OUTER_BOUND('',#742,.T.);
#334=FACE_OUTER_BOUND('',#743,.T.);
#335=FACE_OUTER_BOUND('',#744,.T.);
#336=FACE_OUTER_BOUND('',#745,.T.);
#337=FACE_OUTER_BOUND('',#746,.T.);
#338=FACE_OUTER_BOUND('',#747,.T.);
#339=FACE_OUTER_BOUND('',#748,.T.);
#340=FACE_OUTER_BOUND('',#749,.T.);
#341=FACE_OUTER_BOUND('',#750,.T.);
#342=FACE_OUTER_BOUND('',#751,.T.);
#343=FACE_OUTER_BOUND('',#752,.T.);
#344=FACE_OUTER_BOUND('',#753,.T.);
#345=FACE_OUTER_BOUND('',#754,.T.);
#346=FACE_OUTER_BOUND('',#755,.T.);
#347=FACE_OUTER_BOUND('',#756,.T.);
#348=FACE_OUTER_BOUND('',#757,.T.);
#349=FACE_OUTER_BOUND('',#758,.T.);
#350=FACE_OUTER_BOUND('',#759,.T.);
#351=FACE_OUTER_BOUND('',#760,.T.);
#352=FACE_OUTER_BOUND('',#761,.T.);
#353=FACE_OUTER_BOUND('',#762,.T.);
#354=FACE_OUTER_BOUND('',#763,.T.);
#355=FACE_OUTER_BOUND('',#764,.T.);
#356=FACE_OUTER_BOUND('',#765,.T.);
#357=FACE_OUTER_BOUND('',#766,.T.);
#358=FACE_OUTER_BOUND('',#767,.T.);
#359=FACE_OUTER_BOUND('',#768,.T.);
#360=FACE_OUTER_BOUND('',#769,.T.);
#361=FACE_OUTER_BOUND('',#770,.T.);
#362=FACE_OUTER_BOUND('',#771,.T.);
#363=FACE_OUTER_BOUND('',#772,.T.);
#364=FACE_OUTER_BOUND('',#773,.T.);
#365=FACE_OUTER_BOUND('',#774,.T.);
#366=FACE_OUTER_BOUND('',#775,.T.);
#367=FACE_OUTER_BOUND('',#776,.T.);
#368=FACE_OUTER_BOUND('',#777,.T.);
#369=FACE_OUTER_BOUND('',#778,.T.);
#370=FACE_OUTER_BOUND('',#779,.T.);
#371=FACE_OUTER_BOUND('',#780,.T.);
#372=FACE_OUTER_BOUND('',#781,.T.);
#373=FACE_OUTER_BOUND('',#782,.T.);
#374=FACE_OUTER_BOUND('',#783,.T.);
#375=FACE_OUTER_BOUND('',#784,.T.);
#376=FACE_OUTER_BOUND('',#785,.T.);
#377=FACE_OUTER_BOUND('',#786,.T.);
#378=FACE_OUTER_BOUND('',#787,.T.);
#379=FACE_OUTER_BOUND('',#788,.T.);
#380=FACE_OUTER_BOUND('',#789,.T.);
#381=FACE_OUTER_BOUND('',#790,.T.);
#382=FACE_OUTER_BOUND('',#791,.T.);
#383=FACE_OUTER_BOUND('',#792,.T.);
#384=FACE_OUTER_BOUND('',#793,.T.);
#385=FACE_OUTER_BOUND('',#794,.T.);
#386=FACE_OUTER_BOUND('',#795,.T.);
#387=FACE_OUTER_BOUND('',#796,.T.);
#388=FACE_OUTER_BOUND('',#797,.T.);
#389=FACE_OUTER_BOUND('',#798,.T.);
#390=FACE_OUTER_BOUND('',#799,.T.);
#391=FACE_OUTER_BOUND('',#800,.T.);
#392=FACE_OUTER_BOUND('',#801,.T.);
#393=FACE_OUTER_BOUND('',#802,.T.);
#394=FACE_OUTER_BOUND('',#803,.T.);
#395=FACE_OUTER_BOUND('',#804,.T.);
#396=FACE_OUTER_BOUND('',#805,.T.);
#397=FACE_OUTER_BOUND('',#806,.T.);
#398=FACE_OUTER_BOUND('',#807,.T.);
#399=FACE_OUTER_BOUND('',#808,.T.);
#400=FACE_OUTER_BOUND('',#809,.T.);
#401=FACE_OUTER_BOUND('',#810,.T.);
#402=FACE_OUTER_BOUND('',#811,.T.);
#403=FACE_OUTER_BOUND('',#812,.T.);
#404=FACE_OUTER_BOUND('',#813,.T.);
#405=FACE_OUTER_BOUND('',#814,.T.);
#406=FACE_OUTER_BOUND('',#815,.T.);
#407=FACE_OUTER_BOUND('',#816,.T.);
#408=FACE_OUTER_BOUND('',#817,.T.);
#409=FACE_OUTER_BOUND('',#818,.T.);
#410=FACE_OUTER_BOUND('',#819,.T.);
#411=FACE_OUTER_BOUND('',#820,.T.);
#412=FACE_OUTER_BOUND('',#821,.T.);
#413=FACE_OUTER_BOUND('',#822,.T.);
#414=FACE_OUTER_BOUND('',#823,.T.);
#415=FACE_OUTER_BOUND('',#824,.T.);
#416=FACE_OUTER_BOUND('',#825,.T.);
#417=FACE_OUTER_BOUND('',#826,.T.);
#418=FACE_OUTER_BOUND('',#827,.T.);
#419=FACE_OUTER_BOUND('',#828,.T.);
#420=FACE_OUTER_BOUND('',#829,.T.);
#421=FACE_OUTER_BOUND('',#830,.T.);
#422=FACE_OUTER_BOUND('',#831,.T.);
#423=FACE_OUTER_BOUND('',#832,.T.);
#424=FACE_OUTER_BOUND('',#833,.T.);
#425=FACE_OUTER_BOUND('',#834,.T.);
#426=FACE_OUTER_BOUND('',#835,.T.);
#427=FACE_OUTER_BOUND('',#836,.T.);
#428=FACE_OUTER_BOUND('',#837,.T.);
#429=FACE_OUTER_BOUND('',#838,.T.);
#430=FACE_OUTER_BOUND('',#839,.T.);
#431=FACE_OUTER_BOUND('',#840,.T.);
#432=FACE_OUTER_BOUND('',#841,.T.);
#433=FACE_OUTER_BOUND('',#842,.T.);
#434=FACE_OUTER_BOUND('',#843,.T.);
#435=FACE_OUTER_BOUND('',#844,.T.);
#436=FACE_OUTER_BOUND('',#845,.T.);
#437=FACE_OUTER_BOUND('',#846,.T.);
#438=FACE_OUTER_BOUND('',#847,.T.);
#439=FACE_OUTER_BOUND('',#848,.T.);
#440=FACE_OUTER_BOUND('',#849,.T.);
#441=FACE_OUTER_BOUND('',#850,.T.);
#442=FACE_OUTER_BOUND('',#851,.T.);
#443=FACE_OUTER_BOUND('',#852,.T.);
#444=FACE_OUTER_BOUND('',#853,.T.);
#445=FACE_OUTER_BOUND('',#854,.T.);
#446=FACE_OUTER_BOUND('',#855,.T.);
#447=FACE_OUTER_BOUND('',#856,.T.);
#448=FACE_OUTER_BOUND('',#857,.T.);
#449=FACE_OUTER_BOUND('',#858,.T.);
#450=FACE_OUTER_BOUND('',#859,.T.);
#451=FACE_OUTER_BOUND('',#860,.T.);
#452=FACE_OUTER_BOUND('',#861,.T.);
#453=FACE_OUTER_BOUND('',#862,.T.);
#454=FACE_OUTER_BOUND('',#863,.T.);
#455=FACE_OUTER_BOUND('',#864,.T.);
#456=FACE_OUTER_BOUND('',#865,.T.);
#457=FACE_OUTER_BOUND('',#866,.T.);
#458=FACE_OUTER_BOUND('',#867,.T.);
#459=FACE_OUTER_BOUND('',#868,.T.);
#460=FACE_OUTER_BOUND('',#869,.T.);
#461=FACE_OUTER_BOUND('',#870,.T.);
#462=FACE_OUTER_BOUND('',#871,.T.);
#463=FACE_OUTER_BOUND('',#872,.T.);
#464=FACE_OUTER_BOUND('',#873,.T.);
#465=FACE_OUTER_BOUND('',#874,.T.);
#466=FACE_OUTER_BOUND('',#875,.T.);
#467=FACE_OUTER_BOUND('',#876,.T.);
#468=FACE_OUTER_BOUND('',#877,.T.);
#469=FACE_OUTER_BOUND('',#878,.T.);
#470=FACE_OUTER_BOUND('',#879,.T.);
#471=FACE_OUTER_BOUND('',#880,.T.);
#472=FACE_OUTER_BOUND('',#881,.T.);
#473=FACE_OUTER_BOUND('',#882,.T.);
#474=FACE_OUTER_BOUND('',#883,.T.);
#475=FACE_OUTER_BOUND('',#884,.T.);
#476=FACE_OUTER_BOUND('',#885,.T.);
#477=FACE_OUTER_BOUND('',#886,.T.);
#478=FACE_OUTER_BOUND('',#887,.T.);
#479=FACE_OUTER_BOUND('',#888,.T.);
#480=FACE_OUTER_BOUND('',#889,.T.);
#481=FACE_OUTER_BOUND('',#890,.T.);
#482=FACE_OUTER_BOUND('',#891,.T.);
#483=FACE_OUTER_BOUND('',#892,.T.);
#484=FACE_OUTER_BOUND('',#893,.T.);
#485=FACE_OUTER_BOUND('',#894,.T.);
#486=FACE_OUTER_BOUND('',#895,.T.);
#487=FACE_OUTER_BOUND('',#896,.T.);
#488=FACE_OUTER_BOUND('',#897,.T.);
#489=FACE_OUTER_BOUND('',#898,.T.);
#490=FACE_OUTER_BOUND('',#899,.T.);
#491=FACE_OUTER_BOUND('',#900,.T.);
#492=FACE_OUTER_BOUND('',#901,.T.);
#493=FACE_OUTER_BOUND('',#902,.T.);
#494=FACE_OUTER_BOUND('',#903,.T.);
#495=FACE_OUTER_BOUND('',#904,.T.);
#496=FACE_OUTER_BOUND('',#905,.T.);
#497=FACE_OUTER_BOUND('',#906,.T.);
#498=FACE_OUTER_BOUND('',#907,.T.);
#499=FACE_OUTER_BOUND('',#908,.T.);
#500=FACE_OUTER_BOUND('',#909,.T.);
#501=FACE_OUTER_BOUND('',#910,.T.);
#502=FACE_OUTER_BOUND('',#911,.T.);
#503=FACE_OUTER_BOUND('',#912,.T.);
#504=FACE_OUTER_BOUND('',#913,.T.);
#505=FACE_OUTER_BOUND('',#914,.T.);
#506=FACE_OUTER_BOUND('',#915,.T.);
#507=FACE_OUTER_BOUND('',#916,.T.);
#508=FACE_OUTER_BOUND('',#917,.T.);
#509=FACE_OUTER_BOUND('',#918,.T.);
#510=FACE_OUTER_BOUND('',#919,.T.);
#511=FACE_OUTER_BOUND('',#920,.T.);
#512=FACE_OUTER_BOUND('',#921,.T.);
#513=FACE_OUTER_BOUND('',#922,.T.);
#514=FACE_OUTER_BOUND('',#923,.T.);
#515=FACE_OUTER_BOUND('',#924,.T.);
#516=FACE_OUTER_BOUND('',#925,.T.);
#517=FACE_OUTER_BOUND('',#926,.T.);
#518=FACE_OUTER_BOUND('',#927,.T.);
#519=FACE_OUTER_BOUND('',#928,.T.);
#520=FACE_OUTER_BOUND('',#929,.T.);
#521=FACE_OUTER_BOUND('',#930,.T.);
#522=FACE_OUTER_BOUND('',#931,.T.);
#523=FACE_OUTER_BOUND('',#932,.T.);
#524=FACE_OUTER_BOUND('',#933,.T.);
#525=FACE_OUTER_BOUND('',#934,.T.);
#526=FACE_OUTER_BOUND('',#935,.T.);
#527=FACE_OUTER_BOUND('',#936,.T.);
#528=FACE_OUTER_BOUND('',#937,.T.);
#529=FACE_OUTER_BOUND('',#938,.T.);
#530=FACE_OUTER_BOUND('',#939,.T.);
#531=FACE_OUTER_BOUND('',#940,.T.);
#532=FACE_OUTER_BOUND('',#941,.T.);
#533=FACE_OUTER_BOUND('',#942,.T.);
#534=FACE_OUTER_BOUND('',#943,.T.);
#535=FACE_OUTER_BOUND('',#944,.T.);
#536=FACE_OUTER_BOUND('',#945,.T.);
#537=FACE_OUTER_BOUND('',#946,.T.);
#538=FACE_OUTER_BOUND('',#947,.T.);
#539=FACE_OUTER_BOUND('',#948,.T.);
#540=FACE_OUTER_BOUND('',#949,.T.);
#541=FACE_OUTER_BOUND('',#950,.T.);
#542=FACE_OUTER_BOUND('',#951,.T.);
#543=FACE_OUTER_BOUND('',#952,.T.);
#544=FACE_OUTER_BOUND('',#953,.T.);
#545=FACE_OUTER_BOUND('',#954,.T.);
#546=FACE_OUTER_BOUND('',#955,.T.);
#547=FACE_OUTER_BOUND('',#956,.T.);
#548=FACE_OUTER_BOUND('',#957,.T.);
#549=FACE_OUTER_BOUND('',#958,.T.);
#550=FACE_OUTER_BOUND('',#959,.T.);
#551=FACE_OUTER_BOUND('',#960,.T.);
#552=FACE_OUTER_BOUND('',#961,.T.);
#553=FACE_OUTER_BOUND('',#962,.T.);
#554=FACE_OUTER_BOUND('',#963,.T.);
#555=FACE_OUTER_BOUND('',#964,.T.);
#556=FACE_OUTER_BOUND('',#965,.T.);
#557=FACE_OUTER_BOUND('',#966,.T.);
#558=FACE_OUTER_BOUND('',#967,.T.);
#559=FACE_OUTER_BOUND('',#968,.T.);
#560=FACE_OUTER_BOUND('',#969,.T.);
#561=FACE_OUTER_BOUND('',#970,.T.);
#562=FACE_OUTER_BOUND('',#971,.T.);
#563=FACE_OUTER_BOUND('',#972,.T.);
#564=FACE_OUTER_BOUND('',#973,.T.);
#565=FACE_OUTER_BOUND('',#974,.T.);
#566=FACE_OUTER_BOUND('',#975,.T.);
#567=FACE_OUTER_BOUND('',#976,.T.);
#568=FACE_OUTER_BOUND('',#977,.T.);
#569=FACE_OUTER_BOUND('',#978,.T.);
#570=FACE_OUTER_BOUND('',#979,.T.);
#571=FACE_OUTER_BOUND('',#980,.T.);
#572=FACE_OUTER_BOUND('',#981,.T.);
#573=FACE_OUTER_BOUND('',#982,.T.);
#574=FACE_OUTER_BOUND('',#983,.T.);
#575=FACE_OUTER_BOUND('',#984,.T.);
#576=FACE_OUTER_BOUND('',#985,.T.);
#577=FACE_OUTER_BOUND('',#986,.T.);
#578=FACE_OUTER_BOUND('',#987,.T.);
#579=FACE_OUTER_BOUND('',#988,.T.);
#580=FACE_OUTER_BOUND('',#989,.T.);
#581=FACE_OUTER_BOUND('',#990,.T.);
#582=FACE_OUTER_BOUND('',#991,.T.);
#583=EDGE_LOOP('',(#3307,#3308,#3309,#3310));
#584=EDGE_LOOP('',(#3311,#3312,#3313,#3314));
#585=EDGE_LOOP('',(#3315,#3316,#3317,#3318));
#586=EDGE_LOOP('',(#3319,#3320,#3321,#3322));
#587=EDGE_LOOP('',(#3323,#3324,#3325,#3326));
#588=EDGE_LOOP('',(#3327,#3328,#3329,#3330));
#589=EDGE_LOOP('',(#3331,#3332,#3333,#3334,#3335,#3336,#3337,#3338));
#590=EDGE_LOOP('',(#3339));
#591=EDGE_LOOP('',(#3340));
#592=EDGE_LOOP('',(#3341));
#593=EDGE_LOOP('',(#3342));
#594=EDGE_LOOP('',(#3343));
#595=EDGE_LOOP('',(#3344));
#596=EDGE_LOOP('',(#3345));
#597=EDGE_LOOP('',(#3346));
#598=EDGE_LOOP('',(#3347));
#599=EDGE_LOOP('',(#3348));
#600=EDGE_LOOP('',(#3349));
#601=EDGE_LOOP('',(#3350));
#602=EDGE_LOOP('',(#3351));
#603=EDGE_LOOP('',(#3352));
#604=EDGE_LOOP('',(#3353,#3354,#3355));
#605=EDGE_LOOP('',(#3356,#3357,#3358));
#606=EDGE_LOOP('',(#3359,#3360,#3361));
#607=EDGE_LOOP('',(#3362,#3363,#3364));
#608=EDGE_LOOP('',(#3365,#3366,#3367));
#609=EDGE_LOOP('',(#3368,#3369,#3370));
#610=EDGE_LOOP('',(#3371,#3372,#3373));
#611=EDGE_LOOP('',(#3374,#3375,#3376));
#612=EDGE_LOOP('',(#3377,#3378,#3379));
#613=EDGE_LOOP('',(#3380,#3381,#3382));
#614=EDGE_LOOP('',(#3383,#3384,#3385));
#615=EDGE_LOOP('',(#3386,#3387,#3388));
#616=EDGE_LOOP('',(#3389,#3390,#3391));
#617=EDGE_LOOP('',(#3392,#3393,#3394));
#618=EDGE_LOOP('',(#3395,#3396,#3397));
#619=EDGE_LOOP('',(#3398,#3399,#3400,#3401,#3402,#3403));
#620=EDGE_LOOP('',(#3404,#3405,#3406));
#621=EDGE_LOOP('',(#3407,#3408,#3409));
#622=EDGE_LOOP('',(#3410,#3411,#3412));
#623=EDGE_LOOP('',(#3413,#3414,#3415));
#624=EDGE_LOOP('',(#3416,#3417,#3418));
#625=EDGE_LOOP('',(#3419,#3420,#3421));
#626=EDGE_LOOP('',(#3422,#3423,#3424));
#627=EDGE_LOOP('',(#3425,#3426,#3427));
#628=EDGE_LOOP('',(#3428,#3429,#3430));
#629=EDGE_LOOP('',(#3431,#3432,#3433,#3434));
#630=EDGE_LOOP('',(#3435,#3436,#3437,#3438));
#631=EDGE_LOOP('',(#3439,#3440,#3441,#3442));
#632=EDGE_LOOP('',(#3443,#3444,#3445,#3446));
#633=EDGE_LOOP('',(#3447,#3448,#3449,#3450));
#634=EDGE_LOOP('',(#3451,#3452,#3453,#3454));
#635=EDGE_LOOP('',(#3455,#3456,#3457,#3458));
#636=EDGE_LOOP('',(#3459,#3460,#3461,#3462));
#637=EDGE_LOOP('',(#3463,#3464,#3465,#3466,#3467,#3468,#3469,#3470,#3471,
#3472,#3473,#3474,#3475,#3476,#3477,#3478));
#638=EDGE_LOOP('',(#3479,#3480,#3481,#3482,#3483,#3484,#3485,#3486));
#639=EDGE_LOOP('',(#3487));
#640=EDGE_LOOP('',(#3488));
#641=EDGE_LOOP('',(#3489));
#642=EDGE_LOOP('',(#3490));
#643=EDGE_LOOP('',(#3491));
#644=EDGE_LOOP('',(#3492));
#645=EDGE_LOOP('',(#3493));
#646=EDGE_LOOP('',(#3494));
#647=EDGE_LOOP('',(#3495));
#648=EDGE_LOOP('',(#3496));
#649=EDGE_LOOP('',(#3497));
#650=EDGE_LOOP('',(#3498));
#651=EDGE_LOOP('',(#3499));
#652=EDGE_LOOP('',(#3500));
#653=EDGE_LOOP('',(#3501,#3502,#3503));
#654=EDGE_LOOP('',(#3504,#3505,#3506));
#655=EDGE_LOOP('',(#3507,#3508,#3509));
#656=EDGE_LOOP('',(#3510,#3511,#3512));
#657=EDGE_LOOP('',(#3513,#3514,#3515));
#658=EDGE_LOOP('',(#3516,#3517,#3518));
#659=EDGE_LOOP('',(#3519,#3520,#3521));
#660=EDGE_LOOP('',(#3522,#3523,#3524));
#661=EDGE_LOOP('',(#3525,#3526,#3527));
#662=EDGE_LOOP('',(#3528,#3529,#3530));
#663=EDGE_LOOP('',(#3531,#3532,#3533));
#664=EDGE_LOOP('',(#3534,#3535,#3536));
#665=EDGE_LOOP('',(#3537,#3538,#3539));
#666=EDGE_LOOP('',(#3540,#3541,#3542));
#667=EDGE_LOOP('',(#3543,#3544,#3545));
#668=EDGE_LOOP('',(#3546,#3547,#3548,#3549,#3550,#3551));
#669=EDGE_LOOP('',(#3552,#3553,#3554));
#670=EDGE_LOOP('',(#3555,#3556,#3557));
#671=EDGE_LOOP('',(#3558,#3559,#3560));
#672=EDGE_LOOP('',(#3561,#3562,#3563));
#673=EDGE_LOOP('',(#3564,#3565,#3566));
#674=EDGE_LOOP('',(#3567,#3568,#3569));
#675=EDGE_LOOP('',(#3570,#3571,#3572));
#676=EDGE_LOOP('',(#3573,#3574,#3575));
#677=EDGE_LOOP('',(#3576,#3577,#3578));
#678=EDGE_LOOP('',(#3579,#3580,#3581,#3582));
#679=EDGE_LOOP('',(#3583,#3584,#3585,#3586));
#680=EDGE_LOOP('',(#3587,#3588,#3589,#3590));
#681=EDGE_LOOP('',(#3591,#3592,#3593,#3594));
#682=EDGE_LOOP('',(#3595,#3596,#3597,#3598));
#683=EDGE_LOOP('',(#3599,#3600,#3601,#3602));
#684=EDGE_LOOP('',(#3603,#3604,#3605,#3606));
#685=EDGE_LOOP('',(#3607,#3608,#3609,#3610));
#686=EDGE_LOOP('',(#3611,#3612,#3613,#3614));
#687=EDGE_LOOP('',(#3615,#3616,#3617,#3618));
#688=EDGE_LOOP('',(#3619,#3620,#3621,#3622));
#689=EDGE_LOOP('',(#3623,#3624,#3625,#3626));
#690=EDGE_LOOP('',(#3627,#3628,#3629,#3630));
#691=EDGE_LOOP('',(#3631,#3632,#3633,#3634));
#692=EDGE_LOOP('',(#3635,#3636,#3637,#3638));
#693=EDGE_LOOP('',(#3639,#3640,#3641,#3642));
#694=EDGE_LOOP('',(#3643,#3644,#3645,#3646));
#695=EDGE_LOOP('',(#3647,#3648,#3649,#3650));
#696=EDGE_LOOP('',(#3651,#3652,#3653,#3654));
#697=EDGE_LOOP('',(#3655,#3656,#3657,#3658,#3659,#3660,#3661));
#698=EDGE_LOOP('',(#3662,#3663,#3664,#3665));
#699=EDGE_LOOP('',(#3666));
#700=EDGE_LOOP('',(#3667));
#701=EDGE_LOOP('',(#3668));
#702=EDGE_LOOP('',(#3669));
#703=EDGE_LOOP('',(#3670,#3671,#3672,#3673));
#704=EDGE_LOOP('',(#3674));
#705=EDGE_LOOP('',(#3675));
#706=EDGE_LOOP('',(#3676));
#707=EDGE_LOOP('',(#3677));
#708=EDGE_LOOP('',(#3678,#3679,#3680,#3681));
#709=EDGE_LOOP('',(#3682,#3683,#3684,#3685));
#710=EDGE_LOOP('',(#3686,#3687,#3688,#3689,#3690,#3691,#3692));
#711=EDGE_LOOP('',(#3693,#3694,#3695,#3696));
#712=EDGE_LOOP('',(#3697,#3698,#3699,#3700,#3701,#3702,#3703,#3704,#3705,
#3706));
#713=EDGE_LOOP('',(#3707,#3708,#3709,#3710));
#714=EDGE_LOOP('',(#3711,#3712,#3713,#3714));
#715=EDGE_LOOP('',(#3715,#3716,#3717,#3718));
#716=EDGE_LOOP('',(#3719,#3720,#3721));
#717=EDGE_LOOP('',(#3722,#3723,#3724,#3725));
#718=EDGE_LOOP('',(#3726,#3727,#3728,#3729));
#719=EDGE_LOOP('',(#3730,#3731,#3732,#3733));
#720=EDGE_LOOP('',(#3734,#3735,#3736));
#721=EDGE_LOOP('',(#3737,#3738,#3739,#3740));
#722=EDGE_LOOP('',(#3741,#3742,#3743,#3744));
#723=EDGE_LOOP('',(#3745,#3746,#3747,#3748));
#724=EDGE_LOOP('',(#3749,#3750,#3751));
#725=EDGE_LOOP('',(#3752,#3753,#3754,#3755));
#726=EDGE_LOOP('',(#3756,#3757,#3758,#3759));
#727=EDGE_LOOP('',(#3760,#3761,#3762,#3763));
#728=EDGE_LOOP('',(#3764,#3765,#3766));
#729=EDGE_LOOP('',(#3767,#3768,#3769,#3770));
#730=EDGE_LOOP('',(#3771,#3772,#3773,#3774));
#731=EDGE_LOOP('',(#3775,#3776,#3777,#3778));
#732=EDGE_LOOP('',(#3779,#3780,#3781));
#733=EDGE_LOOP('',(#3782,#3783,#3784,#3785));
#734=EDGE_LOOP('',(#3786,#3787,#3788,#3789));
#735=EDGE_LOOP('',(#3790,#3791,#3792,#3793));
#736=EDGE_LOOP('',(#3794,#3795,#3796));
#737=EDGE_LOOP('',(#3797,#3798,#3799,#3800));
#738=EDGE_LOOP('',(#3801,#3802,#3803,#3804));
#739=EDGE_LOOP('',(#3805,#3806,#3807,#3808));
#740=EDGE_LOOP('',(#3809,#3810,#3811));
#741=EDGE_LOOP('',(#3812,#3813,#3814,#3815));
#742=EDGE_LOOP('',(#3816,#3817,#3818,#3819));
#743=EDGE_LOOP('',(#3820,#3821,#3822,#3823));
#744=EDGE_LOOP('',(#3824,#3825,#3826));
#745=EDGE_LOOP('',(#3827,#3828,#3829,#3830));
#746=EDGE_LOOP('',(#3831,#3832,#3833,#3834));
#747=EDGE_LOOP('',(#3835,#3836,#3837,#3838));
#748=EDGE_LOOP('',(#3839,#3840,#3841));
#749=EDGE_LOOP('',(#3842,#3843,#3844,#3845));
#750=EDGE_LOOP('',(#3846,#3847,#3848,#3849));
#751=EDGE_LOOP('',(#3850,#3851,#3852,#3853));
#752=EDGE_LOOP('',(#3854,#3855,#3856));
#753=EDGE_LOOP('',(#3857,#3858,#3859,#3860));
#754=EDGE_LOOP('',(#3861,#3862,#3863,#3864));
#755=EDGE_LOOP('',(#3865,#3866,#3867,#3868));
#756=EDGE_LOOP('',(#3869,#3870,#3871));
#757=EDGE_LOOP('',(#3872,#3873,#3874,#3875));
#758=EDGE_LOOP('',(#3876,#3877,#3878,#3879));
#759=EDGE_LOOP('',(#3880,#3881,#3882,#3883));
#760=EDGE_LOOP('',(#3884,#3885,#3886));
#761=EDGE_LOOP('',(#3887,#3888,#3889,#3890));
#762=EDGE_LOOP('',(#3891,#3892,#3893,#3894));
#763=EDGE_LOOP('',(#3895,#3896,#3897,#3898));
#764=EDGE_LOOP('',(#3899,#3900,#3901));
#765=EDGE_LOOP('',(#3902,#3903,#3904,#3905));
#766=EDGE_LOOP('',(#3906,#3907,#3908,#3909));
#767=EDGE_LOOP('',(#3910,#3911,#3912,#3913));
#768=EDGE_LOOP('',(#3914,#3915,#3916));
#769=EDGE_LOOP('',(#3917,#3918,#3919,#3920));
#770=EDGE_LOOP('',(#3921,#3922,#3923,#3924));
#771=EDGE_LOOP('',(#3925,#3926,#3927,#3928));
#772=EDGE_LOOP('',(#3929,#3930,#3931));
#773=EDGE_LOOP('',(#3932,#3933,#3934,#3935));
#774=EDGE_LOOP('',(#3936,#3937,#3938,#3939));
#775=EDGE_LOOP('',(#3940,#3941,#3942,#3943));
#776=EDGE_LOOP('',(#3944,#3945,#3946));
#777=EDGE_LOOP('',(#3947,#3948,#3949,#3950));
#778=EDGE_LOOP('',(#3951,#3952,#3953,#3954));
#779=EDGE_LOOP('',(#3955,#3956,#3957,#3958));
#780=EDGE_LOOP('',(#3959,#3960,#3961));
#781=EDGE_LOOP('',(#3962,#3963,#3964,#3965));
#782=EDGE_LOOP('',(#3966,#3967,#3968,#3969));
#783=EDGE_LOOP('',(#3970,#3971,#3972,#3973));
#784=EDGE_LOOP('',(#3974,#3975,#3976));
#785=EDGE_LOOP('',(#3977,#3978,#3979,#3980));
#786=EDGE_LOOP('',(#3981,#3982,#3983,#3984));
#787=EDGE_LOOP('',(#3985,#3986,#3987,#3988));
#788=EDGE_LOOP('',(#3989,#3990,#3991));
#789=EDGE_LOOP('',(#3992,#3993,#3994,#3995));
#790=EDGE_LOOP('',(#3996,#3997,#3998,#3999));
#791=EDGE_LOOP('',(#4000,#4001,#4002,#4003));
#792=EDGE_LOOP('',(#4004,#4005,#4006));
#793=EDGE_LOOP('',(#4007,#4008,#4009,#4010));
#794=EDGE_LOOP('',(#4011,#4012,#4013,#4014));
#795=EDGE_LOOP('',(#4015,#4016,#4017,#4018));
#796=EDGE_LOOP('',(#4019,#4020,#4021));
#797=EDGE_LOOP('',(#4022,#4023,#4024,#4025));
#798=EDGE_LOOP('',(#4026,#4027,#4028,#4029));
#799=EDGE_LOOP('',(#4030,#4031,#4032,#4033));
#800=EDGE_LOOP('',(#4034,#4035,#4036));
#801=EDGE_LOOP('',(#4037,#4038,#4039,#4040));
#802=EDGE_LOOP('',(#4041,#4042,#4043,#4044));
#803=EDGE_LOOP('',(#4045,#4046,#4047,#4048));
#804=EDGE_LOOP('',(#4049,#4050,#4051));
#805=EDGE_LOOP('',(#4052,#4053,#4054,#4055));
#806=EDGE_LOOP('',(#4056,#4057,#4058,#4059));
#807=EDGE_LOOP('',(#4060,#4061,#4062,#4063));
#808=EDGE_LOOP('',(#4064,#4065,#4066));
#809=EDGE_LOOP('',(#4067,#4068,#4069,#4070));
#810=EDGE_LOOP('',(#4071,#4072,#4073,#4074));
#811=EDGE_LOOP('',(#4075,#4076,#4077,#4078));
#812=EDGE_LOOP('',(#4079,#4080,#4081));
#813=EDGE_LOOP('',(#4082,#4083,#4084,#4085));
#814=EDGE_LOOP('',(#4086,#4087,#4088,#4089));
#815=EDGE_LOOP('',(#4090,#4091,#4092,#4093));
#816=EDGE_LOOP('',(#4094,#4095,#4096));
#817=EDGE_LOOP('',(#4097,#4098,#4099));
#818=EDGE_LOOP('',(#4100,#4101,#4102,#4103));
#819=EDGE_LOOP('',(#4104,#4105,#4106));
#820=EDGE_LOOP('',(#4107,#4108,#4109,#4110));
#821=EDGE_LOOP('',(#4111,#4112,#4113));
#822=EDGE_LOOP('',(#4114,#4115,#4116,#4117));
#823=EDGE_LOOP('',(#4118,#4119,#4120));
#824=EDGE_LOOP('',(#4121,#4122,#4123,#4124));
#825=EDGE_LOOP('',(#4125,#4126,#4127));
#826=EDGE_LOOP('',(#4128,#4129,#4130,#4131));
#827=EDGE_LOOP('',(#4132,#4133,#4134));
#828=EDGE_LOOP('',(#4135,#4136,#4137,#4138));
#829=EDGE_LOOP('',(#4139,#4140,#4141));
#830=EDGE_LOOP('',(#4142,#4143,#4144,#4145));
#831=EDGE_LOOP('',(#4146,#4147,#4148));
#832=EDGE_LOOP('',(#4149,#4150,#4151,#4152));
#833=EDGE_LOOP('',(#4153,#4154,#4155));
#834=EDGE_LOOP('',(#4156,#4157,#4158,#4159));
#835=EDGE_LOOP('',(#4160,#4161,#4162));
#836=EDGE_LOOP('',(#4163,#4164,#4165,#4166));
#837=EDGE_LOOP('',(#4167,#4168,#4169,#4170));
#838=EDGE_LOOP('',(#4171,#4172,#4173,#4174));
#839=EDGE_LOOP('',(#4175,#4176,#4177,#4178));
#840=EDGE_LOOP('',(#4179,#4180,#4181,#4182));
#841=EDGE_LOOP('',(#4183,#4184,#4185,#4186));
#842=EDGE_LOOP('',(#4187,#4188,#4189,#4190));
#843=EDGE_LOOP('',(#4191,#4192,#4193,#4194));
#844=EDGE_LOOP('',(#4195,#4196,#4197,#4198));
#845=EDGE_LOOP('',(#4199,#4200,#4201,#4202));
#846=EDGE_LOOP('',(#4203,#4204,#4205,#4206));
#847=EDGE_LOOP('',(#4207,#4208,#4209,#4210));
#848=EDGE_LOOP('',(#4211,#4212,#4213,#4214));
#849=EDGE_LOOP('',(#4215,#4216,#4217,#4218));
#850=EDGE_LOOP('',(#4219,#4220,#4221,#4222));
#851=EDGE_LOOP('',(#4223,#4224,#4225,#4226,#4227,#4228,#4229,#4230,#4231,
#4232));
#852=EDGE_LOOP('',(#4233,#4234,#4235,#4236));
#853=EDGE_LOOP('',(#4237,#4238,#4239,#4240));
#854=EDGE_LOOP('',(#4241,#4242,#4243,#4244));
#855=EDGE_LOOP('',(#4245,#4246,#4247));
#856=EDGE_LOOP('',(#4248,#4249,#4250,#4251));
#857=EDGE_LOOP('',(#4252,#4253,#4254,#4255));
#858=EDGE_LOOP('',(#4256,#4257,#4258,#4259));
#859=EDGE_LOOP('',(#4260,#4261,#4262));
#860=EDGE_LOOP('',(#4263,#4264,#4265,#4266));
#861=EDGE_LOOP('',(#4267,#4268,#4269,#4270));
#862=EDGE_LOOP('',(#4271,#4272,#4273,#4274));
#863=EDGE_LOOP('',(#4275,#4276,#4277));
#864=EDGE_LOOP('',(#4278,#4279,#4280,#4281));
#865=EDGE_LOOP('',(#4282,#4283,#4284,#4285));
#866=EDGE_LOOP('',(#4286,#4287,#4288,#4289));
#867=EDGE_LOOP('',(#4290,#4291,#4292));
#868=EDGE_LOOP('',(#4293,#4294,#4295,#4296));
#869=EDGE_LOOP('',(#4297,#4298,#4299,#4300));
#870=EDGE_LOOP('',(#4301,#4302,#4303,#4304));
#871=EDGE_LOOP('',(#4305,#4306,#4307));
#872=EDGE_LOOP('',(#4308,#4309,#4310,#4311));
#873=EDGE_LOOP('',(#4312,#4313,#4314,#4315));
#874=EDGE_LOOP('',(#4316,#4317,#4318,#4319));
#875=EDGE_LOOP('',(#4320,#4321,#4322));
#876=EDGE_LOOP('',(#4323,#4324,#4325,#4326));
#877=EDGE_LOOP('',(#4327,#4328,#4329,#4330));
#878=EDGE_LOOP('',(#4331,#4332,#4333,#4334));
#879=EDGE_LOOP('',(#4335,#4336,#4337));
#880=EDGE_LOOP('',(#4338,#4339,#4340,#4341));
#881=EDGE_LOOP('',(#4342,#4343,#4344,#4345));
#882=EDGE_LOOP('',(#4346,#4347,#4348,#4349));
#883=EDGE_LOOP('',(#4350,#4351,#4352));
#884=EDGE_LOOP('',(#4353,#4354,#4355,#4356));
#885=EDGE_LOOP('',(#4357,#4358,#4359,#4360));
#886=EDGE_LOOP('',(#4361,#4362,#4363,#4364));
#887=EDGE_LOOP('',(#4365,#4366,#4367));
#888=EDGE_LOOP('',(#4368,#4369,#4370,#4371));
#889=EDGE_LOOP('',(#4372,#4373,#4374,#4375));
#890=EDGE_LOOP('',(#4376,#4377,#4378,#4379));
#891=EDGE_LOOP('',(#4380,#4381,#4382));
#892=EDGE_LOOP('',(#4383,#4384,#4385,#4386));
#893=EDGE_LOOP('',(#4387,#4388,#4389,#4390));
#894=EDGE_LOOP('',(#4391,#4392,#4393,#4394));
#895=EDGE_LOOP('',(#4395,#4396,#4397));
#896=EDGE_LOOP('',(#4398,#4399,#4400,#4401));
#897=EDGE_LOOP('',(#4402,#4403,#4404,#4405));
#898=EDGE_LOOP('',(#4406,#4407,#4408,#4409));
#899=EDGE_LOOP('',(#4410,#4411,#4412));
#900=EDGE_LOOP('',(#4413,#4414,#4415,#4416));
#901=EDGE_LOOP('',(#4417,#4418,#4419,#4420));
#902=EDGE_LOOP('',(#4421,#4422,#4423,#4424));
#903=EDGE_LOOP('',(#4425,#4426,#4427));
#904=EDGE_LOOP('',(#4428,#4429,#4430,#4431));
#905=EDGE_LOOP('',(#4432,#4433,#4434,#4435));
#906=EDGE_LOOP('',(#4436,#4437,#4438,#4439));
#907=EDGE_LOOP('',(#4440,#4441,#4442));
#908=EDGE_LOOP('',(#4443,#4444,#4445,#4446));
#909=EDGE_LOOP('',(#4447,#4448,#4449,#4450));
#910=EDGE_LOOP('',(#4451,#4452,#4453,#4454));
#911=EDGE_LOOP('',(#4455,#4456,#4457));
#912=EDGE_LOOP('',(#4458,#4459,#4460,#4461));
#913=EDGE_LOOP('',(#4462,#4463,#4464,#4465));
#914=EDGE_LOOP('',(#4466,#4467,#4468,#4469));
#915=EDGE_LOOP('',(#4470,#4471,#4472));
#916=EDGE_LOOP('',(#4473,#4474,#4475,#4476));
#917=EDGE_LOOP('',(#4477,#4478,#4479,#4480));
#918=EDGE_LOOP('',(#4481,#4482,#4483,#4484));
#919=EDGE_LOOP('',(#4485,#4486,#4487));
#920=EDGE_LOOP('',(#4488,#4489,#4490,#4491));
#921=EDGE_LOOP('',(#4492,#4493,#4494,#4495));
#922=EDGE_LOOP('',(#4496,#4497,#4498,#4499));
#923=EDGE_LOOP('',(#4500,#4501,#4502));
#924=EDGE_LOOP('',(#4503,#4504,#4505,#4506));
#925=EDGE_LOOP('',(#4507,#4508,#4509,#4510));
#926=EDGE_LOOP('',(#4511,#4512,#4513,#4514));
#927=EDGE_LOOP('',(#4515,#4516,#4517));
#928=EDGE_LOOP('',(#4518,#4519,#4520,#4521));
#929=EDGE_LOOP('',(#4522,#4523,#4524,#4525));
#930=EDGE_LOOP('',(#4526,#4527,#4528,#4529));
#931=EDGE_LOOP('',(#4530,#4531,#4532));
#932=EDGE_LOOP('',(#4533,#4534,#4535,#4536));
#933=EDGE_LOOP('',(#4537,#4538,#4539,#4540));
#934=EDGE_LOOP('',(#4541,#4542,#4543,#4544));
#935=EDGE_LOOP('',(#4545,#4546,#4547));
#936=EDGE_LOOP('',(#4548,#4549,#4550,#4551));
#937=EDGE_LOOP('',(#4552,#4553,#4554,#4555));
#938=EDGE_LOOP('',(#4556,#4557,#4558,#4559));
#939=EDGE_LOOP('',(#4560,#4561,#4562));
#940=EDGE_LOOP('',(#4563,#4564,#4565,#4566));
#941=EDGE_LOOP('',(#4567,#4568,#4569,#4570));
#942=EDGE_LOOP('',(#4571,#4572,#4573,#4574));
#943=EDGE_LOOP('',(#4575,#4576,#4577));
#944=EDGE_LOOP('',(#4578,#4579,#4580,#4581));
#945=EDGE_LOOP('',(#4582,#4583,#4584,#4585));
#946=EDGE_LOOP('',(#4586,#4587,#4588,#4589));
#947=EDGE_LOOP('',(#4590,#4591,#4592));
#948=EDGE_LOOP('',(#4593,#4594,#4595,#4596));
#949=EDGE_LOOP('',(#4597,#4598,#4599,#4600));
#950=EDGE_LOOP('',(#4601,#4602,#4603,#4604));
#951=EDGE_LOOP('',(#4605,#4606,#4607));
#952=EDGE_LOOP('',(#4608,#4609,#4610,#4611));
#953=EDGE_LOOP('',(#4612,#4613,#4614,#4615));
#954=EDGE_LOOP('',(#4616,#4617,#4618,#4619));
#955=EDGE_LOOP('',(#4620,#4621,#4622));
#956=EDGE_LOOP('',(#4623,#4624,#4625));
#957=EDGE_LOOP('',(#4626,#4627,#4628,#4629));
#958=EDGE_LOOP('',(#4630,#4631,#4632));
#959=EDGE_LOOP('',(#4633,#4634,#4635,#4636));
#960=EDGE_LOOP('',(#4637,#4638,#4639));
#961=EDGE_LOOP('',(#4640,#4641,#4642,#4643));
#962=EDGE_LOOP('',(#4644,#4645,#4646));
#963=EDGE_LOOP('',(#4647,#4648,#4649,#4650));
#964=EDGE_LOOP('',(#4651,#4652,#4653));
#965=EDGE_LOOP('',(#4654,#4655,#4656,#4657));
#966=EDGE_LOOP('',(#4658,#4659,#4660));
#967=EDGE_LOOP('',(#4661,#4662,#4663,#4664));
#968=EDGE_LOOP('',(#4665,#4666,#4667));
#969=EDGE_LOOP('',(#4668,#4669,#4670,#4671));
#970=EDGE_LOOP('',(#4672,#4673,#4674));
#971=EDGE_LOOP('',(#4675,#4676,#4677,#4678));
#972=EDGE_LOOP('',(#4679,#4680,#4681));
#973=EDGE_LOOP('',(#4682,#4683,#4684,#4685));
#974=EDGE_LOOP('',(#4686,#4687,#4688));
#975=EDGE_LOOP('',(#4689,#4690,#4691,#4692));
#976=EDGE_LOOP('',(#4693,#4694,#4695,#4696));
#977=EDGE_LOOP('',(#4697,#4698,#4699,#4700));
#978=EDGE_LOOP('',(#4701,#4702,#4703,#4704));
#979=EDGE_LOOP('',(#4705,#4706,#4707,#4708));
#980=EDGE_LOOP('',(#4709,#4710,#4711,#4712));
#981=EDGE_LOOP('',(#4713,#4714,#4715,#4716));
#982=EDGE_LOOP('',(#4717,#4718,#4719,#4720));
#983=EDGE_LOOP('',(#4721,#4722,#4723,#4724));
#984=EDGE_LOOP('',(#4725,#4726,#4727,#4728));
#985=EDGE_LOOP('',(#4729,#4730,#4731,#4732));
#986=EDGE_LOOP('',(#4733,#4734,#4735,#4736));
#987=EDGE_LOOP('',(#4737,#4738,#4739,#4740));
#988=EDGE_LOOP('',(#4741,#4742,#4743,#4744));
#989=EDGE_LOOP('',(#4745,#4746,#4747,#4748));
#990=EDGE_LOOP('',(#4749,#4750,#4751,#4752));
#991=EDGE_LOOP('',(#4753,#4754,#4755,#4756,#4757,#4758,#4759,#4760,#4761,
#4762,#4763,#4764,#4765,#4766,#4767,#4768));
#992=LINE('',#7690,#1367);
#993=LINE('',#7693,#1368);
#994=LINE('',#7704,#1369);
#995=LINE('',#7705,#1370);
#996=LINE('',#7708,#1371);
#997=LINE('',#7710,#1372);
#998=LINE('',#7711,#1373);
#999=LINE('',#7714,#1374);
#1000=LINE('',#7718,#1375);
#1001=LINE('',#7719,#1376);
#1002=LINE('',#7722,#1377);
#1003=LINE('',#7726,#1378);
#1004=LINE('',#7730,#1379);
#1005=LINE('',#7764,#1380);
#1006=LINE('',#7770,#1381);
#1007=LINE('',#7782,#1382);
#1008=LINE('',#7788,#1383);
#1009=LINE('',#7800,#1384);
#1010=LINE('',#7806,#1385);
#1011=LINE('',#7812,#1386);
#1012=LINE('',#7818,#1387);
#1013=LINE('',#7836,#1388);
#1014=LINE('',#7842,#1389);
#1015=LINE('',#7848,#1390);
#1016=LINE('',#7852,#1391);
#1017=LINE('',#7854,#1392);
#1018=LINE('',#7865,#1393);
#1019=LINE('',#7877,#1394);
#1020=LINE('',#7883,#1395);
#1021=LINE('',#7889,#1396);
#1022=LINE('',#7901,#1397);
#1023=LINE('',#7907,#1398);
#1024=LINE('',#7913,#1399);
#1025=LINE('',#7920,#1400);
#1026=LINE('',#7926,#1401);
#1027=LINE('',#7929,#1402);
#1028=LINE('',#7932,#1403);
#1029=LINE('',#7943,#1404);
#1030=LINE('',#7944,#1405);
#1031=LINE('',#7955,#1406);
#1032=LINE('',#7956,#1407);
#1033=LINE('',#7959,#1408);
#1034=LINE('',#7961,#1409);
#1035=LINE('',#7965,#1410);
#1036=LINE('',#7967,#1411);
#1037=LINE('',#7970,#1412);
#1038=LINE('',#7973,#1413);
#1039=LINE('',#7977,#1414);
#1040=LINE('',#7981,#1415);
#1041=LINE('',#8015,#1416);
#1042=LINE('',#8021,#1417);
#1043=LINE('',#8033,#1418);
#1044=LINE('',#8039,#1419);
#1045=LINE('',#8051,#1420);
#1046=LINE('',#8057,#1421);
#1047=LINE('',#8063,#1422);
#1048=LINE('',#8069,#1423);
#1049=LINE('',#8087,#1424);
#1050=LINE('',#8093,#1425);
#1051=LINE('',#8099,#1426);
#1052=LINE('',#8103,#1427);
#1053=LINE('',#8105,#1428);
#1054=LINE('',#8116,#1429);
#1055=LINE('',#8128,#1430);
#1056=LINE('',#8134,#1431);
#1057=LINE('',#8140,#1432);
#1058=LINE('',#8152,#1433);
#1059=LINE('',#8158,#1434);
#1060=LINE('',#8164,#1435);
#1061=LINE('',#8168,#1436);
#1062=LINE('',#8177,#1437);
#1063=LINE('',#8180,#1438);
#1064=LINE('',#8182,#1439);
#1065=LINE('',#8183,#1440);
#1066=LINE('',#8186,#1441);
#1067=LINE('',#8189,#1442);
#1068=LINE('',#8195,#1443);
#1069=LINE('',#8201,#1444);
#1070=LINE('',#8204,#1445);
#1071=LINE('',#8207,#1446);
#1072=LINE('',#8218,#1447);
#1073=LINE('',#8219,#1448);
#1074=LINE('',#8227,#1449);
#1075=LINE('',#8228,#1450);
#1076=LINE('',#8230,#1451);
#1077=LINE('',#8232,#1452);
#1078=LINE('',#8234,#1453);
#1079=LINE('',#8236,#1454);
#1080=LINE('',#8241,#1455);
#1081=LINE('',#8245,#1456);
#1082=LINE('',#8247,#1457);
#1083=LINE('',#8249,#1458);
#1084=LINE('',#8251,#1459);
#1085=LINE('',#8252,#1460);
#1086=LINE('',#8255,#1461);
#1087=LINE('',#8257,#1462);
#1088=LINE('',#8258,#1463);
#1089=LINE('',#8269,#1464);
#1090=LINE('',#8270,#1465);
#1091=LINE('',#8281,#1466);
#1092=LINE('',#8282,#1467);
#1093=LINE('',#8285,#1468);
#1094=LINE('',#8286,#1469);
#1095=LINE('',#8289,#1470);
#1096=LINE('',#8291,#1471);
#1097=LINE('',#8294,#1472);
#1098=LINE('',#8295,#1473);
#1099=LINE('',#8298,#1474);
#1100=LINE('',#8299,#1475);
#1101=LINE('',#8302,#1476);
#1102=LINE('',#8305,#1477);
#1103=LINE('',#8308,#1478);
#1104=LINE('',#8311,#1479);
#1105=LINE('',#8315,#1480);
#1106=LINE('',#8318,#1481);
#1107=LINE('',#8321,#1482);
#1108=LINE('',#8324,#1483);
#1109=LINE('',#8328,#1484);
#1110=LINE('',#8331,#1485);
#1111=LINE('',#8334,#1486);
#1112=LINE('',#8337,#1487);
#1113=LINE('',#8341,#1488);
#1114=LINE('',#8344,#1489);
#1115=LINE('',#8347,#1490);
#1116=LINE('',#8354,#1491);
#1117=LINE('',#8357,#1492);
#1118=LINE('',#8360,#1493);
#1119=LINE('',#8363,#1494);
#1120=LINE('',#8367,#1495);
#1121=LINE('',#8370,#1496);
#1122=LINE('',#8373,#1497);
#1123=LINE('',#8376,#1498);
#1124=LINE('',#8380,#1499);
#1125=LINE('',#8383,#1500);
#1126=LINE('',#8386,#1501);
#1127=LINE('',#8389,#1502);
#1128=LINE('',#8393,#1503);
#1129=LINE('',#8396,#1504);
#1130=LINE('',#8399,#1505);
#1131=LINE('',#8406,#1506);
#1132=LINE('',#8409,#1507);
#1133=LINE('',#8412,#1508);
#1134=LINE('',#8415,#1509);
#1135=LINE('',#8419,#1510);
#1136=LINE('',#8421,#1511);
#1137=LINE('',#8422,#1512);
#1138=LINE('',#8425,#1513);
#1139=LINE('',#8428,#1514);
#1140=LINE('',#8433,#1515);
#1141=LINE('',#8434,#1516);
#1142=LINE('',#8437,#1517);
#1143=LINE('',#8444,#1518);
#1144=LINE('',#8447,#1519);
#1145=LINE('',#8450,#1520);
#1146=LINE('',#8453,#1521);
#1147=LINE('',#8457,#1522);
#1148=LINE('',#8460,#1523);
#1149=LINE('',#8463,#1524);
#1150=LINE('',#8466,#1525);
#1151=LINE('',#8470,#1526);
#1152=LINE('',#8473,#1527);
#1153=LINE('',#8476,#1528);
#1154=LINE('',#8479,#1529);
#1155=LINE('',#8483,#1530);
#1156=LINE('',#8486,#1531);
#1157=LINE('',#8489,#1532);
#1158=LINE('',#8496,#1533);
#1159=LINE('',#8499,#1534);
#1160=LINE('',#8502,#1535);
#1161=LINE('',#8509,#1536);
#1162=LINE('',#8512,#1537);
#1163=LINE('',#8515,#1538);
#1164=LINE('',#8518,#1539);
#1165=LINE('',#8522,#1540);
#1166=LINE('',#8525,#1541);
#1167=LINE('',#8528,#1542);
#1168=LINE('',#8531,#1543);
#1169=LINE('',#8535,#1544);
#1170=LINE('',#8538,#1545);
#1171=LINE('',#8541,#1546);
#1172=LINE('',#8544,#1547);
#1173=LINE('',#8548,#1548);
#1174=LINE('',#8551,#1549);
#1175=LINE('',#8554,#1550);
#1176=LINE('',#8557,#1551);
#1177=LINE('',#8561,#1552);
#1178=LINE('',#8564,#1553);
#1179=LINE('',#8567,#1554);
#1180=LINE('',#8574,#1555);
#1181=LINE('',#8577,#1556);
#1182=LINE('',#8580,#1557);
#1183=LINE('',#8583,#1558);
#1184=LINE('',#8587,#1559);
#1185=LINE('',#8590,#1560);
#1186=LINE('',#8593,#1561);
#1187=LINE('',#8596,#1562);
#1188=LINE('',#8600,#1563);
#1189=LINE('',#8603,#1564);
#1190=LINE('',#8606,#1565);
#1191=LINE('',#8613,#1566);
#1192=LINE('',#8616,#1567);
#1193=LINE('',#8619,#1568);
#1194=LINE('',#8622,#1569);
#1195=LINE('',#8626,#1570);
#1196=LINE('',#8629,#1571);
#1197=LINE('',#8632,#1572);
#1198=LINE('',#8635,#1573);
#1199=LINE('',#8641,#1574);
#1200=LINE('',#8645,#1575);
#1201=LINE('',#8650,#1576);
#1202=LINE('',#8654,#1577);
#1203=LINE('',#8659,#1578);
#1204=LINE('',#8663,#1579);
#1205=LINE('',#8668,#1580);
#1206=LINE('',#8672,#1581);
#1207=LINE('',#8677,#1582);
#1208=LINE('',#8681,#1583);
#1209=LINE('',#8686,#1584);
#1210=LINE('',#8690,#1585);
#1211=LINE('',#8695,#1586);
#1212=LINE('',#8699,#1587);
#1213=LINE('',#8704,#1588);
#1214=LINE('',#8708,#1589);
#1215=LINE('',#8713,#1590);
#1216=LINE('',#8717,#1591);
#1217=LINE('',#8722,#1592);
#1218=LINE('',#8726,#1593);
#1219=LINE('',#8728,#1594);
#1220=LINE('',#8730,#1595);
#1221=LINE('',#8732,#1596);
#1222=LINE('',#8734,#1597);
#1223=LINE('',#8736,#1598);
#1224=LINE('',#8738,#1599);
#1225=LINE('',#8740,#1600);
#1226=LINE('',#8742,#1601);
#1227=LINE('',#8744,#1602);
#1228=LINE('',#8746,#1603);
#1229=LINE('',#8748,#1604);
#1230=LINE('',#8750,#1605);
#1231=LINE('',#8752,#1606);
#1232=LINE('',#8754,#1607);
#1233=LINE('',#8757,#1608);
#1234=LINE('',#8758,#1609);
#1235=LINE('',#8761,#1610);
#1236=LINE('',#8764,#1611);
#1237=LINE('',#8767,#1612);
#1238=LINE('',#8770,#1613);
#1239=LINE('',#8774,#1614);
#1240=LINE('',#8777,#1615);
#1241=LINE('',#8780,#1616);
#1242=LINE('',#8783,#1617);
#1243=LINE('',#8787,#1618);
#1244=LINE('',#8790,#1619);
#1245=LINE('',#8793,#1620);
#1246=LINE('',#8796,#1621);
#1247=LINE('',#8800,#1622);
#1248=LINE('',#8803,#1623);
#1249=LINE('',#8806,#1624);
#1250=LINE('',#8813,#1625);
#1251=LINE('',#8816,#1626);
#1252=LINE('',#8819,#1627);
#1253=LINE('',#8822,#1628);
#1254=LINE('',#8826,#1629);
#1255=LINE('',#8829,#1630);
#1256=LINE('',#8832,#1631);
#1257=LINE('',#8835,#1632);
#1258=LINE('',#8839,#1633);
#1259=LINE('',#8842,#1634);
#1260=LINE('',#8845,#1635);
#1261=LINE('',#8848,#1636);
#1262=LINE('',#8852,#1637);
#1263=LINE('',#8855,#1638);
#1264=LINE('',#8858,#1639);
#1265=LINE('',#8865,#1640);
#1266=LINE('',#8868,#1641);
#1267=LINE('',#8871,#1642);
#1268=LINE('',#8874,#1643);
#1269=LINE('',#8878,#1644);
#1270=LINE('',#8880,#1645);
#1271=LINE('',#8881,#1646);
#1272=LINE('',#8884,#1647);
#1273=LINE('',#8887,#1648);
#1274=LINE('',#8892,#1649);
#1275=LINE('',#8893,#1650);
#1276=LINE('',#8896,#1651);
#1277=LINE('',#8903,#1652);
#1278=LINE('',#8906,#1653);
#1279=LINE('',#8909,#1654);
#1280=LINE('',#8912,#1655);
#1281=LINE('',#8916,#1656);
#1282=LINE('',#8919,#1657);
#1283=LINE('',#8922,#1658);
#1284=LINE('',#8925,#1659);
#1285=LINE('',#8929,#1660);
#1286=LINE('',#8932,#1661);
#1287=LINE('',#8935,#1662);
#1288=LINE('',#8938,#1663);
#1289=LINE('',#8942,#1664);
#1290=LINE('',#8945,#1665);
#1291=LINE('',#8948,#1666);
#1292=LINE('',#8955,#1667);
#1293=LINE('',#8958,#1668);
#1294=LINE('',#8961,#1669);
#1295=LINE('',#8968,#1670);
#1296=LINE('',#8971,#1671);
#1297=LINE('',#8974,#1672);
#1298=LINE('',#8977,#1673);
#1299=LINE('',#8981,#1674);
#1300=LINE('',#8984,#1675);
#1301=LINE('',#8987,#1676);
#1302=LINE('',#8990,#1677);
#1303=LINE('',#8994,#1678);
#1304=LINE('',#8997,#1679);
#1305=LINE('',#9000,#1680);
#1306=LINE('',#9003,#1681);
#1307=LINE('',#9007,#1682);
#1308=LINE('',#9010,#1683);
#1309=LINE('',#9013,#1684);
#1310=LINE('',#9016,#1685);
#1311=LINE('',#9020,#1686);
#1312=LINE('',#9023,#1687);
#1313=LINE('',#9026,#1688);
#1314=LINE('',#9033,#1689);
#1315=LINE('',#9036,#1690);
#1316=LINE('',#9039,#1691);
#1317=LINE('',#9042,#1692);
#1318=LINE('',#9046,#1693);
#1319=LINE('',#9049,#1694);
#1320=LINE('',#9052,#1695);
#1321=LINE('',#9055,#1696);
#1322=LINE('',#9059,#1697);
#1323=LINE('',#9062,#1698);
#1324=LINE('',#9065,#1699);
#1325=LINE('',#9072,#1700);
#1326=LINE('',#9075,#1701);
#1327=LINE('',#9078,#1702);
#1328=LINE('',#9081,#1703);
#1329=LINE('',#9085,#1704);
#1330=LINE('',#9088,#1705);
#1331=LINE('',#9091,#1706);
#1332=LINE('',#9094,#1707);
#1333=LINE('',#9100,#1708);
#1334=LINE('',#9104,#1709);
#1335=LINE('',#9109,#1710);
#1336=LINE('',#9113,#1711);
#1337=LINE('',#9118,#1712);
#1338=LINE('',#9122,#1713);
#1339=LINE('',#9127,#1714);
#1340=LINE('',#9131,#1715);
#1341=LINE('',#9136,#1716);
#1342=LINE('',#9140,#1717);
#1343=LINE('',#9145,#1718);
#1344=LINE('',#9149,#1719);
#1345=LINE('',#9154,#1720);
#1346=LINE('',#9158,#1721);
#1347=LINE('',#9163,#1722);
#1348=LINE('',#9167,#1723);
#1349=LINE('',#9172,#1724);
#1350=LINE('',#9176,#1725);
#1351=LINE('',#9181,#1726);
#1352=LINE('',#9185,#1727);
#1353=LINE('',#9187,#1728);
#1354=LINE('',#9189,#1729);
#1355=LINE('',#9191,#1730);
#1356=LINE('',#9193,#1731);
#1357=LINE('',#9195,#1732);
#1358=LINE('',#9197,#1733);
#1359=LINE('',#9199,#1734);
#1360=LINE('',#9201,#1735);
#1361=LINE('',#9203,#1736);
#1362=LINE('',#9205,#1737);
#1363=LINE('',#9207,#1738);
#1364=LINE('',#9209,#1739);
#1365=LINE('',#9211,#1740);
#1366=LINE('',#9213,#1741);
#1367=VECTOR('',#5955,0.393700787401575);
#1368=VECTOR('',#5958,0.393700787401575);
#1369=VECTOR('',#5971,0.393700787401575);
#1370=VECTOR('',#5972,0.393700787401575);
#1371=VECTOR('',#5975,0.393700787401575);
#1372=VECTOR('',#5976,0.393700787401575);
#1373=VECTOR('',#5977,0.393700787401575);
#1374=VECTOR('',#5980,0.393700787401575);
#1375=VECTOR('',#5985,0.393700787401575);
#1376=VECTOR('',#5986,0.393700787401575);
#1377=VECTOR('',#5989,0.393700787401575);
#1378=VECTOR('',#5992,0.393700787401575);
#1379=VECTOR('',#5995,0.393700787401575);
#1380=VECTOR('',#6028,0.393700787401575);
#1381=VECTOR('',#6033,0.393700787401575);
#1382=VECTOR('',#6044,0.393700787401575);
#1383=VECTOR('',#6049,0.393700787401575);
#1384=VECTOR('',#6060,0.393700787401575);
#1385=VECTOR('',#6065,0.393700787401575);
#1386=VECTOR('',#6070,0.393700787401575);
#1387=VECTOR('',#6075,0.393700787401575);
#1388=VECTOR('',#6092,0.393700787401575);
#1389=VECTOR('',#6097,0.393700787401575);
#1390=VECTOR('',#6102,0.393700787401575);
#1391=VECTOR('',#6105,0.393700787401575);
#1392=VECTOR('',#6106,0.393700787401575);
#1393=VECTOR('',#6117,0.393700787401575);
#1394=VECTOR('',#6128,0.393700787401575);
#1395=VECTOR('',#6133,0.393700787401575);
#1396=VECTOR('',#6138,0.393700787401575);
#1397=VECTOR('',#6149,0.393700787401575);
#1398=VECTOR('',#6154,0.393700787401575);
#1399=VECTOR('',#6159,0.393700787401575);
#1400=VECTOR('',#6168,0.393700787401575);
#1401=VECTOR('',#6177,0.393700787401575);
#1402=VECTOR('',#6180,0.393700787401575);
#1403=VECTOR('',#6183,0.393700787401575);
#1404=VECTOR('',#6196,0.393700787401575);
#1405=VECTOR('',#6197,0.393700787401575);
#1406=VECTOR('',#6210,0.393700787401575);
#1407=VECTOR('',#6211,0.393700787401575);
#1408=VECTOR('',#6214,0.393700787401575);
#1409=VECTOR('',#6215,0.393700787401575);
#1410=VECTOR('',#6218,0.393700787401575);
#1411=VECTOR('',#6219,0.393700787401575);
#1412=VECTOR('',#6222,0.393700787401575);
#1413=VECTOR('',#6225,0.393700787401575);
#1414=VECTOR('',#6228,0.393700787401575);
#1415=VECTOR('',#6231,0.393700787401575);
#1416=VECTOR('',#6264,0.393700787401575);
#1417=VECTOR('',#6269,0.393700787401575);
#1418=VECTOR('',#6280,0.393700787401575);
#1419=VECTOR('',#6285,0.393700787401575);
#1420=VECTOR('',#6296,0.393700787401575);
#1421=VECTOR('',#6301,0.393700787401575);
#1422=VECTOR('',#6306,0.393700787401575);
#1423=VECTOR('',#6311,0.393700787401575);
#1424=VECTOR('',#6328,0.393700787401575);
#1425=VECTOR('',#6333,0.393700787401575);
#1426=VECTOR('',#6338,0.393700787401575);
#1427=VECTOR('',#6341,0.393700787401575);
#1428=VECTOR('',#6342,0.393700787401575);
#1429=VECTOR('',#6353,0.393700787401575);
#1430=VECTOR('',#6364,0.393700787401575);
#1431=VECTOR('',#6369,0.393700787401575);
#1432=VECTOR('',#6374,0.393700787401575);
#1433=VECTOR('',#6385,0.393700787401575);
#1434=VECTOR('',#6390,0.393700787401575);
#1435=VECTOR('',#6395,0.393700787401575);
#1436=VECTOR('',#6400,0.393700787401575);
#1437=VECTOR('',#6413,0.393700787401575);
#1438=VECTOR('',#6416,0.393700787401575);
#1439=VECTOR('',#6417,0.393700787401575);
#1440=VECTOR('',#6418,0.393700787401575);
#1441=VECTOR('',#6421,0.393700787401575);
#1442=VECTOR('',#6426,0.393700787401575);
#1443=VECTOR('',#6433,0.393700787401575);
#1444=VECTOR('',#6442,0.393700787401575);
#1445=VECTOR('',#6445,0.393700787401575);
#1446=VECTOR('',#6448,0.393700787401575);
#1447=VECTOR('',#6461,0.393700787401575);
#1448=VECTOR('',#6462,0.393700787401575);
#1449=VECTOR('',#6473,0.393700787401575);
#1450=VECTOR('',#6474,0.393700787401575);
#1451=VECTOR('',#6477,0.393700787401575);
#1452=VECTOR('',#6480,0.393700787401575);
#1453=VECTOR('',#6483,0.393700787401575);
#1454=VECTOR('',#6486,0.393700787401575);
#1455=VECTOR('',#6491,0.393700787401575);
#1456=VECTOR('',#6494,0.393700787401575);
#1457=VECTOR('',#6495,0.393700787401575);
#1458=VECTOR('',#6496,0.393700787401575);
#1459=VECTOR('',#6497,0.393700787401575);
#1460=VECTOR('',#6498,0.393700787401575);
#1461=VECTOR('',#6501,0.393700787401575);
#1462=VECTOR('',#6502,0.393700787401575);
#1463=VECTOR('',#6503,0.393700787401575);
#1464=VECTOR('',#6514,0.393700787401575);
#1465=VECTOR('',#6515,0.393700787401575);
#1466=VECTOR('',#6526,0.393700787401575);
#1467=VECTOR('',#6527,0.393700787401575);
#1468=VECTOR('',#6530,0.393700787401575);
#1469=VECTOR('',#6531,0.393700787401575);
#1470=VECTOR('',#6534,0.393700787401575);
#1471=VECTOR('',#6535,0.393700787401575);
#1472=VECTOR('',#6540,0.393700787401575);
#1473=VECTOR('',#6541,0.393700787401575);
#1474=VECTOR('',#6544,0.393700787401575);
#1475=VECTOR('',#6545,0.393700787401575);
#1476=VECTOR('',#6548,0.393700787401575);
#1477=VECTOR('',#6551,0.393700787401575);
#1478=VECTOR('',#6554,0.393700787401575);
#1479=VECTOR('',#6559,0.393700787401575);
#1480=VECTOR('',#6564,0.393700787401575);
#1481=VECTOR('',#6567,0.393700787401575);
#1482=VECTOR('',#6570,0.393700787401575);
#1483=VECTOR('',#6575,0.393700787401575);
#1484=VECTOR('',#6580,0.393700787401575);
#1485=VECTOR('',#6583,0.393700787401575);
#1486=VECTOR('',#6586,0.393700787401575);
#1487=VECTOR('',#6591,0.393700787401575);
#1488=VECTOR('',#6596,0.393700787401575);
#1489=VECTOR('',#6599,0.393700787401575);
#1490=VECTOR('',#6602,0.393700787401575);
#1491=VECTOR('',#6613,0.393700787401575);
#1492=VECTOR('',#6616,0.393700787401575);
#1493=VECTOR('',#6619,0.393700787401575);
#1494=VECTOR('',#6624,0.393700787401575);
#1495=VECTOR('',#6629,0.393700787401575);
#1496=VECTOR('',#6632,0.393700787401575);
#1497=VECTOR('',#6635,0.393700787401575);
#1498=VECTOR('',#6640,0.393700787401575);
#1499=VECTOR('',#6645,0.393700787401575);
#1500=VECTOR('',#6648,0.393700787401575);
#1501=VECTOR('',#6651,0.393700787401575);
#1502=VECTOR('',#6656,0.393700787401575);
#1503=VECTOR('',#6661,0.393700787401575);
#1504=VECTOR('',#6664,0.393700787401575);
#1505=VECTOR('',#6667,0.393700787401575);
#1506=VECTOR('',#6678,0.393700787401575);
#1507=VECTOR('',#6681,0.393700787401575);
#1508=VECTOR('',#6684,0.393700787401575);
#1509=VECTOR('',#6689,0.393700787401575);
#1510=VECTOR('',#6694,0.393700787401575);
#1511=VECTOR('',#6695,0.393700787401575);
#1512=VECTOR('',#6696,0.393700787401575);
#1513=VECTOR('',#6699,0.393700787401575);
#1514=VECTOR('',#6704,0.393700787401575);
#1515=VECTOR('',#6711,0.393700787401575);
#1516=VECTOR('',#6712,0.393700787401575);
#1517=VECTOR('',#6715,0.393700787401575);
#1518=VECTOR('',#6726,0.393700787401575);
#1519=VECTOR('',#6729,0.393700787401575);
#1520=VECTOR('',#6732,0.393700787401575);
#1521=VECTOR('',#6737,0.393700787401575);
#1522=VECTOR('',#6742,0.393700787401575);
#1523=VECTOR('',#6745,0.393700787401575);
#1524=VECTOR('',#6748,0.393700787401575);
#1525=VECTOR('',#6753,0.393700787401575);
#1526=VECTOR('',#6758,0.393700787401575);
#1527=VECTOR('',#6761,0.393700787401575);
#1528=VECTOR('',#6764,0.393700787401575);
#1529=VECTOR('',#6769,0.393700787401575);
#1530=VECTOR('',#6774,0.393700787401575);
#1531=VECTOR('',#6777,0.393700787401575);
#1532=VECTOR('',#6780,0.393700787401575);
#1533=VECTOR('',#6791,0.393700787401575);
#1534=VECTOR('',#6794,0.393700787401575);
#1535=VECTOR('',#6797,0.393700787401575);
#1536=VECTOR('',#6808,0.393700787401575);
#1537=VECTOR('',#6811,0.393700787401575);
#1538=VECTOR('',#6814,0.393700787401575);
#1539=VECTOR('',#6819,0.393700787401575);
#1540=VECTOR('',#6824,0.393700787401575);
#1541=VECTOR('',#6827,0.393700787401575);
#1542=VECTOR('',#6830,0.393700787401575);
#1543=VECTOR('',#6835,0.393700787401575);
#1544=VECTOR('',#6840,0.393700787401575);
#1545=VECTOR('',#6843,0.393700787401575);
#1546=VECTOR('',#6846,0.393700787401575);
#1547=VECTOR('',#6851,0.393700787401575);
#1548=VECTOR('',#6856,0.393700787401575);
#1549=VECTOR('',#6859,0.393700787401575);
#1550=VECTOR('',#6862,0.393700787401575);
#1551=VECTOR('',#6867,0.393700787401575);
#1552=VECTOR('',#6872,0.393700787401575);
#1553=VECTOR('',#6875,0.393700787401575);
#1554=VECTOR('',#6878,0.393700787401575);
#1555=VECTOR('',#6889,0.393700787401575);
#1556=VECTOR('',#6892,0.393700787401575);
#1557=VECTOR('',#6895,0.393700787401575);
#1558=VECTOR('',#6900,0.393700787401575);
#1559=VECTOR('',#6905,0.393700787401575);
#1560=VECTOR('',#6908,0.393700787401575);
#1561=VECTOR('',#6911,0.393700787401575);
#1562=VECTOR('',#6916,0.393700787401575);
#1563=VECTOR('',#6921,0.393700787401575);
#1564=VECTOR('',#6924,0.393700787401575);
#1565=VECTOR('',#6927,0.393700787401575);
#1566=VECTOR('',#6938,0.393700787401575);
#1567=VECTOR('',#6941,0.393700787401575);
#1568=VECTOR('',#6944,0.393700787401575);
#1569=VECTOR('',#6949,0.393700787401575);
#1570=VECTOR('',#6954,0.393700787401575);
#1571=VECTOR('',#6957,0.393700787401575);
#1572=VECTOR('',#6960,0.393700787401575);
#1573=VECTOR('',#6965,0.393700787401575);
#1574=VECTOR('',#6972,0.0505);
#1575=VECTOR('',#6977,0.101);
#1576=VECTOR('',#6982,0.0505);
#1577=VECTOR('',#6987,0.101);
#1578=VECTOR('',#6992,0.0505);
#1579=VECTOR('',#6997,0.101);
#1580=VECTOR('',#7002,0.0505);
#1581=VECTOR('',#7007,0.101);
#1582=VECTOR('',#7012,0.0505);
#1583=VECTOR('',#7017,0.101);
#1584=VECTOR('',#7022,0.0505);
#1585=VECTOR('',#7027,0.101);
#1586=VECTOR('',#7032,0.0505);
#1587=VECTOR('',#7037,0.101);
#1588=VECTOR('',#7042,0.0505);
#1589=VECTOR('',#7047,0.101);
#1590=VECTOR('',#7052,0.0505);
#1591=VECTOR('',#7057,0.101);
#1592=VECTOR('',#7062,0.0505);
#1593=VECTOR('',#7067,0.101);
#1594=VECTOR('',#7070,0.113);
#1595=VECTOR('',#7073,0.113);
#1596=VECTOR('',#7076,0.113);
#1597=VECTOR('',#7079,0.113);
#1598=VECTOR('',#7082,0.113);
#1599=VECTOR('',#7085,0.113);
#1600=VECTOR('',#7088,0.113);
#1601=VECTOR('',#7091,0.113);
#1602=VECTOR('',#7094,0.113);
#1603=VECTOR('',#7097,0.113);
#1604=VECTOR('',#7100,0.875);
#1605=VECTOR('',#7103,0.875);
#1606=VECTOR('',#7106,0.875);
#1607=VECTOR('',#7109,0.875);
#1608=VECTOR('',#7112,0.393700787401575);
#1609=VECTOR('',#7113,0.393700787401575);
#1610=VECTOR('',#7116,0.393700787401575);
#1611=VECTOR('',#7119,0.393700787401575);
#1612=VECTOR('',#7122,0.393700787401575);
#1613=VECTOR('',#7127,0.393700787401575);
#1614=VECTOR('',#7132,0.393700787401575);
#1615=VECTOR('',#7135,0.393700787401575);
#1616=VECTOR('',#7138,0.393700787401575);
#1617=VECTOR('',#7143,0.393700787401575);
#1618=VECTOR('',#7148,0.393700787401575);
#1619=VECTOR('',#7151,0.393700787401575);
#1620=VECTOR('',#7154,0.393700787401575);
#1621=VECTOR('',#7159,0.393700787401575);
#1622=VECTOR('',#7164,0.393700787401575);
#1623=VECTOR('',#7167,0.393700787401575);
#1624=VECTOR('',#7170,0.393700787401575);
#1625=VECTOR('',#7181,0.393700787401575);
#1626=VECTOR('',#7184,0.393700787401575);
#1627=VECTOR('',#7187,0.393700787401575);
#1628=VECTOR('',#7192,0.393700787401575);
#1629=VECTOR('',#7197,0.393700787401575);
#1630=VECTOR('',#7200,0.393700787401575);
#1631=VECTOR('',#7203,0.393700787401575);
#1632=VECTOR('',#7208,0.393700787401575);
#1633=VECTOR('',#7213,0.393700787401575);
#1634=VECTOR('',#7216,0.393700787401575);
#1635=VECTOR('',#7219,0.393700787401575);
#1636=VECTOR('',#7224,0.393700787401575);
#1637=VECTOR('',#7229,0.393700787401575);
#1638=VECTOR('',#7232,0.393700787401575);
#1639=VECTOR('',#7235,0.393700787401575);
#1640=VECTOR('',#7246,0.393700787401575);
#1641=VECTOR('',#7249,0.393700787401575);
#1642=VECTOR('',#7252,0.393700787401575);
#1643=VECTOR('',#7257,0.393700787401575);
#1644=VECTOR('',#7262,0.393700787401575);
#1645=VECTOR('',#7263,0.393700787401575);
#1646=VECTOR('',#7264,0.393700787401575);
#1647=VECTOR('',#7267,0.393700787401575);
#1648=VECTOR('',#7272,0.393700787401575);
#1649=VECTOR('',#7279,0.393700787401575);
#1650=VECTOR('',#7280,0.393700787401575);
#1651=VECTOR('',#7283,0.393700787401575);
#1652=VECTOR('',#7294,0.393700787401575);
#1653=VECTOR('',#7297,0.393700787401575);
#1654=VECTOR('',#7300,0.393700787401575);
#1655=VECTOR('',#7305,0.393700787401575);
#1656=VECTOR('',#7310,0.393700787401575);
#1657=VECTOR('',#7313,0.393700787401575);
#1658=VECTOR('',#7316,0.393700787401575);
#1659=VECTOR('',#7321,0.393700787401575);
#1660=VECTOR('',#7326,0.393700787401575);
#1661=VECTOR('',#7329,0.393700787401575);
#1662=VECTOR('',#7332,0.393700787401575);
#1663=VECTOR('',#7337,0.393700787401575);
#1664=VECTOR('',#7342,0.393700787401575);
#1665=VECTOR('',#7345,0.393700787401575);
#1666=VECTOR('',#7348,0.393700787401575);
#1667=VECTOR('',#7359,0.393700787401575);
#1668=VECTOR('',#7362,0.393700787401575);
#1669=VECTOR('',#7365,0.393700787401575);
#1670=VECTOR('',#7376,0.393700787401575);
#1671=VECTOR('',#7379,0.393700787401575);
#1672=VECTOR('',#7382,0.393700787401575);
#1673=VECTOR('',#7387,0.393700787401575);
#1674=VECTOR('',#7392,0.393700787401575);
#1675=VECTOR('',#7395,0.393700787401575);
#1676=VECTOR('',#7398,0.393700787401575);
#1677=VECTOR('',#7403,0.393700787401575);
#1678=VECTOR('',#7408,0.393700787401575);
#1679=VECTOR('',#7411,0.393700787401575);
#1680=VECTOR('',#7414,0.393700787401575);
#1681=VECTOR('',#7419,0.393700787401575);
#1682=VECTOR('',#7424,0.393700787401575);
#1683=VECTOR('',#7427,0.393700787401575);
#1684=VECTOR('',#7430,0.393700787401575);
#1685=VECTOR('',#7435,0.393700787401575);
#1686=VECTOR('',#7440,0.393700787401575);
#1687=VECTOR('',#7443,0.393700787401575);
#1688=VECTOR('',#7446,0.393700787401575);
#1689=VECTOR('',#7457,0.393700787401575);
#1690=VECTOR('',#7460,0.393700787401575);
#1691=VECTOR('',#7463,0.393700787401575);
#1692=VECTOR('',#7468,0.393700787401575);
#1693=VECTOR('',#7473,0.393700787401575);
#1694=VECTOR('',#7476,0.393700787401575);
#1695=VECTOR('',#7479,0.393700787401575);
#1696=VECTOR('',#7484,0.393700787401575);
#1697=VECTOR('',#7489,0.393700787401575);
#1698=VECTOR('',#7492,0.393700787401575);
#1699=VECTOR('',#7495,0.393700787401575);
#1700=VECTOR('',#7506,0.393700787401575);
#1701=VECTOR('',#7509,0.393700787401575);
#1702=VECTOR('',#7512,0.393700787401575);
#1703=VECTOR('',#7517,0.393700787401575);
#1704=VECTOR('',#7522,0.393700787401575);
#1705=VECTOR('',#7525,0.393700787401575);
#1706=VECTOR('',#7528,0.393700787401575);
#1707=VECTOR('',#7533,0.393700787401575);
#1708=VECTOR('',#7540,0.0505);
#1709=VECTOR('',#7545,0.101);
#1710=VECTOR('',#7550,0.0505);
#1711=VECTOR('',#7555,0.101);
#1712=VECTOR('',#7560,0.0505);
#1713=VECTOR('',#7565,0.101);
#1714=VECTOR('',#7570,0.0505);
#1715=VECTOR('',#7575,0.101);
#1716=VECTOR('',#7580,0.0505);
#1717=VECTOR('',#7585,0.101);
#1718=VECTOR('',#7590,0.0505);
#1719=VECTOR('',#7595,0.101);
#1720=VECTOR('',#7600,0.0505);
#1721=VECTOR('',#7605,0.101);
#1722=VECTOR('',#7610,0.0505);
#1723=VECTOR('',#7615,0.101);
#1724=VECTOR('',#7620,0.0505);
#1725=VECTOR('',#7625,0.101);
#1726=VECTOR('',#7630,0.0505);
#1727=VECTOR('',#7635,0.101);
#1728=VECTOR('',#7638,0.113);
#1729=VECTOR('',#7641,0.113);
#1730=VECTOR('',#7644,0.113);
#1731=VECTOR('',#7647,0.113);
#1732=VECTOR('',#7650,0.113);
#1733=VECTOR('',#7653,0.113);
#1734=VECTOR('',#7656,0.113);
#1735=VECTOR('',#7659,0.113);
#1736=VECTOR('',#7662,0.113);
#1737=VECTOR('',#7665,0.113);
#1738=VECTOR('',#7668,0.875);
#1739=VECTOR('',#7671,0.875);
#1740=VECTOR('',#7674,0.875);
#1741=VECTOR('',#7677,0.875);
#1742=CIRCLE('',#5271,0.25);
#1743=CIRCLE('',#5272,0.25);
#1744=CIRCLE('',#5274,0.25);
#1745=CIRCLE('',#5275,0.5);
#1746=CIRCLE('',#5276,0.25);
#1747=CIRCLE('',#5278,0.25);
#1748=CIRCLE('',#5281,0.25);
#1749=CIRCLE('',#5284,0.25);
#1750=CIRCLE('',#5285,0.25);
#1751=CIRCLE('',#5286,0.25);
#1752=CIRCLE('',#5287,0.875);
#1753=CIRCLE('',#5288,0.875);
#1754=CIRCLE('',#5289,0.875);
#1755=CIRCLE('',#5290,0.875);
#1756=CIRCLE('',#5291,0.124999999999999);
#1757=CIRCLE('',#5292,0.124999999999999);
#1758=CIRCLE('',#5293,0.124999999999999);
#1759=CIRCLE('',#5294,0.125);
#1760=CIRCLE('',#5295,0.125);
#1761=CIRCLE('',#5296,0.125);
#1762=CIRCLE('',#5297,0.125);
#1763=CIRCLE('',#5298,0.125);
#1764=CIRCLE('',#5299,0.124999999999999);
#1765=CIRCLE('',#5300,0.124999999999999);
#1766=CIRCLE('',#5301,0.1875);
#1767=CIRCLE('',#5302,1.03);
#1768=CIRCLE('',#5303,1.03);
#1769=CIRCLE('',#5304,0.1875);
#1770=CIRCLE('',#5305,1.03);
#1771=CIRCLE('',#5306,1.03);
#1772=CIRCLE('',#5307,0.1875);
#1773=CIRCLE('',#5308,1.03);
#1774=CIRCLE('',#5309,0.1875);
#1775=CIRCLE('',#5310,0.1875);
#1776=CIRCLE('',#5311,1.03);
#1777=CIRCLE('',#5312,1.03);
#1778=CIRCLE('',#5313,1.03);
#1779=CIRCLE('',#5314,0.1875);
#1780=CIRCLE('',#5315,1.03);
#1781=CIRCLE('',#5316,0.1875);
#1782=CIRCLE('',#5317,0.1875);
#1783=CIRCLE('',#5318,1.03);
#1784=CIRCLE('',#5319,1.03);
#1785=CIRCLE('',#5320,0.1875);
#1786=CIRCLE('',#5321,0.1875);
#1787=CIRCLE('',#5322,1.03);
#1788=CIRCLE('',#5323,1.03);
#1789=CIRCLE('',#5324,1.03);
#1790=CIRCLE('',#5325,0.1875);
#1791=CIRCLE('',#5326,1.03);
#1792=CIRCLE('',#5327,1.03);
#1793=CIRCLE('',#5328,0.1875);
#1794=CIRCLE('',#5329,1.03);
#1795=CIRCLE('',#5330,0.1875);
#1796=CIRCLE('',#5331,0.1875);
#1797=CIRCLE('',#5332,1.03);
#1798=CIRCLE('',#5333,0.1875);
#1799=CIRCLE('',#5334,1.03);
#1800=CIRCLE('',#5335,0.1875);
#1801=CIRCLE('',#5336,1.03);
#1802=CIRCLE('',#5337,1.03);
#1803=CIRCLE('',#5338,0.1875);
#1804=CIRCLE('',#5339,0.1875);
#1805=CIRCLE('',#5340,1.03);
#1806=CIRCLE('',#5341,1.03);
#1807=CIRCLE('',#5342,1.03);
#1808=CIRCLE('',#5343,0.1875);
#1809=CIRCLE('',#5344,1.03);
#1810=CIRCLE('',#5345,0.1875);
#1811=CIRCLE('',#5346,0.1875);
#1812=CIRCLE('',#5347,1.03);
#1813=CIRCLE('',#5348,1.03);
#1814=CIRCLE('',#5349,0.1875);
#1815=CIRCLE('',#5350,1.03);
#1816=CIRCLE('',#5351,1.03);
#1817=CIRCLE('',#5352,0.1875);
#1818=CIRCLE('',#5353,1.03);
#1819=CIRCLE('',#5354,0.1875);
#1820=CIRCLE('',#5355,1.03);
#1821=CIRCLE('',#5356,0.1875);
#1822=CIRCLE('',#5357,0.1875);
#1823=CIRCLE('',#5358,1.03);
#1824=CIRCLE('',#5360,0.25);
#1825=CIRCLE('',#5361,0.25);
#1826=CIRCLE('',#5363,0.25);
#1827=CIRCLE('',#5364,0.5);
#1828=CIRCLE('',#5367,0.25);
#1829=CIRCLE('',#5369,0.249999999999999);
#1830=CIRCLE('',#5370,0.5);
#1831=CIRCLE('',#5371,0.25);
#1832=CIRCLE('',#5373,0.25);
#1833=CIRCLE('',#5375,0.25);
#1834=CIRCLE('',#5376,0.5);
#1835=CIRCLE('',#5377,0.25);
#1836=CIRCLE('',#5379,0.25);
#1837=CIRCLE('',#5381,0.5);
#1838=CIRCLE('',#5382,0.875);
#1839=CIRCLE('',#5384,0.25);
#1840=CIRCLE('',#5385,0.25);
#1841=CIRCLE('',#5386,0.25);
#1842=CIRCLE('',#5387,0.875);
#1843=CIRCLE('',#5388,0.875);
#1844=CIRCLE('',#5389,0.875);
#1845=CIRCLE('',#5390,0.875);
#1846=CIRCLE('',#5391,0.124999999999999);
#1847=CIRCLE('',#5392,0.124999999999999);
#1848=CIRCLE('',#5393,0.124999999999999);
#1849=CIRCLE('',#5394,0.125);
#1850=CIRCLE('',#5395,0.125);
#1851=CIRCLE('',#5396,0.125);
#1852=CIRCLE('',#5397,0.125);
#1853=CIRCLE('',#5398,0.125);
#1854=CIRCLE('',#5399,0.124999999999999);
#1855=CIRCLE('',#5400,0.124999999999999);
#1856=CIRCLE('',#5401,0.1875);
#1857=CIRCLE('',#5402,1.03);
#1858=CIRCLE('',#5403,1.03);
#1859=CIRCLE('',#5404,0.1875);
#1860=CIRCLE('',#5405,1.03);
#1861=CIRCLE('',#5406,1.03);
#1862=CIRCLE('',#5407,0.1875);
#1863=CIRCLE('',#5408,1.03);
#1864=CIRCLE('',#5409,0.1875);
#1865=CIRCLE('',#5410,0.1875);
#1866=CIRCLE('',#5411,1.03);
#1867=CIRCLE('',#5412,1.03);
#1868=CIRCLE('',#5413,1.03);
#1869=CIRCLE('',#5414,0.1875);
#1870=CIRCLE('',#5415,1.03);
#1871=CIRCLE('',#5416,0.1875);
#1872=CIRCLE('',#5417,0.1875);
#1873=CIRCLE('',#5418,1.03);
#1874=CIRCLE('',#5419,1.03);
#1875=CIRCLE('',#5420,0.1875);
#1876=CIRCLE('',#5421,0.1875);
#1877=CIRCLE('',#5422,1.03);
#1878=CIRCLE('',#5423,1.03);
#1879=CIRCLE('',#5424,1.03);
#1880=CIRCLE('',#5425,0.1875);
#1881=CIRCLE('',#5426,1.03);
#1882=CIRCLE('',#5427,1.03);
#1883=CIRCLE('',#5428,0.1875);
#1884=CIRCLE('',#5429,1.03);
#1885=CIRCLE('',#5430,0.1875);
#1886=CIRCLE('',#5431,0.1875);
#1887=CIRCLE('',#5432,1.03);
#1888=CIRCLE('',#5433,0.1875);
#1889=CIRCLE('',#5434,1.03);
#1890=CIRCLE('',#5435,0.1875);
#1891=CIRCLE('',#5436,1.03);
#1892=CIRCLE('',#5437,1.03);
#1893=CIRCLE('',#5438,0.1875);
#1894=CIRCLE('',#5439,0.1875);
#1895=CIRCLE('',#5440,1.03);
#1896=CIRCLE('',#5441,1.03);
#1897=CIRCLE('',#5442,1.03);
#1898=CIRCLE('',#5443,0.1875);
#1899=CIRCLE('',#5444,1.03);
#1900=CIRCLE('',#5445,0.1875);
#1901=CIRCLE('',#5446,0.1875);
#1902=CIRCLE('',#5447,1.03);
#1903=CIRCLE('',#5448,1.03);
#1904=CIRCLE('',#5449,0.1875);
#1905=CIRCLE('',#5450,1.03);
#1906=CIRCLE('',#5451,1.03);
#1907=CIRCLE('',#5452,0.1875);
#1908=CIRCLE('',#5453,1.03);
#1909=CIRCLE('',#5454,0.1875);
#1910=CIRCLE('',#5455,1.03);
#1911=CIRCLE('',#5456,0.1875);
#1912=CIRCLE('',#5457,0.1875);
#1913=CIRCLE('',#5458,1.03);
#1914=CIRCLE('',#5460,0.249999999999999);
#1915=CIRCLE('',#5462,0.25);
#1916=CIRCLE('',#5463,0.25);
#1917=CIRCLE('',#5465,0.25);
#1918=CIRCLE('',#5468,0.25);
#1919=CIRCLE('',#5471,0.25);
#1920=CIRCLE('',#5472,0.25);
#1921=CIRCLE('',#5474,0.25);
#1922=CIRCLE('',#5475,0.5);
#1923=CIRCLE('',#5478,0.25);
#1924=CIRCLE('',#5480,0.249999999999999);
#1925=CIRCLE('',#5481,0.5);
#1926=CIRCLE('',#5482,0.25);
#1927=CIRCLE('',#5484,0.25);
#1928=CIRCLE('',#5486,0.25);
#1929=CIRCLE('',#5487,0.5);
#1930=CIRCLE('',#5488,0.25);
#1931=CIRCLE('',#5496,0.875);
#1932=CIRCLE('',#5498,0.875);
#1933=CIRCLE('',#5499,0.875);
#1934=CIRCLE('',#5500,0.875);
#1935=CIRCLE('',#5501,0.875);
#1936=CIRCLE('',#5503,0.875);
#1937=CIRCLE('',#5504,0.875);
#1938=CIRCLE('',#5505,0.875);
#1939=CIRCLE('',#5506,0.875);
#1940=CIRCLE('',#5510,0.875);
#1941=CIRCLE('',#5514,0.1875);
#1942=CIRCLE('',#5516,1.03);
#1943=CIRCLE('',#5520,1.03);
#1944=CIRCLE('',#5522,0.1875);
#1945=CIRCLE('',#5526,1.03);
#1946=CIRCLE('',#5528,0.1875);
#1947=CIRCLE('',#5532,1.03);
#1948=CIRCLE('',#5534,0.1875);
#1949=CIRCLE('',#5536,1.03);
#1950=CIRCLE('',#5539,1.03);
#1951=CIRCLE('',#5541,0.1875);
#1952=CIRCLE('',#5545,0.1875);
#1953=CIRCLE('',#5547,1.03);
#1954=CIRCLE('',#5551,1.03);
#1955=CIRCLE('',#5553,0.1875);
#1956=CIRCLE('',#5557,1.03);
#1957=CIRCLE('',#5559,0.1875);
#1958=CIRCLE('',#5561,1.03);
#1959=CIRCLE('',#5564,0.1875);
#1960=CIRCLE('',#5566,1.03);
#1961=CIRCLE('',#5571,0.1875);
#1962=CIRCLE('',#5573,1.03);
#1963=CIRCLE('',#5577,1.03);
#1964=CIRCLE('',#5579,0.1875);
#1965=CIRCLE('',#5582,0.1875);
#1966=CIRCLE('',#5584,1.03);
#1967=CIRCLE('',#5588,0.1875);
#1968=CIRCLE('',#5590,1.03);
#1969=CIRCLE('',#5594,1.03);
#1970=CIRCLE('',#5596,0.1875);
#1971=CIRCLE('',#5600,1.03);
#1972=CIRCLE('',#5602,0.1875);
#1973=CIRCLE('',#5604,1.03);
#1974=CIRCLE('',#5607,1.03);
#1975=CIRCLE('',#5609,0.1875);
#1976=CIRCLE('',#5611,1.03);
#1977=CIRCLE('',#5614,0.1875);
#1978=CIRCLE('',#5616,1.03);
#1979=CIRCLE('',#5620,1.03);
#1980=CIRCLE('',#5622,0.1875);
#1981=CIRCLE('',#5626,0.1875);
#1982=CIRCLE('',#5628,1.03);
#1983=CIRCLE('',#5632,1.03);
#1984=CIRCLE('',#5634,0.1875);
#1985=CIRCLE('',#5638,1.03);
#1986=CIRCLE('',#5640,0.1875);
#1987=CIRCLE('',#5642,1.03);
#1988=CIRCLE('',#5645,0.1875);
#1989=CIRCLE('',#5647,1.03);
#1990=CIRCLE('',#5651,1.03);
#1991=CIRCLE('',#5653,0.1875);
#1992=CIRCLE('',#5657,1.03);
#1993=CIRCLE('',#5659,0.1875);
#1994=CIRCLE('',#5661,1.03);
#1995=CIRCLE('',#5664,1.03);
#1996=CIRCLE('',#5666,0.1875);
#1997=CIRCLE('',#5670,0.1875);
#1998=CIRCLE('',#5672,1.03);
#1999=CIRCLE('',#5676,0.10075);
#2000=CIRCLE('',#5678,0.10075);
#2001=CIRCLE('',#5680,0.10075);
#2002=CIRCLE('',#5682,0.10075);
#2003=CIRCLE('',#5684,0.10075);
#2004=CIRCLE('',#5686,0.10075);
#2005=CIRCLE('',#5688,0.10075);
#2006=CIRCLE('',#5690,0.10075);
#2007=CIRCLE('',#5692,0.10075);
#2008=CIRCLE('',#5694,0.10075);
#2009=CIRCLE('',#5696,0.10075);
#2010=CIRCLE('',#5698,0.10075);
#2011=CIRCLE('',#5700,0.10075);
#2012=CIRCLE('',#5702,0.10075);
#2013=CIRCLE('',#5704,0.10075);
#2014=CIRCLE('',#5706,0.10075);
#2015=CIRCLE('',#5708,0.10075);
#2016=CIRCLE('',#5710,0.10075);
#2017=CIRCLE('',#5712,0.10075);
#2018=CIRCLE('',#5714,0.10075);
#2019=CIRCLE('',#5731,0.1875);
#2020=CIRCLE('',#5733,1.03);
#2021=CIRCLE('',#5737,1.03);
#2022=CIRCLE('',#5739,0.1875);
#2023=CIRCLE('',#5743,1.03);
#2024=CIRCLE('',#5745,0.1875);
#2025=CIRCLE('',#5749,1.03);
#2026=CIRCLE('',#5751,0.1875);
#2027=CIRCLE('',#5753,1.03);
#2028=CIRCLE('',#5756,1.03);
#2029=CIRCLE('',#5758,0.1875);
#2030=CIRCLE('',#5762,0.1875);
#2031=CIRCLE('',#5764,1.03);
#2032=CIRCLE('',#5768,1.03);
#2033=CIRCLE('',#5770,0.1875);
#2034=CIRCLE('',#5774,1.03);
#2035=CIRCLE('',#5776,0.1875);
#2036=CIRCLE('',#5778,1.03);
#2037=CIRCLE('',#5781,0.1875);
#2038=CIRCLE('',#5783,1.03);
#2039=CIRCLE('',#5788,0.1875);
#2040=CIRCLE('',#5790,1.03);
#2041=CIRCLE('',#5794,1.03);
#2042=CIRCLE('',#5796,0.1875);
#2043=CIRCLE('',#5799,0.1875);
#2044=CIRCLE('',#5801,1.03);
#2045=CIRCLE('',#5805,0.1875);
#2046=CIRCLE('',#5807,1.03);
#2047=CIRCLE('',#5811,1.03);
#2048=CIRCLE('',#5813,0.1875);
#2049=CIRCLE('',#5817,1.03);
#2050=CIRCLE('',#5819,0.1875);
#2051=CIRCLE('',#5821,1.03);
#2052=CIRCLE('',#5824,1.03);
#2053=CIRCLE('',#5826,0.1875);
#2054=CIRCLE('',#5828,1.03);
#2055=CIRCLE('',#5831,0.1875);
#2056=CIRCLE('',#5833,1.03);
#2057=CIRCLE('',#5837,1.03);
#2058=CIRCLE('',#5839,0.1875);
#2059=CIRCLE('',#5843,0.1875);
#2060=CIRCLE('',#5845,1.03);
#2061=CIRCLE('',#5849,1.03);
#2062=CIRCLE('',#5851,0.1875);
#2063=CIRCLE('',#5855,1.03);
#2064=CIRCLE('',#5857,0.1875);
#2065=CIRCLE('',#5859,1.03);
#2066=CIRCLE('',#5862,0.1875);
#2067=CIRCLE('',#5864,1.03);
#2068=CIRCLE('',#5868,1.03);
#2069=CIRCLE('',#5870,0.1875);
#2070=CIRCLE('',#5874,1.03);
#2071=CIRCLE('',#5876,0.1875);
#2072=CIRCLE('',#5878,1.03);
#2073=CIRCLE('',#5881,1.03);
#2074=CIRCLE('',#5883,0.1875);
#2075=CIRCLE('',#5887,0.1875);
#2076=CIRCLE('',#5889,1.03);
#2077=CIRCLE('',#5893,0.10075);
#2078=CIRCLE('',#5895,0.10075);
#2079=CIRCLE('',#5897,0.10075);
#2080=CIRCLE('',#5899,0.10075);
#2081=CIRCLE('',#5901,0.10075);
#2082=CIRCLE('',#5903,0.10075);
#2083=CIRCLE('',#5905,0.10075);
#2084=CIRCLE('',#5907,0.10075);
#2085=CIRCLE('',#5909,0.10075);
#2086=CIRCLE('',#5911,0.10075);
#2087=CIRCLE('',#5913,0.10075);
#2088=CIRCLE('',#5915,0.10075);
#2089=CIRCLE('',#5917,0.10075);
#2090=CIRCLE('',#5919,0.10075);
#2091=CIRCLE('',#5921,0.10075);
#2092=CIRCLE('',#5923,0.10075);
#2093=CIRCLE('',#5925,0.10075);
#2094=CIRCLE('',#5927,0.10075);
#2095=CIRCLE('',#5929,0.10075);
#2096=CIRCLE('',#5931,0.10075);
#2097=CIRCLE('',#5947,0.875);
#2098=VERTEX_POINT('',#7686);
#2099=VERTEX_POINT('',#7687);
#2100=VERTEX_POINT('',#7689);
#2101=VERTEX_POINT('',#7691);
#2102=VERTEX_POINT('',#7695);
#2103=VERTEX_POINT('',#7696);
#2104=VERTEX_POINT('',#7701);
#2105=VERTEX_POINT('',#7702);
#2106=VERTEX_POINT('',#7707);
#2107=VERTEX_POINT('',#7709);
#2108=VERTEX_POINT('',#7713);
#2109=VERTEX_POINT('',#7717);
#2110=VERTEX_POINT('',#7721);
#2111=VERTEX_POINT('',#7723);
#2112=VERTEX_POINT('',#7725);
#2113=VERTEX_POINT('',#7727);
#2114=VERTEX_POINT('',#7729);
#2115=VERTEX_POINT('',#7732);
#2116=VERTEX_POINT('',#7734);
#2117=VERTEX_POINT('',#7736);
#2118=VERTEX_POINT('',#7738);
#2119=VERTEX_POINT('',#7740);
#2120=VERTEX_POINT('',#7742);
#2121=VERTEX_POINT('',#7744);
#2122=VERTEX_POINT('',#7746);
#2123=VERTEX_POINT('',#7748);
#2124=VERTEX_POINT('',#7750);
#2125=VERTEX_POINT('',#7752);
#2126=VERTEX_POINT('',#7754);
#2127=VERTEX_POINT('',#7756);
#2128=VERTEX_POINT('',#7758);
#2129=VERTEX_POINT('',#7760);
#2130=VERTEX_POINT('',#7761);
#2131=VERTEX_POINT('',#7763);
#2132=VERTEX_POINT('',#7766);
#2133=VERTEX_POINT('',#7767);
#2134=VERTEX_POINT('',#7769);
#2135=VERTEX_POINT('',#7772);
#2136=VERTEX_POINT('',#7773);
#2137=VERTEX_POINT('',#7775);
#2138=VERTEX_POINT('',#7778);
#2139=VERTEX_POINT('',#7779);
#2140=VERTEX_POINT('',#7781);
#2141=VERTEX_POINT('',#7784);
#2142=VERTEX_POINT('',#7785);
#2143=VERTEX_POINT('',#7787);
#2144=VERTEX_POINT('',#7790);
#2145=VERTEX_POINT('',#7791);
#2146=VERTEX_POINT('',#7793);
#2147=VERTEX_POINT('',#7796);
#2148=VERTEX_POINT('',#7797);
#2149=VERTEX_POINT('',#7799);
#2150=VERTEX_POINT('',#7802);
#2151=VERTEX_POINT('',#7803);
#2152=VERTEX_POINT('',#7805);
#2153=VERTEX_POINT('',#7808);
#2154=VERTEX_POINT('',#7809);
#2155=VERTEX_POINT('',#7811);
#2156=VERTEX_POINT('',#7814);
#2157=VERTEX_POINT('',#7815);
#2158=VERTEX_POINT('',#7817);
#2159=VERTEX_POINT('',#7820);
#2160=VERTEX_POINT('',#7821);
#2161=VERTEX_POINT('',#7823);
#2162=VERTEX_POINT('',#7826);
#2163=VERTEX_POINT('',#7827);
#2164=VERTEX_POINT('',#7829);
#2165=VERTEX_POINT('',#7832);
#2166=VERTEX_POINT('',#7833);
#2167=VERTEX_POINT('',#7835);
#2168=VERTEX_POINT('',#7838);
#2169=VERTEX_POINT('',#7839);
#2170=VERTEX_POINT('',#7841);
#2171=VERTEX_POINT('',#7844);
#2172=VERTEX_POINT('',#7845);
#2173=VERTEX_POINT('',#7847);
#2174=VERTEX_POINT('',#7850);
#2175=VERTEX_POINT('',#7851);
#2176=VERTEX_POINT('',#7853);
#2177=VERTEX_POINT('',#7855);
#2178=VERTEX_POINT('',#7858);
#2179=VERTEX_POINT('',#7861);
#2180=VERTEX_POINT('',#7862);
#2181=VERTEX_POINT('',#7864);
#2182=VERTEX_POINT('',#7867);
#2183=VERTEX_POINT('',#7868);
#2184=VERTEX_POINT('',#7870);
#2185=VERTEX_POINT('',#7873);
#2186=VERTEX_POINT('',#7874);
#2187=VERTEX_POINT('',#7876);
#2188=VERTEX_POINT('',#7879);
#2189=VERTEX_POINT('',#7880);
#2190=VERTEX_POINT('',#7882);
#2191=VERTEX_POINT('',#7885);
#2192=VERTEX_POINT('',#7886);
#2193=VERTEX_POINT('',#7888);
#2194=VERTEX_POINT('',#7891);
#2195=VERTEX_POINT('',#7892);
#2196=VERTEX_POINT('',#7894);
#2197=VERTEX_POINT('',#7897);
#2198=VERTEX_POINT('',#7898);
#2199=VERTEX_POINT('',#7900);
#2200=VERTEX_POINT('',#7903);
#2201=VERTEX_POINT('',#7904);
#2202=VERTEX_POINT('',#7906);
#2203=VERTEX_POINT('',#7909);
#2204=VERTEX_POINT('',#7910);
#2205=VERTEX_POINT('',#7912);
#2206=VERTEX_POINT('',#7916);
#2207=VERTEX_POINT('',#7918);
#2208=VERTEX_POINT('',#7922);
#2209=VERTEX_POINT('',#7928);
#2210=VERTEX_POINT('',#7930);
#2211=VERTEX_POINT('',#7934);
#2212=VERTEX_POINT('',#7935);
#2213=VERTEX_POINT('',#7940);
#2214=VERTEX_POINT('',#7941);
#2215=VERTEX_POINT('',#7946);
#2216=VERTEX_POINT('',#7947);
#2217=VERTEX_POINT('',#7952);
#2218=VERTEX_POINT('',#7953);
#2219=VERTEX_POINT('',#7958);
#2220=VERTEX_POINT('',#7960);
#2221=VERTEX_POINT('',#7962);
#2222=VERTEX_POINT('',#7964);
#2223=VERTEX_POINT('',#7966);
#2224=VERTEX_POINT('',#7968);
#2225=VERTEX_POINT('',#7972);
#2226=VERTEX_POINT('',#7974);
#2227=VERTEX_POINT('',#7976);
#2228=VERTEX_POINT('',#7978);
#2229=VERTEX_POINT('',#7980);
#2230=VERTEX_POINT('',#7983);
#2231=VERTEX_POINT('',#7985);
#2232=VERTEX_POINT('',#7987);
#2233=VERTEX_POINT('',#7989);
#2234=VERTEX_POINT('',#7991);
#2235=VERTEX_POINT('',#7993);
#2236=VERTEX_POINT('',#7995);
#2237=VERTEX_POINT('',#7997);
#2238=VERTEX_POINT('',#7999);
#2239=VERTEX_POINT('',#8001);
#2240=VERTEX_POINT('',#8003);
#2241=VERTEX_POINT('',#8005);
#2242=VERTEX_POINT('',#8007);
#2243=VERTEX_POINT('',#8009);
#2244=VERTEX_POINT('',#8011);
#2245=VERTEX_POINT('',#8012);
#2246=VERTEX_POINT('',#8014);
#2247=VERTEX_POINT('',#8017);
#2248=VERTEX_POINT('',#8018);
#2249=VERTEX_POINT('',#8020);
#2250=VERTEX_POINT('',#8023);
#2251=VERTEX_POINT('',#8024);
#2252=VERTEX_POINT('',#8026);
#2253=VERTEX_POINT('',#8029);
#2254=VERTEX_POINT('',#8030);
#2255=VERTEX_POINT('',#8032);
#2256=VERTEX_POINT('',#8035);
#2257=VERTEX_POINT('',#8036);
#2258=VERTEX_POINT('',#8038);
#2259=VERTEX_POINT('',#8041);
#2260=VERTEX_POINT('',#8042);
#2261=VERTEX_POINT('',#8044);
#2262=VERTEX_POINT('',#8047);
#2263=VERTEX_POINT('',#8048);
#2264=VERTEX_POINT('',#8050);
#2265=VERTEX_POINT('',#8053);
#2266=VERTEX_POINT('',#8054);
#2267=VERTEX_POINT('',#8056);
#2268=VERTEX_POINT('',#8059);
#2269=VERTEX_POINT('',#8060);
#2270=VERTEX_POINT('',#8062);
#2271=VERTEX_POINT('',#8065);
#2272=VERTEX_POINT('',#8066);
#2273=VERTEX_POINT('',#8068);
#2274=VERTEX_POINT('',#8071);
#2275=VERTEX_POINT('',#8072);
#2276=VERTEX_POINT('',#8074);
#2277=VERTEX_POINT('',#8077);
#2278=VERTEX_POINT('',#8078);
#2279=VERTEX_POINT('',#8080);
#2280=VERTEX_POINT('',#8083);
#2281=VERTEX_POINT('',#8084);
#2282=VERTEX_POINT('',#8086);
#2283=VERTEX_POINT('',#8089);
#2284=VERTEX_POINT('',#8090);
#2285=VERTEX_POINT('',#8092);
#2286=VERTEX_POINT('',#8095);
#2287=VERTEX_POINT('',#8096);
#2288=VERTEX_POINT('',#8098);
#2289=VERTEX_POINT('',#8101);
#2290=VERTEX_POINT('',#8102);
#2291=VERTEX_POINT('',#8104);
#2292=VERTEX_POINT('',#8106);
#2293=VERTEX_POINT('',#8109);
#2294=VERTEX_POINT('',#8112);
#2295=VERTEX_POINT('',#8113);
#2296=VERTEX_POINT('',#8115);
#2297=VERTEX_POINT('',#8118);
#2298=VERTEX_POINT('',#8119);
#2299=VERTEX_POINT('',#8121);
#2300=VERTEX_POINT('',#8124);
#2301=VERTEX_POINT('',#8125);
#2302=VERTEX_POINT('',#8127);
#2303=VERTEX_POINT('',#8130);
#2304=VERTEX_POINT('',#8131);
#2305=VERTEX_POINT('',#8133);
#2306=VERTEX_POINT('',#8136);
#2307=VERTEX_POINT('',#8137);
#2308=VERTEX_POINT('',#8139);
#2309=VERTEX_POINT('',#8142);
#2310=VERTEX_POINT('',#8143);
#2311=VERTEX_POINT('',#8145);
#2312=VERTEX_POINT('',#8148);
#2313=VERTEX_POINT('',#8149);
#2314=VERTEX_POINT('',#8151);
#2315=VERTEX_POINT('',#8154);
#2316=VERTEX_POINT('',#8155);
#2317=VERTEX_POINT('',#8157);
#2318=VERTEX_POINT('',#8160);
#2319=VERTEX_POINT('',#8161);
#2320=VERTEX_POINT('',#8163);
#2321=VERTEX_POINT('',#8167);
#2322=VERTEX_POINT('',#8171);
#2323=VERTEX_POINT('',#8175);
#2324=VERTEX_POINT('',#8179);
#2325=VERTEX_POINT('',#8181);
#2326=VERTEX_POINT('',#8185);
#2327=VERTEX_POINT('',#8191);
#2328=VERTEX_POINT('',#8193);
#2329=VERTEX_POINT('',#8197);
#2330=VERTEX_POINT('',#8203);
#2331=VERTEX_POINT('',#8205);
#2332=VERTEX_POINT('',#8209);
#2333=VERTEX_POINT('',#8210);
#2334=VERTEX_POINT('',#8215);
#2335=VERTEX_POINT('',#8216);
#2336=VERTEX_POINT('',#8221);
#2337=VERTEX_POINT('',#8222);
#2338=VERTEX_POINT('',#8239);
#2339=VERTEX_POINT('',#8240);
#2340=VERTEX_POINT('',#8242);
#2341=VERTEX_POINT('',#8244);
#2342=VERTEX_POINT('',#8246);
#2343=VERTEX_POINT('',#8248);
#2344=VERTEX_POINT('',#8250);
#2345=VERTEX_POINT('',#8254);
#2346=VERTEX_POINT('',#8256);
#2347=VERTEX_POINT('',#8259);
#2348=VERTEX_POINT('',#8261);
#2349=VERTEX_POINT('',#8263);
#2350=VERTEX_POINT('',#8265);
#2351=VERTEX_POINT('',#8268);
#2352=VERTEX_POINT('',#8271);
#2353=VERTEX_POINT('',#8273);
#2354=VERTEX_POINT('',#8275);
#2355=VERTEX_POINT('',#8277);
#2356=VERTEX_POINT('',#8280);
#2357=VERTEX_POINT('',#8284);
#2358=VERTEX_POINT('',#8288);
#2359=VERTEX_POINT('',#8290);
#2360=VERTEX_POINT('',#8297);
#2361=VERTEX_POINT('',#8301);
#2362=VERTEX_POINT('',#8303);
#2363=VERTEX_POINT('',#8307);
#2364=VERTEX_POINT('',#8314);
#2365=VERTEX_POINT('',#8316);
#2366=VERTEX_POINT('',#8320);
#2367=VERTEX_POINT('',#8327);
#2368=VERTEX_POINT('',#8329);
#2369=VERTEX_POINT('',#8333);
#2370=VERTEX_POINT('',#8340);
#2371=VERTEX_POINT('',#8342);
#2372=VERTEX_POINT('',#8346);
#2373=VERTEX_POINT('',#8353);
#2374=VERTEX_POINT('',#8355);
#2375=VERTEX_POINT('',#8359);
#2376=VERTEX_POINT('',#8366);
#2377=VERTEX_POINT('',#8368);
#2378=VERTEX_POINT('',#8372);
#2379=VERTEX_POINT('',#8379);
#2380=VERTEX_POINT('',#8381);
#2381=VERTEX_POINT('',#8385);
#2382=VERTEX_POINT('',#8392);
#2383=VERTEX_POINT('',#8394);
#2384=VERTEX_POINT('',#8398);
#2385=VERTEX_POINT('',#8405);
#2386=VERTEX_POINT('',#8407);
#2387=VERTEX_POINT('',#8411);
#2388=VERTEX_POINT('',#8418);
#2389=VERTEX_POINT('',#8420);
#2390=VERTEX_POINT('',#8424);
#2391=VERTEX_POINT('',#8432);
#2392=VERTEX_POINT('',#8436);
#2393=VERTEX_POINT('',#8443);
#2394=VERTEX_POINT('',#8445);
#2395=VERTEX_POINT('',#8449);
#2396=VERTEX_POINT('',#8456);
#2397=VERTEX_POINT('',#8458);
#2398=VERTEX_POINT('',#8462);
#2399=VERTEX_POINT('',#8469);
#2400=VERTEX_POINT('',#8471);
#2401=VERTEX_POINT('',#8475);
#2402=VERTEX_POINT('',#8482);
#2403=VERTEX_POINT('',#8484);
#2404=VERTEX_POINT('',#8488);
#2405=VERTEX_POINT('',#8495);
#2406=VERTEX_POINT('',#8497);
#2407=VERTEX_POINT('',#8501);
#2408=VERTEX_POINT('',#8508);
#2409=VERTEX_POINT('',#8510);
#2410=VERTEX_POINT('',#8514);
#2411=VERTEX_POINT('',#8521);
#2412=VERTEX_POINT('',#8523);
#2413=VERTEX_POINT('',#8527);
#2414=VERTEX_POINT('',#8534);
#2415=VERTEX_POINT('',#8536);
#2416=VERTEX_POINT('',#8540);
#2417=VERTEX_POINT('',#8547);
#2418=VERTEX_POINT('',#8549);
#2419=VERTEX_POINT('',#8553);
#2420=VERTEX_POINT('',#8560);
#2421=VERTEX_POINT('',#8562);
#2422=VERTEX_POINT('',#8566);
#2423=VERTEX_POINT('',#8573);
#2424=VERTEX_POINT('',#8575);
#2425=VERTEX_POINT('',#8579);
#2426=VERTEX_POINT('',#8586);
#2427=VERTEX_POINT('',#8588);
#2428=VERTEX_POINT('',#8592);
#2429=VERTEX_POINT('',#8599);
#2430=VERTEX_POINT('',#8601);
#2431=VERTEX_POINT('',#8605);
#2432=VERTEX_POINT('',#8612);
#2433=VERTEX_POINT('',#8614);
#2434=VERTEX_POINT('',#8618);
#2435=VERTEX_POINT('',#8625);
#2436=VERTEX_POINT('',#8627);
#2437=VERTEX_POINT('',#8631);
#2438=VERTEX_POINT('',#8638);
#2439=VERTEX_POINT('',#8640);
#2440=VERTEX_POINT('',#8643);
#2441=VERTEX_POINT('',#8647);
#2442=VERTEX_POINT('',#8649);
#2443=VERTEX_POINT('',#8652);
#2444=VERTEX_POINT('',#8656);
#2445=VERTEX_POINT('',#8658);
#2446=VERTEX_POINT('',#8661);
#2447=VERTEX_POINT('',#8665);
#2448=VERTEX_POINT('',#8667);
#2449=VERTEX_POINT('',#8670);
#2450=VERTEX_POINT('',#8674);
#2451=VERTEX_POINT('',#8676);
#2452=VERTEX_POINT('',#8679);
#2453=VERTEX_POINT('',#8683);
#2454=VERTEX_POINT('',#8685);
#2455=VERTEX_POINT('',#8688);
#2456=VERTEX_POINT('',#8692);
#2457=VERTEX_POINT('',#8694);
#2458=VERTEX_POINT('',#8697);
#2459=VERTEX_POINT('',#8701);
#2460=VERTEX_POINT('',#8703);
#2461=VERTEX_POINT('',#8706);
#2462=VERTEX_POINT('',#8710);
#2463=VERTEX_POINT('',#8712);
#2464=VERTEX_POINT('',#8715);
#2465=VERTEX_POINT('',#8719);
#2466=VERTEX_POINT('',#8721);
#2467=VERTEX_POINT('',#8724);
#2468=VERTEX_POINT('',#8756);
#2469=VERTEX_POINT('',#8760);
#2470=VERTEX_POINT('',#8762);
#2471=VERTEX_POINT('',#8766);
#2472=VERTEX_POINT('',#8773);
#2473=VERTEX_POINT('',#8775);
#2474=VERTEX_POINT('',#8779);
#2475=VERTEX_POINT('',#8786);
#2476=VERTEX_POINT('',#8788);
#2477=VERTEX_POINT('',#8792);
#2478=VERTEX_POINT('',#8799);
#2479=VERTEX_POINT('',#8801);
#2480=VERTEX_POINT('',#8805);
#2481=VERTEX_POINT('',#8812);
#2482=VERTEX_POINT('',#8814);
#2483=VERTEX_POINT('',#8818);
#2484=VERTEX_POINT('',#8825);
#2485=VERTEX_POINT('',#8827);
#2486=VERTEX_POINT('',#8831);
#2487=VERTEX_POINT('',#8838);
#2488=VERTEX_POINT('',#8840);
#2489=VERTEX_POINT('',#8844);
#2490=VERTEX_POINT('',#8851);
#2491=VERTEX_POINT('',#8853);
#2492=VERTEX_POINT('',#8857);
#2493=VERTEX_POINT('',#8864);
#2494=VERTEX_POINT('',#8866);
#2495=VERTEX_POINT('',#8870);
#2496=VERTEX_POINT('',#8877);
#2497=VERTEX_POINT('',#8879);
#2498=VERTEX_POINT('',#8883);
#2499=VERTEX_POINT('',#8891);
#2500=VERTEX_POINT('',#8895);
#2501=VERTEX_POINT('',#8902);
#2502=VERTEX_POINT('',#8904);
#2503=VERTEX_POINT('',#8908);
#2504=VERTEX_POINT('',#8915);
#2505=VERTEX_POINT('',#8917);
#2506=VERTEX_POINT('',#8921);
#2507=VERTEX_POINT('',#8928);
#2508=VERTEX_POINT('',#8930);
#2509=VERTEX_POINT('',#8934);
#2510=VERTEX_POINT('',#8941);
#2511=VERTEX_POINT('',#8943);
#2512=VERTEX_POINT('',#8947);
#2513=VERTEX_POINT('',#8954);
#2514=VERTEX_POINT('',#8956);
#2515=VERTEX_POINT('',#8960);
#2516=VERTEX_POINT('',#8967);
#2517=VERTEX_POINT('',#8969);
#2518=VERTEX_POINT('',#8973);
#2519=VERTEX_POINT('',#8980);
#2520=VERTEX_POINT('',#8982);
#2521=VERTEX_POINT('',#8986);
#2522=VERTEX_POINT('',#8993);
#2523=VERTEX_POINT('',#8995);
#2524=VERTEX_POINT('',#8999);
#2525=VERTEX_POINT('',#9006);
#2526=VERTEX_POINT('',#9008);
#2527=VERTEX_POINT('',#9012);
#2528=VERTEX_POINT('',#9019);
#2529=VERTEX_POINT('',#9021);
#2530=VERTEX_POINT('',#9025);
#2531=VERTEX_POINT('',#9032);
#2532=VERTEX_POINT('',#9034);
#2533=VERTEX_POINT('',#9038);
#2534=VERTEX_POINT('',#9045);
#2535=VERTEX_POINT('',#9047);
#2536=VERTEX_POINT('',#9051);
#2537=VERTEX_POINT('',#9058);
#2538=VERTEX_POINT('',#9060);
#2539=VERTEX_POINT('',#9064);
#2540=VERTEX_POINT('',#9071);
#2541=VERTEX_POINT('',#9073);
#2542=VERTEX_POINT('',#9077);
#2543=VERTEX_POINT('',#9084);
#2544=VERTEX_POINT('',#9086);
#2545=VERTEX_POINT('',#9090);
#2546=VERTEX_POINT('',#9097);
#2547=VERTEX_POINT('',#9099);
#2548=VERTEX_POINT('',#9102);
#2549=VERTEX_POINT('',#9106);
#2550=VERTEX_POINT('',#9108);
#2551=VERTEX_POINT('',#9111);
#2552=VERTEX_POINT('',#9115);
#2553=VERTEX_POINT('',#9117);
#2554=VERTEX_POINT('',#9120);
#2555=VERTEX_POINT('',#9124);
#2556=VERTEX_POINT('',#9126);
#2557=VERTEX_POINT('',#9129);
#2558=VERTEX_POINT('',#9133);
#2559=VERTEX_POINT('',#9135);
#2560=VERTEX_POINT('',#9138);
#2561=VERTEX_POINT('',#9142);
#2562=VERTEX_POINT('',#9144);
#2563=VERTEX_POINT('',#9147);
#2564=VERTEX_POINT('',#9151);
#2565=VERTEX_POINT('',#9153);
#2566=VERTEX_POINT('',#9156);
#2567=VERTEX_POINT('',#9160);
#2568=VERTEX_POINT('',#9162);
#2569=VERTEX_POINT('',#9165);
#2570=VERTEX_POINT('',#9169);
#2571=VERTEX_POINT('',#9171);
#2572=VERTEX_POINT('',#9174);
#2573=VERTEX_POINT('',#9178);
#2574=VERTEX_POINT('',#9180);
#2575=VERTEX_POINT('',#9183);
#2576=EDGE_CURVE('',#2098,#2099,#1742,.T.);
#2577=EDGE_CURVE('',#2099,#2100,#992,.T.);
#2578=EDGE_CURVE('',#2100,#2101,#1743,.T.);
#2579=EDGE_CURVE('',#2101,#2098,#993,.T.);
#2580=EDGE_CURVE('',#2102,#2103,#1744,.T.);
#2581=EDGE_CURVE('',#2103,#2101,#1745,.T.);
#2582=EDGE_CURVE('',#2100,#2102,#1746,.T.);
#2583=EDGE_CURVE('',#2104,#2105,#1747,.T.);
#2584=EDGE_CURVE('',#2105,#2103,#994,.T.);
#2585=EDGE_CURVE('',#2102,#2104,#995,.T.);
#2586=EDGE_CURVE('',#2106,#2102,#996,.T.);
#2587=EDGE_CURVE('',#2107,#2106,#997,.T.);
#2588=EDGE_CURVE('',#2107,#2104,#998,.T.);
#2589=EDGE_CURVE('',#2100,#2108,#999,.T.);
#2590=EDGE_CURVE('',#2106,#2108,#1748,.T.);
#2591=EDGE_CURVE('',#2109,#2099,#1000,.T.);
#2592=EDGE_CURVE('',#2108,#2109,#1001,.T.);
#2593=EDGE_CURVE('',#2110,#2098,#1002,.T.);
#2594=EDGE_CURVE('',#2111,#2110,#1749,.T.);
#2595=EDGE_CURVE('',#2112,#2111,#1003,.T.);
#2596=EDGE_CURVE('',#2113,#2112,#1750,.T.);
#2597=EDGE_CURVE('',#2114,#2113,#1004,.T.);
#2598=EDGE_CURVE('',#2109,#2114,#1751,.T.);
#2599=EDGE_CURVE('',#2115,#2115,#1752,.T.);
#2600=EDGE_CURVE('',#2116,#2116,#1753,.T.);
#2601=EDGE_CURVE('',#2117,#2117,#1754,.T.);
#2602=EDGE_CURVE('',#2118,#2118,#1755,.T.);
#2603=EDGE_CURVE('',#2119,#2119,#1756,.T.);
#2604=EDGE_CURVE('',#2120,#2120,#1757,.T.);
#2605=EDGE_CURVE('',#2121,#2121,#1758,.T.);
#2606=EDGE_CURVE('',#2122,#2122,#1759,.T.);
#2607=EDGE_CURVE('',#2123,#2123,#1760,.T.);
#2608=EDGE_CURVE('',#2124,#2124,#1761,.T.);
#2609=EDGE_CURVE('',#2125,#2125,#1762,.T.);
#2610=EDGE_CURVE('',#2126,#2126,#1763,.T.);
#2611=EDGE_CURVE('',#2127,#2127,#1764,.T.);
#2612=EDGE_CURVE('',#2128,#2128,#1765,.T.);
#2613=EDGE_CURVE('',#2129,#2130,#1766,.T.);
#2614=EDGE_CURVE('',#2130,#2131,#1005,.T.);
#2615=EDGE_CURVE('',#2131,#2129,#1767,.T.);
#2616=EDGE_CURVE('',#2132,#2133,#1768,.T.);
#2617=EDGE_CURVE('',#2133,#2134,#1006,.T.);
#2618=EDGE_CURVE('',#2134,#2132,#1769,.T.);
#2619=EDGE_CURVE('',#2135,#2136,#1770,.T.);
#2620=EDGE_CURVE('',#2136,#2137,#1771,.T.);
#2621=EDGE_CURVE('',#2137,#2135,#1772,.T.);
#2622=EDGE_CURVE('',#2138,#2139,#1773,.T.);
#2623=EDGE_CURVE('',#2139,#2140,#1007,.T.);
#2624=EDGE_CURVE('',#2140,#2138,#1774,.T.);
#2625=EDGE_CURVE('',#2141,#2142,#1775,.T.);
#2626=EDGE_CURVE('',#2142,#2143,#1008,.T.);
#2627=EDGE_CURVE('',#2143,#2141,#1776,.T.);
#2628=EDGE_CURVE('',#2144,#2145,#1777,.T.);
#2629=EDGE_CURVE('',#2145,#2146,#1778,.T.);
#2630=EDGE_CURVE('',#2146,#2144,#1779,.T.);
#2631=EDGE_CURVE('',#2147,#2148,#1780,.T.);
#2632=EDGE_CURVE('',#2148,#2149,#1009,.T.);
#2633=EDGE_CURVE('',#2149,#2147,#1781,.T.);
#2634=EDGE_CURVE('',#2150,#2151,#1782,.T.);
#2635=EDGE_CURVE('',#2151,#2152,#1010,.T.);
#2636=EDGE_CURVE('',#2152,#2150,#1783,.T.);
#2637=EDGE_CURVE('',#2153,#2154,#1784,.T.);
#2638=EDGE_CURVE('',#2154,#2155,#1011,.T.);
#2639=EDGE_CURVE('',#2155,#2153,#1785,.T.);
#2640=EDGE_CURVE('',#2156,#2157,#1786,.T.);
#2641=EDGE_CURVE('',#2157,#2158,#1012,.T.);
#2642=EDGE_CURVE('',#2158,#2156,#1787,.T.);
#2643=EDGE_CURVE('',#2159,#2160,#1788,.T.);
#2644=EDGE_CURVE('',#2160,#2161,#1789,.T.);
#2645=EDGE_CURVE('',#2161,#2159,#1790,.T.);
#2646=EDGE_CURVE('',#2162,#2163,#1791,.T.);
#2647=EDGE_CURVE('',#2163,#2164,#1792,.T.);
#2648=EDGE_CURVE('',#2164,#2162,#1793,.T.);
#2649=EDGE_CURVE('',#2165,#2166,#1794,.T.);
#2650=EDGE_CURVE('',#2166,#2167,#1013,.T.);
#2651=EDGE_CURVE('',#2167,#2165,#1795,.T.);
#2652=EDGE_CURVE('',#2168,#2169,#1796,.T.);
#2653=EDGE_CURVE('',#2169,#2170,#1014,.T.);
#2654=EDGE_CURVE('',#2170,#2168,#1797,.T.);
#2655=EDGE_CURVE('',#2171,#2172,#1798,.T.);
#2656=EDGE_CURVE('',#2172,#2173,#1015,.T.);
#2657=EDGE_CURVE('',#2173,#2171,#1799,.T.);
#2658=EDGE_CURVE('',#2174,#2175,#1016,.T.);
#2659=EDGE_CURVE('',#2175,#2176,#1017,.T.);
#2660=EDGE_CURVE('',#2176,#2177,#1800,.T.);
#2661=EDGE_CURVE('',#2177,#2175,#1801,.T.);
#2662=EDGE_CURVE('',#2175,#2178,#1802,.T.);
#2663=EDGE_CURVE('',#2178,#2174,#1803,.T.);
#2664=EDGE_CURVE('',#2179,#2180,#1804,.T.);
#2665=EDGE_CURVE('',#2180,#2181,#1018,.T.);
#2666=EDGE_CURVE('',#2181,#2179,#1805,.T.);
#2667=EDGE_CURVE('',#2182,#2183,#1806,.T.);
#2668=EDGE_CURVE('',#2183,#2184,#1807,.T.);
#2669=EDGE_CURVE('',#2184,#2182,#1808,.T.);
#2670=EDGE_CURVE('',#2185,#2186,#1809,.T.);
#2671=EDGE_CURVE('',#2186,#2187,#1019,.T.);
#2672=EDGE_CURVE('',#2187,#2185,#1810,.T.);
#2673=EDGE_CURVE('',#2188,#2189,#1811,.T.);
#2674=EDGE_CURVE('',#2189,#2190,#1020,.T.);
#2675=EDGE_CURVE('',#2190,#2188,#1812,.T.);
#2676=EDGE_CURVE('',#2191,#2192,#1813,.T.);
#2677=EDGE_CURVE('',#2192,#2193,#1021,.T.);
#2678=EDGE_CURVE('',#2193,#2191,#1814,.T.);
#2679=EDGE_CURVE('',#2194,#2195,#1815,.T.);
#2680=EDGE_CURVE('',#2195,#2196,#1816,.T.);
#2681=EDGE_CURVE('',#2196,#2194,#1817,.T.);
#2682=EDGE_CURVE('',#2197,#2198,#1818,.T.);
#2683=EDGE_CURVE('',#2198,#2199,#1022,.T.);
#2684=EDGE_CURVE('',#2199,#2197,#1819,.T.);
#2685=EDGE_CURVE('',#2200,#2201,#1820,.T.);
#2686=EDGE_CURVE('',#2201,#2202,#1023,.T.);
#2687=EDGE_CURVE('',#2202,#2200,#1821,.T.);
#2688=EDGE_CURVE('',#2203,#2204,#1822,.T.);
#2689=EDGE_CURVE('',#2204,#2205,#1024,.T.);
#2690=EDGE_CURVE('',#2205,#2203,#1823,.T.);
#2691=EDGE_CURVE('',#2206,#2107,#1824,.T.);
#2692=EDGE_CURVE('',#2106,#2207,#1825,.T.);
#2693=EDGE_CURVE('',#2207,#2206,#1025,.T.);
#2694=EDGE_CURVE('',#2108,#2208,#1826,.T.);
#2695=EDGE_CURVE('',#2208,#2207,#1827,.T.);
#2696=EDGE_CURVE('',#2114,#2208,#1026,.T.);
#2697=EDGE_CURVE('',#2112,#2209,#1027,.T.);
#2698=EDGE_CURVE('',#2209,#2210,#1828,.T.);
#2699=EDGE_CURVE('',#2210,#2113,#1028,.T.);
#2700=EDGE_CURVE('',#2211,#2212,#1829,.T.);
#2701=EDGE_CURVE('',#2212,#2210,#1830,.T.);
#2702=EDGE_CURVE('',#2209,#2211,#1831,.T.);
#2703=EDGE_CURVE('',#2213,#2214,#1832,.T.);
#2704=EDGE_CURVE('',#2214,#2212,#1029,.T.);
#2705=EDGE_CURVE('',#2211,#2213,#1030,.T.);
#2706=EDGE_CURVE('',#2215,#2216,#1833,.T.);
#2707=EDGE_CURVE('',#2216,#2214,#1834,.T.);
#2708=EDGE_CURVE('',#2213,#2215,#1835,.T.);
#2709=EDGE_CURVE('',#2217,#2218,#1836,.T.);
#2710=EDGE_CURVE('',#2218,#2216,#1031,.T.);
#2711=EDGE_CURVE('',#2215,#2217,#1032,.T.);
#2712=EDGE_CURVE('',#2218,#2219,#1033,.T.);
#2713=EDGE_CURVE('',#2220,#2219,#1034,.T.);
#2714=EDGE_CURVE('',#2221,#2220,#1837,.T.);
#2715=EDGE_CURVE('',#2222,#2221,#1035,.T.);
#2716=EDGE_CURVE('',#2222,#2223,#1036,.T.);
#2717=EDGE_CURVE('',#2223,#2224,#1838,.T.);
#2718=EDGE_CURVE('',#2224,#2206,#1037,.T.);
#2719=EDGE_CURVE('',#2225,#2217,#1038,.T.);
#2720=EDGE_CURVE('',#2226,#2225,#1839,.T.);
#2721=EDGE_CURVE('',#2227,#2226,#1039,.T.);
#2722=EDGE_CURVE('',#2228,#2227,#1840,.T.);
#2723=EDGE_CURVE('',#2228,#2229,#1040,.T.);
#2724=EDGE_CURVE('',#2219,#2229,#1841,.T.);
#2725=EDGE_CURVE('',#2230,#2230,#1842,.T.);
#2726=EDGE_CURVE('',#2231,#2231,#1843,.T.);
#2727=EDGE_CURVE('',#2232,#2232,#1844,.T.);
#2728=EDGE_CURVE('',#2233,#2233,#1845,.T.);
#2729=EDGE_CURVE('',#2234,#2234,#1846,.T.);
#2730=EDGE_CURVE('',#2235,#2235,#1847,.T.);
#2731=EDGE_CURVE('',#2236,#2236,#1848,.T.);
#2732=EDGE_CURVE('',#2237,#2237,#1849,.T.);
#2733=EDGE_CURVE('',#2238,#2238,#1850,.T.);
#2734=EDGE_CURVE('',#2239,#2239,#1851,.T.);
#2735=EDGE_CURVE('',#2240,#2240,#1852,.T.);
#2736=EDGE_CURVE('',#2241,#2241,#1853,.T.);
#2737=EDGE_CURVE('',#2242,#2242,#1854,.T.);
#2738=EDGE_CURVE('',#2243,#2243,#1855,.T.);
#2739=EDGE_CURVE('',#2244,#2245,#1856,.T.);
#2740=EDGE_CURVE('',#2245,#2246,#1041,.T.);
#2741=EDGE_CURVE('',#2246,#2244,#1857,.T.);
#2742=EDGE_CURVE('',#2247,#2248,#1858,.T.);
#2743=EDGE_CURVE('',#2248,#2249,#1042,.T.);
#2744=EDGE_CURVE('',#2249,#2247,#1859,.T.);
#2745=EDGE_CURVE('',#2250,#2251,#1860,.T.);
#2746=EDGE_CURVE('',#2251,#2252,#1861,.T.);
#2747=EDGE_CURVE('',#2252,#2250,#1862,.T.);
#2748=EDGE_CURVE('',#2253,#2254,#1863,.T.);
#2749=EDGE_CURVE('',#2254,#2255,#1043,.T.);
#2750=EDGE_CURVE('',#2255,#2253,#1864,.T.);
#2751=EDGE_CURVE('',#2256,#2257,#1865,.T.);
#2752=EDGE_CURVE('',#2257,#2258,#1044,.T.);
#2753=EDGE_CURVE('',#2258,#2256,#1866,.T.);
#2754=EDGE_CURVE('',#2259,#2260,#1867,.T.);
#2755=EDGE_CURVE('',#2260,#2261,#1868,.T.);
#2756=EDGE_CURVE('',#2261,#2259,#1869,.T.);
#2757=EDGE_CURVE('',#2262,#2263,#1870,.T.);
#2758=EDGE_CURVE('',#2263,#2264,#1045,.T.);
#2759=EDGE_CURVE('',#2264,#2262,#1871,.T.);
#2760=EDGE_CURVE('',#2265,#2266,#1872,.T.);
#2761=EDGE_CURVE('',#2266,#2267,#1046,.T.);
#2762=EDGE_CURVE('',#2267,#2265,#1873,.T.);
#2763=EDGE_CURVE('',#2268,#2269,#1874,.T.);
#2764=EDGE_CURVE('',#2269,#2270,#1047,.T.);
#2765=EDGE_CURVE('',#2270,#2268,#1875,.T.);
#2766=EDGE_CURVE('',#2271,#2272,#1876,.T.);
#2767=EDGE_CURVE('',#2272,#2273,#1048,.T.);
#2768=EDGE_CURVE('',#2273,#2271,#1877,.T.);
#2769=EDGE_CURVE('',#2274,#2275,#1878,.T.);
#2770=EDGE_CURVE('',#2275,#2276,#1879,.T.);
#2771=EDGE_CURVE('',#2276,#2274,#1880,.T.);
#2772=EDGE_CURVE('',#2277,#2278,#1881,.T.);
#2773=EDGE_CURVE('',#2278,#2279,#1882,.T.);
#2774=EDGE_CURVE('',#2279,#2277,#1883,.T.);
#2775=EDGE_CURVE('',#2280,#2281,#1884,.T.);
#2776=EDGE_CURVE('',#2281,#2282,#1049,.T.);
#2777=EDGE_CURVE('',#2282,#2280,#1885,.T.);
#2778=EDGE_CURVE('',#2283,#2284,#1886,.T.);
#2779=EDGE_CURVE('',#2284,#2285,#1050,.T.);
#2780=EDGE_CURVE('',#2285,#2283,#1887,.T.);
#2781=EDGE_CURVE('',#2286,#2287,#1888,.T.);
#2782=EDGE_CURVE('',#2287,#2288,#1051,.T.);
#2783=EDGE_CURVE('',#2288,#2286,#1889,.T.);
#2784=EDGE_CURVE('',#2289,#2290,#1052,.T.);
#2785=EDGE_CURVE('',#2290,#2291,#1053,.T.);
#2786=EDGE_CURVE('',#2291,#2292,#1890,.T.);
#2787=EDGE_CURVE('',#2292,#2290,#1891,.T.);
#2788=EDGE_CURVE('',#2290,#2293,#1892,.T.);
#2789=EDGE_CURVE('',#2293,#2289,#1893,.T.);
#2790=EDGE_CURVE('',#2294,#2295,#1894,.T.);
#2791=EDGE_CURVE('',#2295,#2296,#1054,.T.);
#2792=EDGE_CURVE('',#2296,#2294,#1895,.T.);
#2793=EDGE_CURVE('',#2297,#2298,#1896,.T.);
#2794=EDGE_CURVE('',#2298,#2299,#1897,.T.);
#2795=EDGE_CURVE('',#2299,#2297,#1898,.T.);
#2796=EDGE_CURVE('',#2300,#2301,#1899,.T.);
#2797=EDGE_CURVE('',#2301,#2302,#1055,.T.);
#2798=EDGE_CURVE('',#2302,#2300,#1900,.T.);
#2799=EDGE_CURVE('',#2303,#2304,#1901,.T.);
#2800=EDGE_CURVE('',#2304,#2305,#1056,.T.);
#2801=EDGE_CURVE('',#2305,#2303,#1902,.T.);
#2802=EDGE_CURVE('',#2306,#2307,#1903,.T.);
#2803=EDGE_CURVE('',#2307,#2308,#1057,.T.);
#2804=EDGE_CURVE('',#2308,#2306,#1904,.T.);
#2805=EDGE_CURVE('',#2309,#2310,#1905,.T.);
#2806=EDGE_CURVE('',#2310,#2311,#1906,.T.);
#2807=EDGE_CURVE('',#2311,#2309,#1907,.T.);
#2808=EDGE_CURVE('',#2312,#2313,#1908,.T.);
#2809=EDGE_CURVE('',#2313,#2314,#1058,.T.);
#2810=EDGE_CURVE('',#2314,#2312,#1909,.T.);
#2811=EDGE_CURVE('',#2315,#2316,#1910,.T.);
#2812=EDGE_CURVE('',#2316,#2317,#1059,.T.);
#2813=EDGE_CURVE('',#2317,#2315,#1911,.T.);
#2814=EDGE_CURVE('',#2318,#2319,#1912,.T.);
#2815=EDGE_CURVE('',#2319,#2320,#1060,.T.);
#2816=EDGE_CURVE('',#2320,#2318,#1913,.T.);
#2817=EDGE_CURVE('',#2229,#2321,#1061,.T.);
#2818=EDGE_CURVE('',#2321,#2220,#1914,.T.);
#2819=EDGE_CURVE('',#2322,#2221,#1915,.T.);
#2820=EDGE_CURVE('',#2321,#2322,#1916,.T.);
#2821=EDGE_CURVE('',#2323,#2222,#1917,.T.);
#2822=EDGE_CURVE('',#2322,#2323,#1062,.T.);
#2823=EDGE_CURVE('',#2324,#2322,#1063,.T.);
#2824=EDGE_CURVE('',#2325,#2324,#1064,.T.);
#2825=EDGE_CURVE('',#2325,#2323,#1065,.T.);
#2826=EDGE_CURVE('',#2321,#2326,#1066,.T.);
#2827=EDGE_CURVE('',#2324,#2326,#1918,.T.);
#2828=EDGE_CURVE('',#2326,#2228,#1067,.T.);
#2829=EDGE_CURVE('',#2327,#2325,#1919,.T.);
#2830=EDGE_CURVE('',#2324,#2328,#1920,.T.);
#2831=EDGE_CURVE('',#2328,#2327,#1068,.T.);
#2832=EDGE_CURVE('',#2326,#2329,#1921,.T.);
#2833=EDGE_CURVE('',#2329,#2328,#1922,.T.);
#2834=EDGE_CURVE('',#2227,#2329,#1069,.T.);
#2835=EDGE_CURVE('',#2225,#2330,#1070,.T.);
#2836=EDGE_CURVE('',#2330,#2331,#1923,.T.);
#2837=EDGE_CURVE('',#2331,#2226,#1071,.T.);
#2838=EDGE_CURVE('',#2332,#2333,#1924,.T.);
#2839=EDGE_CURVE('',#2333,#2331,#1925,.T.);
#2840=EDGE_CURVE('',#2330,#2332,#1926,.T.);
#2841=EDGE_CURVE('',#2334,#2335,#1927,.T.);
#2842=EDGE_CURVE('',#2335,#2333,#1072,.T.);
#2843=EDGE_CURVE('',#2332,#2334,#1073,.T.);
#2844=EDGE_CURVE('',#2336,#2337,#1928,.T.);
#2845=EDGE_CURVE('',#2337,#2335,#1929,.T.);
#2846=EDGE_CURVE('',#2334,#2336,#1930,.T.);
#2847=EDGE_CURVE('',#2110,#2337,#1074,.T.);
#2848=EDGE_CURVE('',#2336,#2111,#1075,.T.);
#2849=EDGE_CURVE('',#2209,#2336,#1076,.T.);
#2850=EDGE_CURVE('',#2334,#2211,#1077,.T.);
#2851=EDGE_CURVE('',#2213,#2332,#1078,.T.);
#2852=EDGE_CURVE('',#2330,#2215,#1079,.T.);
#2853=EDGE_CURVE('',#2338,#2339,#1080,.T.);
#2854=EDGE_CURVE('',#2340,#2338,#1931,.T.);
#2855=EDGE_CURVE('',#2341,#2340,#1081,.T.);
#2856=EDGE_CURVE('',#2341,#2342,#1082,.T.);
#2857=EDGE_CURVE('',#2342,#2343,#1083,.T.);
#2858=EDGE_CURVE('',#2343,#2344,#1084,.T.);
#2859=EDGE_CURVE('',#2344,#2339,#1085,.T.);
#2860=EDGE_CURVE('',#2342,#2345,#1086,.T.);
#2861=EDGE_CURVE('',#2345,#2346,#1087,.T.);
#2862=EDGE_CURVE('',#2343,#2346,#1088,.T.);
#2863=EDGE_CURVE('',#2347,#2347,#1932,.T.);
#2864=EDGE_CURVE('',#2348,#2348,#1933,.T.);
#2865=EDGE_CURVE('',#2349,#2349,#1934,.T.);
#2866=EDGE_CURVE('',#2350,#2350,#1935,.T.);
#2867=EDGE_CURVE('',#2346,#2351,#1089,.T.);
#2868=EDGE_CURVE('',#2344,#2351,#1090,.T.);
#2869=EDGE_CURVE('',#2352,#2352,#1936,.T.);
#2870=EDGE_CURVE('',#2353,#2353,#1937,.T.);
#2871=EDGE_CURVE('',#2354,#2354,#1938,.T.);
#2872=EDGE_CURVE('',#2355,#2355,#1939,.T.);
#2873=EDGE_CURVE('',#2351,#2356,#1091,.T.);
#2874=EDGE_CURVE('',#2339,#2356,#1092,.T.);
#2875=EDGE_CURVE('',#2357,#2341,#1093,.T.);
#2876=EDGE_CURVE('',#2357,#2345,#1094,.T.);
#2877=EDGE_CURVE('',#2356,#2358,#1095,.T.);
#2878=EDGE_CURVE('',#2359,#2357,#1096,.T.);
#2879=EDGE_CURVE('',#2358,#2359,#1940,.T.);
#2880=EDGE_CURVE('',#2224,#2359,#1097,.T.);
#2881=EDGE_CURVE('',#2358,#2223,#1098,.T.);
#2882=EDGE_CURVE('',#2340,#2360,#1099,.T.);
#2883=EDGE_CURVE('',#2105,#2360,#1100,.T.);
#2884=EDGE_CURVE('',#2318,#2361,#1101,.T.);
#2885=EDGE_CURVE('',#2361,#2362,#1941,.T.);
#2886=EDGE_CURVE('',#2319,#2362,#1102,.T.);
#2887=EDGE_CURVE('',#2320,#2363,#1103,.T.);
#2888=EDGE_CURVE('',#2363,#2361,#1942,.T.);
#2889=EDGE_CURVE('',#2362,#2363,#1104,.T.);
#2890=EDGE_CURVE('',#2315,#2364,#1105,.T.);
#2891=EDGE_CURVE('',#2364,#2365,#1943,.T.);
#2892=EDGE_CURVE('',#2316,#2365,#1106,.T.);
#2893=EDGE_CURVE('',#2317,#2366,#1107,.T.);
#2894=EDGE_CURVE('',#2366,#2364,#1944,.T.);
#2895=EDGE_CURVE('',#2365,#2366,#1108,.T.);
#2896=EDGE_CURVE('',#2312,#2367,#1109,.T.);
#2897=EDGE_CURVE('',#2367,#2368,#1945,.T.);
#2898=EDGE_CURVE('',#2313,#2368,#1110,.T.);
#2899=EDGE_CURVE('',#2314,#2369,#1111,.T.);
#2900=EDGE_CURVE('',#2369,#2367,#1946,.T.);
#2901=EDGE_CURVE('',#2368,#2369,#1112,.T.);
#2902=EDGE_CURVE('',#2309,#2370,#1113,.T.);
#2903=EDGE_CURVE('',#2370,#2371,#1947,.T.);
#2904=EDGE_CURVE('',#2310,#2371,#1114,.T.);
#2905=EDGE_CURVE('',#2311,#2372,#1115,.T.);
#2906=EDGE_CURVE('',#2372,#2370,#1948,.T.);
#2907=EDGE_CURVE('',#2371,#2372,#1949,.T.);
#2908=EDGE_CURVE('',#2306,#2373,#1116,.T.);
#2909=EDGE_CURVE('',#2373,#2374,#1950,.T.);
#2910=EDGE_CURVE('',#2307,#2374,#1117,.T.);
#2911=EDGE_CURVE('',#2308,#2375,#1118,.T.);
#2912=EDGE_CURVE('',#2375,#2373,#1951,.T.);
#2913=EDGE_CURVE('',#2374,#2375,#1119,.T.);
#2914=EDGE_CURVE('',#2303,#2376,#1120,.T.);
#2915=EDGE_CURVE('',#2376,#2377,#1952,.T.);
#2916=EDGE_CURVE('',#2304,#2377,#1121,.T.);
#2917=EDGE_CURVE('',#2305,#2378,#1122,.T.);
#2918=EDGE_CURVE('',#2378,#2376,#1953,.T.);
#2919=EDGE_CURVE('',#2377,#2378,#1123,.T.);
#2920=EDGE_CURVE('',#2300,#2379,#1124,.T.);
#2921=EDGE_CURVE('',#2379,#2380,#1954,.T.);
#2922=EDGE_CURVE('',#2301,#2380,#1125,.T.);
#2923=EDGE_CURVE('',#2302,#2381,#1126,.T.);
#2924=EDGE_CURVE('',#2381,#2379,#1955,.T.);
#2925=EDGE_CURVE('',#2380,#2381,#1127,.T.);
#2926=EDGE_CURVE('',#2297,#2382,#1128,.T.);
#2927=EDGE_CURVE('',#2382,#2383,#1956,.T.);
#2928=EDGE_CURVE('',#2298,#2383,#1129,.T.);
#2929=EDGE_CURVE('',#2299,#2384,#1130,.T.);
#2930=EDGE_CURVE('',#2384,#2382,#1957,.T.);
#2931=EDGE_CURVE('',#2383,#2384,#1958,.T.);
#2932=EDGE_CURVE('',#2294,#2385,#1131,.T.);
#2933=EDGE_CURVE('',#2385,#2386,#1959,.T.);
#2934=EDGE_CURVE('',#2295,#2386,#1132,.T.);
#2935=EDGE_CURVE('',#2296,#2387,#1133,.T.);
#2936=EDGE_CURVE('',#2387,#2385,#1960,.T.);
#2937=EDGE_CURVE('',#2386,#2387,#1134,.T.);
#2938=EDGE_CURVE('',#2289,#2388,#1135,.T.);
#2939=EDGE_CURVE('',#2388,#2389,#1136,.T.);
#2940=EDGE_CURVE('',#2290,#2389,#1137,.T.);
#2941=EDGE_CURVE('',#2293,#2390,#1138,.T.);
#2942=EDGE_CURVE('',#2390,#2388,#1961,.T.);
#2943=EDGE_CURVE('',#2290,#2389,#1139,.T.);
#2944=EDGE_CURVE('',#2389,#2390,#1962,.T.);
#2945=EDGE_CURVE('',#2389,#2391,#1140,.T.);
#2946=EDGE_CURVE('',#2291,#2391,#1141,.T.);
#2947=EDGE_CURVE('',#2292,#2392,#1142,.T.);
#2948=EDGE_CURVE('',#2392,#2389,#1963,.T.);
#2949=EDGE_CURVE('',#2391,#2392,#1964,.T.);
#2950=EDGE_CURVE('',#2286,#2393,#1143,.T.);
#2951=EDGE_CURVE('',#2393,#2394,#1965,.T.);
#2952=EDGE_CURVE('',#2287,#2394,#1144,.T.);
#2953=EDGE_CURVE('',#2288,#2395,#1145,.T.);
#2954=EDGE_CURVE('',#2395,#2393,#1966,.T.);
#2955=EDGE_CURVE('',#2394,#2395,#1146,.T.);
#2956=EDGE_CURVE('',#2283,#2396,#1147,.T.);
#2957=EDGE_CURVE('',#2396,#2397,#1967,.T.);
#2958=EDGE_CURVE('',#2284,#2397,#1148,.T.);
#2959=EDGE_CURVE('',#2285,#2398,#1149,.T.);
#2960=EDGE_CURVE('',#2398,#2396,#1968,.T.);
#2961=EDGE_CURVE('',#2397,#2398,#1150,.T.);
#2962=EDGE_CURVE('',#2280,#2399,#1151,.T.);
#2963=EDGE_CURVE('',#2399,#2400,#1969,.T.);
#2964=EDGE_CURVE('',#2281,#2400,#1152,.T.);
#2965=EDGE_CURVE('',#2282,#2401,#1153,.T.);
#2966=EDGE_CURVE('',#2401,#2399,#1970,.T.);
#2967=EDGE_CURVE('',#2400,#2401,#1154,.T.);
#2968=EDGE_CURVE('',#2277,#2402,#1155,.T.);
#2969=EDGE_CURVE('',#2402,#2403,#1971,.T.);
#2970=EDGE_CURVE('',#2278,#2403,#1156,.T.);
#2971=EDGE_CURVE('',#2279,#2404,#1157,.T.);
#2972=EDGE_CURVE('',#2404,#2402,#1972,.T.);
#2973=EDGE_CURVE('',#2403,#2404,#1973,.T.);
#2974=EDGE_CURVE('',#2274,#2405,#1158,.T.);
#2975=EDGE_CURVE('',#2405,#2406,#1974,.T.);
#2976=EDGE_CURVE('',#2275,#2406,#1159,.T.);
#2977=EDGE_CURVE('',#2276,#2407,#1160,.T.);
#2978=EDGE_CURVE('',#2407,#2405,#1975,.T.);
#2979=EDGE_CURVE('',#2406,#2407,#1976,.T.);
#2980=EDGE_CURVE('',#2271,#2408,#1161,.T.);
#2981=EDGE_CURVE('',#2408,#2409,#1977,.T.);
#2982=EDGE_CURVE('',#2272,#2409,#1162,.T.);
#2983=EDGE_CURVE('',#2273,#2410,#1163,.T.);
#2984=EDGE_CURVE('',#2410,#2408,#1978,.T.);
#2985=EDGE_CURVE('',#2409,#2410,#1164,.T.);
#2986=EDGE_CURVE('',#2268,#2411,#1165,.T.);
#2987=EDGE_CURVE('',#2411,#2412,#1979,.T.);
#2988=EDGE_CURVE('',#2269,#2412,#1166,.T.);
#2989=EDGE_CURVE('',#2270,#2413,#1167,.T.);
#2990=EDGE_CURVE('',#2413,#2411,#1980,.T.);
#2991=EDGE_CURVE('',#2412,#2413,#1168,.T.);
#2992=EDGE_CURVE('',#2265,#2414,#1169,.T.);
#2993=EDGE_CURVE('',#2414,#2415,#1981,.T.);
#2994=EDGE_CURVE('',#2266,#2415,#1170,.T.);
#2995=EDGE_CURVE('',#2267,#2416,#1171,.T.);
#2996=EDGE_CURVE('',#2416,#2414,#1982,.T.);
#2997=EDGE_CURVE('',#2415,#2416,#1172,.T.);
#2998=EDGE_CURVE('',#2262,#2417,#1173,.T.);
#2999=EDGE_CURVE('',#2417,#2418,#1983,.T.);
#3000=EDGE_CURVE('',#2263,#2418,#1174,.T.);
#3001=EDGE_CURVE('',#2264,#2419,#1175,.T.);
#3002=EDGE_CURVE('',#2419,#2417,#1984,.T.);
#3003=EDGE_CURVE('',#2418,#2419,#1176,.T.);
#3004=EDGE_CURVE('',#2259,#2420,#1177,.T.);
#3005=EDGE_CURVE('',#2420,#2421,#1985,.T.);
#3006=EDGE_CURVE('',#2260,#2421,#1178,.T.);
#3007=EDGE_CURVE('',#2261,#2422,#1179,.T.);
#3008=EDGE_CURVE('',#2422,#2420,#1986,.T.);
#3009=EDGE_CURVE('',#2421,#2422,#1987,.T.);
#3010=EDGE_CURVE('',#2256,#2423,#1180,.T.);
#3011=EDGE_CURVE('',#2423,#2424,#1988,.T.);
#3012=EDGE_CURVE('',#2257,#2424,#1181,.T.);
#3013=EDGE_CURVE('',#2258,#2425,#1182,.T.);
#3014=EDGE_CURVE('',#2425,#2423,#1989,.T.);
#3015=EDGE_CURVE('',#2424,#2425,#1183,.T.);
#3016=EDGE_CURVE('',#2253,#2426,#1184,.T.);
#3017=EDGE_CURVE('',#2426,#2427,#1990,.T.);
#3018=EDGE_CURVE('',#2254,#2427,#1185,.T.);
#3019=EDGE_CURVE('',#2255,#2428,#1186,.T.);
#3020=EDGE_CURVE('',#2428,#2426,#1991,.T.);
#3021=EDGE_CURVE('',#2427,#2428,#1187,.T.);
#3022=EDGE_CURVE('',#2250,#2429,#1188,.T.);
#3023=EDGE_CURVE('',#2429,#2430,#1992,.T.);
#3024=EDGE_CURVE('',#2251,#2430,#1189,.T.);
#3025=EDGE_CURVE('',#2252,#2431,#1190,.T.);
#3026=EDGE_CURVE('',#2431,#2429,#1993,.T.);
#3027=EDGE_CURVE('',#2430,#2431,#1994,.T.);
#3028=EDGE_CURVE('',#2247,#2432,#1191,.T.);
#3029=EDGE_CURVE('',#2432,#2433,#1995,.T.);
#3030=EDGE_CURVE('',#2248,#2433,#1192,.T.);
#3031=EDGE_CURVE('',#2249,#2434,#1193,.T.);
#3032=EDGE_CURVE('',#2434,#2432,#1996,.T.);
#3033=EDGE_CURVE('',#2433,#2434,#1194,.T.);
#3034=EDGE_CURVE('',#2244,#2435,#1195,.T.);
#3035=EDGE_CURVE('',#2435,#2436,#1997,.T.);
#3036=EDGE_CURVE('',#2245,#2436,#1196,.T.);
#3037=EDGE_CURVE('',#2246,#2437,#1197,.T.);
#3038=EDGE_CURVE('',#2437,#2435,#1998,.T.);
#3039=EDGE_CURVE('',#2436,#2437,#1198,.T.);
#3040=EDGE_CURVE('',#2438,#2438,#1999,.T.);
#3041=EDGE_CURVE('',#2438,#2439,#1199,.T.);
#3042=EDGE_CURVE('',#2440,#2440,#2000,.F.);
#3043=EDGE_CURVE('',#2440,#2438,#1200,.T.);
#3044=EDGE_CURVE('',#2441,#2441,#2001,.T.);
#3045=EDGE_CURVE('',#2441,#2442,#1201,.T.);
#3046=EDGE_CURVE('',#2443,#2443,#2002,.F.);
#3047=EDGE_CURVE('',#2443,#2441,#1202,.T.);
#3048=EDGE_CURVE('',#2444,#2444,#2003,.T.);
#3049=EDGE_CURVE('',#2444,#2445,#1203,.T.);
#3050=EDGE_CURVE('',#2446,#2446,#2004,.F.);
#3051=EDGE_CURVE('',#2446,#2444,#1204,.T.);
#3052=EDGE_CURVE('',#2447,#2447,#2005,.T.);
#3053=EDGE_CURVE('',#2447,#2448,#1205,.T.);
#3054=EDGE_CURVE('',#2449,#2449,#2006,.F.);
#3055=EDGE_CURVE('',#2449,#2447,#1206,.T.);
#3056=EDGE_CURVE('',#2450,#2450,#2007,.T.);
#3057=EDGE_CURVE('',#2450,#2451,#1207,.T.);
#3058=EDGE_CURVE('',#2452,#2452,#2008,.F.);
#3059=EDGE_CURVE('',#2452,#2450,#1208,.T.);
#3060=EDGE_CURVE('',#2453,#2453,#2009,.T.);
#3061=EDGE_CURVE('',#2453,#2454,#1209,.T.);
#3062=EDGE_CURVE('',#2455,#2455,#2010,.F.);
#3063=EDGE_CURVE('',#2455,#2453,#1210,.T.);
#3064=EDGE_CURVE('',#2456,#2456,#2011,.T.);
#3065=EDGE_CURVE('',#2456,#2457,#1211,.T.);
#3066=EDGE_CURVE('',#2458,#2458,#2012,.F.);
#3067=EDGE_CURVE('',#2458,#2456,#1212,.T.);
#3068=EDGE_CURVE('',#2459,#2459,#2013,.T.);
#3069=EDGE_CURVE('',#2459,#2460,#1213,.T.);
#3070=EDGE_CURVE('',#2461,#2461,#2014,.F.);
#3071=EDGE_CURVE('',#2461,#2459,#1214,.T.);
#3072=EDGE_CURVE('',#2462,#2462,#2015,.T.);
#3073=EDGE_CURVE('',#2462,#2463,#1215,.T.);
#3074=EDGE_CURVE('',#2464,#2464,#2016,.F.);
#3075=EDGE_CURVE('',#2464,#2462,#1216,.T.);
#3076=EDGE_CURVE('',#2465,#2465,#2017,.T.);
#3077=EDGE_CURVE('',#2465,#2466,#1217,.T.);
#3078=EDGE_CURVE('',#2467,#2467,#2018,.F.);
#3079=EDGE_CURVE('',#2467,#2465,#1218,.T.);
#3080=EDGE_CURVE('',#2243,#2443,#1219,.T.);
#3081=EDGE_CURVE('',#2242,#2446,#1220,.T.);
#3082=EDGE_CURVE('',#2241,#2440,#1221,.T.);
#3083=EDGE_CURVE('',#2240,#2449,#1222,.T.);
#3084=EDGE_CURVE('',#2239,#2452,#1223,.T.);
#3085=EDGE_CURVE('',#2238,#2455,#1224,.T.);
#3086=EDGE_CURVE('',#2237,#2458,#1225,.T.);
#3087=EDGE_CURVE('',#2236,#2467,#1226,.T.);
#3088=EDGE_CURVE('',#2235,#2461,#1227,.T.);
#3089=EDGE_CURVE('',#2234,#2464,#1228,.T.);
#3090=EDGE_CURVE('',#2233,#2352,#1229,.T.);
#3091=EDGE_CURVE('',#2232,#2353,#1230,.T.);
#3092=EDGE_CURVE('',#2231,#2354,#1231,.T.);
#3093=EDGE_CURVE('',#2230,#2355,#1232,.T.);
#3094=EDGE_CURVE('',#2468,#2327,#1233,.T.);
#3095=EDGE_CURVE('',#2468,#2338,#1234,.T.);
#3096=EDGE_CURVE('',#2203,#2469,#1235,.T.);
#3097=EDGE_CURVE('',#2469,#2470,#2019,.T.);
#3098=EDGE_CURVE('',#2204,#2470,#1236,.T.);
#3099=EDGE_CURVE('',#2205,#2471,#1237,.T.);
#3100=EDGE_CURVE('',#2471,#2469,#2020,.T.);
#3101=EDGE_CURVE('',#2470,#2471,#1238,.T.);
#3102=EDGE_CURVE('',#2200,#2472,#1239,.T.);
#3103=EDGE_CURVE('',#2472,#2473,#2021,.T.);
#3104=EDGE_CURVE('',#2201,#2473,#1240,.T.);
#3105=EDGE_CURVE('',#2202,#2474,#1241,.T.);
#3106=EDGE_CURVE('',#2474,#2472,#2022,.T.);
#3107=EDGE_CURVE('',#2473,#2474,#1242,.T.);
#3108=EDGE_CURVE('',#2197,#2475,#1243,.T.);
#3109=EDGE_CURVE('',#2475,#2476,#2023,.T.);
#3110=EDGE_CURVE('',#2198,#2476,#1244,.T.);
#3111=EDGE_CURVE('',#2199,#2477,#1245,.T.);
#3112=EDGE_CURVE('',#2477,#2475,#2024,.T.);
#3113=EDGE_CURVE('',#2476,#2477,#1246,.T.);
#3114=EDGE_CURVE('',#2194,#2478,#1247,.T.);
#3115=EDGE_CURVE('',#2478,#2479,#2025,.T.);
#3116=EDGE_CURVE('',#2195,#2479,#1248,.T.);
#3117=EDGE_CURVE('',#2196,#2480,#1249,.T.);
#3118=EDGE_CURVE('',#2480,#2478,#2026,.T.);
#3119=EDGE_CURVE('',#2479,#2480,#2027,.T.);
#3120=EDGE_CURVE('',#2191,#2481,#1250,.T.);
#3121=EDGE_CURVE('',#2481,#2482,#2028,.T.);
#3122=EDGE_CURVE('',#2192,#2482,#1251,.T.);
#3123=EDGE_CURVE('',#2193,#2483,#1252,.T.);
#3124=EDGE_CURVE('',#2483,#2481,#2029,.T.);
#3125=EDGE_CURVE('',#2482,#2483,#1253,.T.);
#3126=EDGE_CURVE('',#2188,#2484,#1254,.T.);
#3127=EDGE_CURVE('',#2484,#2485,#2030,.T.);
#3128=EDGE_CURVE('',#2189,#2485,#1255,.T.);
#3129=EDGE_CURVE('',#2190,#2486,#1256,.T.);
#3130=EDGE_CURVE('',#2486,#2484,#2031,.T.);
#3131=EDGE_CURVE('',#2485,#2486,#1257,.T.);
#3132=EDGE_CURVE('',#2185,#2487,#1258,.T.);
#3133=EDGE_CURVE('',#2487,#2488,#2032,.T.);
#3134=EDGE_CURVE('',#2186,#2488,#1259,.T.);
#3135=EDGE_CURVE('',#2187,#2489,#1260,.T.);
#3136=EDGE_CURVE('',#2489,#2487,#2033,.T.);
#3137=EDGE_CURVE('',#2488,#2489,#1261,.T.);
#3138=EDGE_CURVE('',#2182,#2490,#1262,.T.);
#3139=EDGE_CURVE('',#2490,#2491,#2034,.T.);
#3140=EDGE_CURVE('',#2183,#2491,#1263,.T.);
#3141=EDGE_CURVE('',#2184,#2492,#1264,.T.);
#3142=EDGE_CURVE('',#2492,#2490,#2035,.T.);
#3143=EDGE_CURVE('',#2491,#2492,#2036,.T.);
#3144=EDGE_CURVE('',#2179,#2493,#1265,.T.);
#3145=EDGE_CURVE('',#2493,#2494,#2037,.T.);
#3146=EDGE_CURVE('',#2180,#2494,#1266,.T.);
#3147=EDGE_CURVE('',#2181,#2495,#1267,.T.);
#3148=EDGE_CURVE('',#2495,#2493,#2038,.T.);
#3149=EDGE_CURVE('',#2494,#2495,#1268,.T.);
#3150=EDGE_CURVE('',#2174,#2496,#1269,.T.);
#3151=EDGE_CURVE('',#2496,#2497,#1270,.T.);
#3152=EDGE_CURVE('',#2175,#2497,#1271,.T.);
#3153=EDGE_CURVE('',#2178,#2498,#1272,.T.);
#3154=EDGE_CURVE('',#2498,#2496,#2039,.T.);
#3155=EDGE_CURVE('',#2175,#2497,#1273,.T.);
#3156=EDGE_CURVE('',#2497,#2498,#2040,.T.);
#3157=EDGE_CURVE('',#2497,#2499,#1274,.T.);
#3158=EDGE_CURVE('',#2176,#2499,#1275,.T.);
#3159=EDGE_CURVE('',#2177,#2500,#1276,.T.);
#3160=EDGE_CURVE('',#2500,#2497,#2041,.T.);
#3161=EDGE_CURVE('',#2499,#2500,#2042,.T.);
#3162=EDGE_CURVE('',#2171,#2501,#1277,.T.);
#3163=EDGE_CURVE('',#2501,#2502,#2043,.T.);
#3164=EDGE_CURVE('',#2172,#2502,#1278,.T.);
#3165=EDGE_CURVE('',#2173,#2503,#1279,.T.);
#3166=EDGE_CURVE('',#2503,#2501,#2044,.T.);
#3167=EDGE_CURVE('',#2502,#2503,#1280,.T.);
#3168=EDGE_CURVE('',#2168,#2504,#1281,.T.);
#3169=EDGE_CURVE('',#2504,#2505,#2045,.T.);
#3170=EDGE_CURVE('',#2169,#2505,#1282,.T.);
#3171=EDGE_CURVE('',#2170,#2506,#1283,.T.);
#3172=EDGE_CURVE('',#2506,#2504,#2046,.T.);
#3173=EDGE_CURVE('',#2505,#2506,#1284,.T.);
#3174=EDGE_CURVE('',#2165,#2507,#1285,.T.);
#3175=EDGE_CURVE('',#2507,#2508,#2047,.T.);
#3176=EDGE_CURVE('',#2166,#2508,#1286,.T.);
#3177=EDGE_CURVE('',#2167,#2509,#1287,.T.);
#3178=EDGE_CURVE('',#2509,#2507,#2048,.T.);
#3179=EDGE_CURVE('',#2508,#2509,#1288,.T.);
#3180=EDGE_CURVE('',#2162,#2510,#1289,.T.);
#3181=EDGE_CURVE('',#2510,#2511,#2049,.T.);
#3182=EDGE_CURVE('',#2163,#2511,#1290,.T.);
#3183=EDGE_CURVE('',#2164,#2512,#1291,.T.);
#3184=EDGE_CURVE('',#2512,#2510,#2050,.T.);
#3185=EDGE_CURVE('',#2511,#2512,#2051,.T.);
#3186=EDGE_CURVE('',#2159,#2513,#1292,.T.);
#3187=EDGE_CURVE('',#2513,#2514,#2052,.T.);
#3188=EDGE_CURVE('',#2160,#2514,#1293,.T.);
#3189=EDGE_CURVE('',#2161,#2515,#1294,.T.);
#3190=EDGE_CURVE('',#2515,#2513,#2053,.T.);
#3191=EDGE_CURVE('',#2514,#2515,#2054,.T.);
#3192=EDGE_CURVE('',#2156,#2516,#1295,.T.);
#3193=EDGE_CURVE('',#2516,#2517,#2055,.T.);
#3194=EDGE_CURVE('',#2157,#2517,#1296,.T.);
#3195=EDGE_CURVE('',#2158,#2518,#1297,.T.);
#3196=EDGE_CURVE('',#2518,#2516,#2056,.T.);
#3197=EDGE_CURVE('',#2517,#2518,#1298,.T.);
#3198=EDGE_CURVE('',#2153,#2519,#1299,.T.);
#3199=EDGE_CURVE('',#2519,#2520,#2057,.T.);
#3200=EDGE_CURVE('',#2154,#2520,#1300,.T.);
#3201=EDGE_CURVE('',#2155,#2521,#1301,.T.);
#3202=EDGE_CURVE('',#2521,#2519,#2058,.T.);
#3203=EDGE_CURVE('',#2520,#2521,#1302,.T.);
#3204=EDGE_CURVE('',#2150,#2522,#1303,.T.);
#3205=EDGE_CURVE('',#2522,#2523,#2059,.T.);
#3206=EDGE_CURVE('',#2151,#2523,#1304,.T.);
#3207=EDGE_CURVE('',#2152,#2524,#1305,.T.);
#3208=EDGE_CURVE('',#2524,#2522,#2060,.T.);
#3209=EDGE_CURVE('',#2523,#2524,#1306,.T.);
#3210=EDGE_CURVE('',#2147,#2525,#1307,.T.);
#3211=EDGE_CURVE('',#2525,#2526,#2061,.T.);
#3212=EDGE_CURVE('',#2148,#2526,#1308,.T.);
#3213=EDGE_CURVE('',#2149,#2527,#1309,.T.);
#3214=EDGE_CURVE('',#2527,#2525,#2062,.T.);
#3215=EDGE_CURVE('',#2526,#2527,#1310,.T.);
#3216=EDGE_CURVE('',#2144,#2528,#1311,.T.);
#3217=EDGE_CURVE('',#2528,#2529,#2063,.T.);
#3218=EDGE_CURVE('',#2145,#2529,#1312,.T.);
#3219=EDGE_CURVE('',#2146,#2530,#1313,.T.);
#3220=EDGE_CURVE('',#2530,#2528,#2064,.T.);
#3221=EDGE_CURVE('',#2529,#2530,#2065,.T.);
#3222=EDGE_CURVE('',#2141,#2531,#1314,.T.);
#3223=EDGE_CURVE('',#2531,#2532,#2066,.T.);
#3224=EDGE_CURVE('',#2142,#2532,#1315,.T.);
#3225=EDGE_CURVE('',#2143,#2533,#1316,.T.);
#3226=EDGE_CURVE('',#2533,#2531,#2067,.T.);
#3227=EDGE_CURVE('',#2532,#2533,#1317,.T.);
#3228=EDGE_CURVE('',#2138,#2534,#1318,.T.);
#3229=EDGE_CURVE('',#2534,#2535,#2068,.T.);
#3230=EDGE_CURVE('',#2139,#2535,#1319,.T.);
#3231=EDGE_CURVE('',#2140,#2536,#1320,.T.);
#3232=EDGE_CURVE('',#2536,#2534,#2069,.T.);
#3233=EDGE_CURVE('',#2535,#2536,#1321,.T.);
#3234=EDGE_CURVE('',#2135,#2537,#1322,.T.);
#3235=EDGE_CURVE('',#2537,#2538,#2070,.T.);
#3236=EDGE_CURVE('',#2136,#2538,#1323,.T.);
#3237=EDGE_CURVE('',#2137,#2539,#1324,.T.);
#3238=EDGE_CURVE('',#2539,#2537,#2071,.T.);
#3239=EDGE_CURVE('',#2538,#2539,#2072,.T.);
#3240=EDGE_CURVE('',#2132,#2540,#1325,.T.);
#3241=EDGE_CURVE('',#2540,#2541,#2073,.T.);
#3242=EDGE_CURVE('',#2133,#2541,#1326,.T.);
#3243=EDGE_CURVE('',#2134,#2542,#1327,.T.);
#3244=EDGE_CURVE('',#2542,#2540,#2074,.T.);
#3245=EDGE_CURVE('',#2541,#2542,#1328,.T.);
#3246=EDGE_CURVE('',#2129,#2543,#1329,.T.);
#3247=EDGE_CURVE('',#2543,#2544,#2075,.T.);
#3248=EDGE_CURVE('',#2130,#2544,#1330,.T.);
#3249=EDGE_CURVE('',#2131,#2545,#1331,.T.);
#3250=EDGE_CURVE('',#2545,#2543,#2076,.T.);
#3251=EDGE_CURVE('',#2544,#2545,#1332,.T.);
#3252=EDGE_CURVE('',#2546,#2546,#2077,.T.);
#3253=EDGE_CURVE('',#2546,#2547,#1333,.T.);
#3254=EDGE_CURVE('',#2548,#2548,#2078,.F.);
#3255=EDGE_CURVE('',#2548,#2546,#1334,.T.);
#3256=EDGE_CURVE('',#2549,#2549,#2079,.T.);
#3257=EDGE_CURVE('',#2549,#2550,#1335,.T.);
#3258=EDGE_CURVE('',#2551,#2551,#2080,.F.);
#3259=EDGE_CURVE('',#2551,#2549,#1336,.T.);
#3260=EDGE_CURVE('',#2552,#2552,#2081,.T.);
#3261=EDGE_CURVE('',#2552,#2553,#1337,.T.);
#3262=EDGE_CURVE('',#2554,#2554,#2082,.F.);
#3263=EDGE_CURVE('',#2554,#2552,#1338,.T.);
#3264=EDGE_CURVE('',#2555,#2555,#2083,.T.);
#3265=EDGE_CURVE('',#2555,#2556,#1339,.T.);
#3266=EDGE_CURVE('',#2557,#2557,#2084,.F.);
#3267=EDGE_CURVE('',#2557,#2555,#1340,.T.);
#3268=EDGE_CURVE('',#2558,#2558,#2085,.T.);
#3269=EDGE_CURVE('',#2558,#2559,#1341,.T.);
#3270=EDGE_CURVE('',#2560,#2560,#2086,.F.);
#3271=EDGE_CURVE('',#2560,#2558,#1342,.T.);
#3272=EDGE_CURVE('',#2561,#2561,#2087,.T.);
#3273=EDGE_CURVE('',#2561,#2562,#1343,.T.);
#3274=EDGE_CURVE('',#2563,#2563,#2088,.F.);
#3275=EDGE_CURVE('',#2563,#2561,#1344,.T.);
#3276=EDGE_CURVE('',#2564,#2564,#2089,.T.);
#3277=EDGE_CURVE('',#2564,#2565,#1345,.T.);
#3278=EDGE_CURVE('',#2566,#2566,#2090,.F.);
#3279=EDGE_CURVE('',#2566,#2564,#1346,.T.);
#3280=EDGE_CURVE('',#2567,#2567,#2091,.T.);
#3281=EDGE_CURVE('',#2567,#2568,#1347,.T.);
#3282=EDGE_CURVE('',#2569,#2569,#2092,.F.);
#3283=EDGE_CURVE('',#2569,#2567,#1348,.T.);
#3284=EDGE_CURVE('',#2570,#2570,#2093,.T.);
#3285=EDGE_CURVE('',#2570,#2571,#1349,.T.);
#3286=EDGE_CURVE('',#2572,#2572,#2094,.F.);
#3287=EDGE_CURVE('',#2572,#2570,#1350,.T.);
#3288=EDGE_CURVE('',#2573,#2573,#2095,.T.);
#3289=EDGE_CURVE('',#2573,#2574,#1351,.T.);
#3290=EDGE_CURVE('',#2575,#2575,#2096,.F.);
#3291=EDGE_CURVE('',#2575,#2573,#1352,.T.);
#3292=EDGE_CURVE('',#2128,#2551,#1353,.T.);
#3293=EDGE_CURVE('',#2127,#2554,#1354,.T.);
#3294=EDGE_CURVE('',#2126,#2548,#1355,.T.);
#3295=EDGE_CURVE('',#2125,#2557,#1356,.T.);
#3296=EDGE_CURVE('',#2124,#2560,#1357,.T.);
#3297=EDGE_CURVE('',#2123,#2563,#1358,.T.);
#3298=EDGE_CURVE('',#2122,#2566,#1359,.T.);
#3299=EDGE_CURVE('',#2121,#2575,#1360,.T.);
#3300=EDGE_CURVE('',#2120,#2569,#1361,.T.);
#3301=EDGE_CURVE('',#2119,#2572,#1362,.T.);
#3302=EDGE_CURVE('',#2118,#2347,#1363,.T.);
#3303=EDGE_CURVE('',#2117,#2348,#1364,.T.);
#3304=EDGE_CURVE('',#2116,#2349,#1365,.T.);
#3305=EDGE_CURVE('',#2115,#2350,#1366,.T.);
#3306=EDGE_CURVE('',#2360,#2468,#2097,.T.);
#3307=ORIENTED_EDGE('',*,*,#2576,.T.);
#3308=ORIENTED_EDGE('',*,*,#2577,.T.);
#3309=ORIENTED_EDGE('',*,*,#2578,.T.);
#3310=ORIENTED_EDGE('',*,*,#2579,.T.);
#3311=ORIENTED_EDGE('',*,*,#2580,.T.);
#3312=ORIENTED_EDGE('',*,*,#2581,.T.);
#3313=ORIENTED_EDGE('',*,*,#2578,.F.);
#3314=ORIENTED_EDGE('',*,*,#2582,.T.);
#3315=ORIENTED_EDGE('',*,*,#2583,.T.);
#3316=ORIENTED_EDGE('',*,*,#2584,.T.);
#3317=ORIENTED_EDGE('',*,*,#2580,.F.);
#3318=ORIENTED_EDGE('',*,*,#2585,.T.);
#3319=ORIENTED_EDGE('',*,*,#2585,.F.);
#3320=ORIENTED_EDGE('',*,*,#2586,.F.);
#3321=ORIENTED_EDGE('',*,*,#2587,.F.);
#3322=ORIENTED_EDGE('',*,*,#2588,.T.);
#3323=ORIENTED_EDGE('',*,*,#2582,.F.);
#3324=ORIENTED_EDGE('',*,*,#2589,.T.);
#3325=ORIENTED_EDGE('',*,*,#2590,.F.);
#3326=ORIENTED_EDGE('',*,*,#2586,.T.);
#3327=ORIENTED_EDGE('',*,*,#2577,.F.);
#3328=ORIENTED_EDGE('',*,*,#2591,.F.);
#3329=ORIENTED_EDGE('',*,*,#2592,.F.);
#3330=ORIENTED_EDGE('',*,*,#2589,.F.);
#3331=ORIENTED_EDGE('',*,*,#2576,.F.);
#3332=ORIENTED_EDGE('',*,*,#2593,.F.);
#3333=ORIENTED_EDGE('',*,*,#2594,.F.);
#3334=ORIENTED_EDGE('',*,*,#2595,.F.);
#3335=ORIENTED_EDGE('',*,*,#2596,.F.);
#3336=ORIENTED_EDGE('',*,*,#2597,.F.);
#3337=ORIENTED_EDGE('',*,*,#2598,.F.);
#3338=ORIENTED_EDGE('',*,*,#2591,.T.);
#3339=ORIENTED_EDGE('',*,*,#2599,.T.);
#3340=ORIENTED_EDGE('',*,*,#2600,.T.);
#3341=ORIENTED_EDGE('',*,*,#2601,.T.);
#3342=ORIENTED_EDGE('',*,*,#2602,.T.);
#3343=ORIENTED_EDGE('',*,*,#2603,.T.);
#3344=ORIENTED_EDGE('',*,*,#2604,.T.);
#3345=ORIENTED_EDGE('',*,*,#2605,.T.);
#3346=ORIENTED_EDGE('',*,*,#2606,.T.);
#3347=ORIENTED_EDGE('',*,*,#2607,.T.);
#3348=ORIENTED_EDGE('',*,*,#2608,.T.);
#3349=ORIENTED_EDGE('',*,*,#2609,.T.);
#3350=ORIENTED_EDGE('',*,*,#2610,.T.);
#3351=ORIENTED_EDGE('',*,*,#2611,.T.);
#3352=ORIENTED_EDGE('',*,*,#2612,.T.);
#3353=ORIENTED_EDGE('',*,*,#2613,.T.);
#3354=ORIENTED_EDGE('',*,*,#2614,.T.);
#3355=ORIENTED_EDGE('',*,*,#2615,.T.);
#3356=ORIENTED_EDGE('',*,*,#2616,.T.);
#3357=ORIENTED_EDGE('',*,*,#2617,.T.);
#3358=ORIENTED_EDGE('',*,*,#2618,.T.);
#3359=ORIENTED_EDGE('',*,*,#2619,.T.);
#3360=ORIENTED_EDGE('',*,*,#2620,.T.);
#3361=ORIENTED_EDGE('',*,*,#2621,.T.);
#3362=ORIENTED_EDGE('',*,*,#2622,.T.);
#3363=ORIENTED_EDGE('',*,*,#2623,.T.);
#3364=ORIENTED_EDGE('',*,*,#2624,.T.);
#3365=ORIENTED_EDGE('',*,*,#2625,.T.);
#3366=ORIENTED_EDGE('',*,*,#2626,.T.);
#3367=ORIENTED_EDGE('',*,*,#2627,.T.);
#3368=ORIENTED_EDGE('',*,*,#2628,.T.);
#3369=ORIENTED_EDGE('',*,*,#2629,.T.);
#3370=ORIENTED_EDGE('',*,*,#2630,.T.);
#3371=ORIENTED_EDGE('',*,*,#2631,.T.);
#3372=ORIENTED_EDGE('',*,*,#2632,.T.);
#3373=ORIENTED_EDGE('',*,*,#2633,.T.);
#3374=ORIENTED_EDGE('',*,*,#2634,.T.);
#3375=ORIENTED_EDGE('',*,*,#2635,.T.);
#3376=ORIENTED_EDGE('',*,*,#2636,.T.);
#3377=ORIENTED_EDGE('',*,*,#2637,.T.);
#3378=ORIENTED_EDGE('',*,*,#2638,.T.);
#3379=ORIENTED_EDGE('',*,*,#2639,.T.);
#3380=ORIENTED_EDGE('',*,*,#2640,.T.);
#3381=ORIENTED_EDGE('',*,*,#2641,.T.);
#3382=ORIENTED_EDGE('',*,*,#2642,.T.);
#3383=ORIENTED_EDGE('',*,*,#2643,.T.);
#3384=ORIENTED_EDGE('',*,*,#2644,.T.);
#3385=ORIENTED_EDGE('',*,*,#2645,.T.);
#3386=ORIENTED_EDGE('',*,*,#2646,.T.);
#3387=ORIENTED_EDGE('',*,*,#2647,.T.);
#3388=ORIENTED_EDGE('',*,*,#2648,.T.);
#3389=ORIENTED_EDGE('',*,*,#2649,.T.);
#3390=ORIENTED_EDGE('',*,*,#2650,.T.);
#3391=ORIENTED_EDGE('',*,*,#2651,.T.);
#3392=ORIENTED_EDGE('',*,*,#2652,.T.);
#3393=ORIENTED_EDGE('',*,*,#2653,.T.);
#3394=ORIENTED_EDGE('',*,*,#2654,.T.);
#3395=ORIENTED_EDGE('',*,*,#2655,.T.);
#3396=ORIENTED_EDGE('',*,*,#2656,.T.);
#3397=ORIENTED_EDGE('',*,*,#2657,.T.);
#3398=ORIENTED_EDGE('',*,*,#2658,.T.);
#3399=ORIENTED_EDGE('',*,*,#2659,.T.);
#3400=ORIENTED_EDGE('',*,*,#2660,.T.);
#3401=ORIENTED_EDGE('',*,*,#2661,.T.);
#3402=ORIENTED_EDGE('',*,*,#2662,.T.);
#3403=ORIENTED_EDGE('',*,*,#2663,.T.);
#3404=ORIENTED_EDGE('',*,*,#2664,.T.);
#3405=ORIENTED_EDGE('',*,*,#2665,.T.);
#3406=ORIENTED_EDGE('',*,*,#2666,.T.);
#3407=ORIENTED_EDGE('',*,*,#2667,.T.);
#3408=ORIENTED_EDGE('',*,*,#2668,.T.);
#3409=ORIENTED_EDGE('',*,*,#2669,.T.);
#3410=ORIENTED_EDGE('',*,*,#2670,.T.);
#3411=ORIENTED_EDGE('',*,*,#2671,.T.);
#3412=ORIENTED_EDGE('',*,*,#2672,.T.);
#3413=ORIENTED_EDGE('',*,*,#2673,.T.);
#3414=ORIENTED_EDGE('',*,*,#2674,.T.);
#3415=ORIENTED_EDGE('',*,*,#2675,.T.);
#3416=ORIENTED_EDGE('',*,*,#2676,.T.);
#3417=ORIENTED_EDGE('',*,*,#2677,.T.);
#3418=ORIENTED_EDGE('',*,*,#2678,.T.);
#3419=ORIENTED_EDGE('',*,*,#2679,.T.);
#3420=ORIENTED_EDGE('',*,*,#2680,.T.);
#3421=ORIENTED_EDGE('',*,*,#2681,.T.);
#3422=ORIENTED_EDGE('',*,*,#2682,.T.);
#3423=ORIENTED_EDGE('',*,*,#2683,.T.);
#3424=ORIENTED_EDGE('',*,*,#2684,.T.);
#3425=ORIENTED_EDGE('',*,*,#2685,.T.);
#3426=ORIENTED_EDGE('',*,*,#2686,.T.);
#3427=ORIENTED_EDGE('',*,*,#2687,.T.);
#3428=ORIENTED_EDGE('',*,*,#2688,.T.);
#3429=ORIENTED_EDGE('',*,*,#2689,.T.);
#3430=ORIENTED_EDGE('',*,*,#2690,.T.);
#3431=ORIENTED_EDGE('',*,*,#2691,.T.);
#3432=ORIENTED_EDGE('',*,*,#2587,.T.);
#3433=ORIENTED_EDGE('',*,*,#2692,.T.);
#3434=ORIENTED_EDGE('',*,*,#2693,.T.);
#3435=ORIENTED_EDGE('',*,*,#2694,.T.);
#3436=ORIENTED_EDGE('',*,*,#2695,.T.);
#3437=ORIENTED_EDGE('',*,*,#2692,.F.);
#3438=ORIENTED_EDGE('',*,*,#2590,.T.);
#3439=ORIENTED_EDGE('',*,*,#2598,.T.);
#3440=ORIENTED_EDGE('',*,*,#2696,.T.);
#3441=ORIENTED_EDGE('',*,*,#2694,.F.);
#3442=ORIENTED_EDGE('',*,*,#2592,.T.);
#3443=ORIENTED_EDGE('',*,*,#2596,.T.);
#3444=ORIENTED_EDGE('',*,*,#2697,.T.);
#3445=ORIENTED_EDGE('',*,*,#2698,.T.);
#3446=ORIENTED_EDGE('',*,*,#2699,.T.);
#3447=ORIENTED_EDGE('',*,*,#2700,.T.);
#3448=ORIENTED_EDGE('',*,*,#2701,.T.);
#3449=ORIENTED_EDGE('',*,*,#2698,.F.);
#3450=ORIENTED_EDGE('',*,*,#2702,.T.);
#3451=ORIENTED_EDGE('',*,*,#2703,.T.);
#3452=ORIENTED_EDGE('',*,*,#2704,.T.);
#3453=ORIENTED_EDGE('',*,*,#2700,.F.);
#3454=ORIENTED_EDGE('',*,*,#2705,.T.);
#3455=ORIENTED_EDGE('',*,*,#2706,.T.);
#3456=ORIENTED_EDGE('',*,*,#2707,.T.);
#3457=ORIENTED_EDGE('',*,*,#2703,.F.);
#3458=ORIENTED_EDGE('',*,*,#2708,.T.);
#3459=ORIENTED_EDGE('',*,*,#2709,.T.);
#3460=ORIENTED_EDGE('',*,*,#2710,.T.);
#3461=ORIENTED_EDGE('',*,*,#2706,.F.);
#3462=ORIENTED_EDGE('',*,*,#2711,.T.);
#3463=ORIENTED_EDGE('',*,*,#2696,.F.);
#3464=ORIENTED_EDGE('',*,*,#2597,.T.);
#3465=ORIENTED_EDGE('',*,*,#2699,.F.);
#3466=ORIENTED_EDGE('',*,*,#2701,.F.);
#3467=ORIENTED_EDGE('',*,*,#2704,.F.);
#3468=ORIENTED_EDGE('',*,*,#2707,.F.);
#3469=ORIENTED_EDGE('',*,*,#2710,.F.);
#3470=ORIENTED_EDGE('',*,*,#2712,.T.);
#3471=ORIENTED_EDGE('',*,*,#2713,.F.);
#3472=ORIENTED_EDGE('',*,*,#2714,.F.);
#3473=ORIENTED_EDGE('',*,*,#2715,.F.);
#3474=ORIENTED_EDGE('',*,*,#2716,.T.);
#3475=ORIENTED_EDGE('',*,*,#2717,.T.);
#3476=ORIENTED_EDGE('',*,*,#2718,.T.);
#3477=ORIENTED_EDGE('',*,*,#2693,.F.);
#3478=ORIENTED_EDGE('',*,*,#2695,.F.);
#3479=ORIENTED_EDGE('',*,*,#2709,.F.);
#3480=ORIENTED_EDGE('',*,*,#2719,.F.);
#3481=ORIENTED_EDGE('',*,*,#2720,.F.);
#3482=ORIENTED_EDGE('',*,*,#2721,.F.);
#3483=ORIENTED_EDGE('',*,*,#2722,.F.);
#3484=ORIENTED_EDGE('',*,*,#2723,.T.);
#3485=ORIENTED_EDGE('',*,*,#2724,.F.);
#3486=ORIENTED_EDGE('',*,*,#2712,.F.);
#3487=ORIENTED_EDGE('',*,*,#2725,.T.);
#3488=ORIENTED_EDGE('',*,*,#2726,.T.);
#3489=ORIENTED_EDGE('',*,*,#2727,.T.);
#3490=ORIENTED_EDGE('',*,*,#2728,.T.);
#3491=ORIENTED_EDGE('',*,*,#2729,.T.);
#3492=ORIENTED_EDGE('',*,*,#2730,.T.);
#3493=ORIENTED_EDGE('',*,*,#2731,.T.);
#3494=ORIENTED_EDGE('',*,*,#2732,.T.);
#3495=ORIENTED_EDGE('',*,*,#2733,.T.);
#3496=ORIENTED_EDGE('',*,*,#2734,.T.);
#3497=ORIENTED_EDGE('',*,*,#2735,.T.);
#3498=ORIENTED_EDGE('',*,*,#2736,.T.);
#3499=ORIENTED_EDGE('',*,*,#2737,.T.);
#3500=ORIENTED_EDGE('',*,*,#2738,.T.);
#3501=ORIENTED_EDGE('',*,*,#2739,.T.);
#3502=ORIENTED_EDGE('',*,*,#2740,.T.);
#3503=ORIENTED_EDGE('',*,*,#2741,.T.);
#3504=ORIENTED_EDGE('',*,*,#2742,.T.);
#3505=ORIENTED_EDGE('',*,*,#2743,.T.);
#3506=ORIENTED_EDGE('',*,*,#2744,.T.);
#3507=ORIENTED_EDGE('',*,*,#2745,.T.);
#3508=ORIENTED_EDGE('',*,*,#2746,.T.);
#3509=ORIENTED_EDGE('',*,*,#2747,.T.);
#3510=ORIENTED_EDGE('',*,*,#2748,.T.);
#3511=ORIENTED_EDGE('',*,*,#2749,.T.);
#3512=ORIENTED_EDGE('',*,*,#2750,.T.);
#3513=ORIENTED_EDGE('',*,*,#2751,.T.);
#3514=ORIENTED_EDGE('',*,*,#2752,.T.);
#3515=ORIENTED_EDGE('',*,*,#2753,.T.);
#3516=ORIENTED_EDGE('',*,*,#2754,.T.);
#3517=ORIENTED_EDGE('',*,*,#2755,.T.);
#3518=ORIENTED_EDGE('',*,*,#2756,.T.);
#3519=ORIENTED_EDGE('',*,*,#2757,.T.);
#3520=ORIENTED_EDGE('',*,*,#2758,.T.);
#3521=ORIENTED_EDGE('',*,*,#2759,.T.);
#3522=ORIENTED_EDGE('',*,*,#2760,.T.);
#3523=ORIENTED_EDGE('',*,*,#2761,.T.);
#3524=ORIENTED_EDGE('',*,*,#2762,.T.);
#3525=ORIENTED_EDGE('',*,*,#2763,.T.);
#3526=ORIENTED_EDGE('',*,*,#2764,.T.);
#3527=ORIENTED_EDGE('',*,*,#2765,.T.);
#3528=ORIENTED_EDGE('',*,*,#2766,.T.);
#3529=ORIENTED_EDGE('',*,*,#2767,.T.);
#3530=ORIENTED_EDGE('',*,*,#2768,.T.);
#3531=ORIENTED_EDGE('',*,*,#2769,.T.);
#3532=ORIENTED_EDGE('',*,*,#2770,.T.);
#3533=ORIENTED_EDGE('',*,*,#2771,.T.);
#3534=ORIENTED_EDGE('',*,*,#2772,.T.);
#3535=ORIENTED_EDGE('',*,*,#2773,.T.);
#3536=ORIENTED_EDGE('',*,*,#2774,.T.);
#3537=ORIENTED_EDGE('',*,*,#2775,.T.);
#3538=ORIENTED_EDGE('',*,*,#2776,.T.);
#3539=ORIENTED_EDGE('',*,*,#2777,.T.);
#3540=ORIENTED_EDGE('',*,*,#2778,.T.);
#3541=ORIENTED_EDGE('',*,*,#2779,.T.);
#3542=ORIENTED_EDGE('',*,*,#2780,.T.);
#3543=ORIENTED_EDGE('',*,*,#2781,.T.);
#3544=ORIENTED_EDGE('',*,*,#2782,.T.);
#3545=ORIENTED_EDGE('',*,*,#2783,.T.);
#3546=ORIENTED_EDGE('',*,*,#2784,.T.);
#3547=ORIENTED_EDGE('',*,*,#2785,.T.);
#3548=ORIENTED_EDGE('',*,*,#2786,.T.);
#3549=ORIENTED_EDGE('',*,*,#2787,.T.);
#3550=ORIENTED_EDGE('',*,*,#2788,.T.);
#3551=ORIENTED_EDGE('',*,*,#2789,.T.);
#3552=ORIENTED_EDGE('',*,*,#2790,.T.);
#3553=ORIENTED_EDGE('',*,*,#2791,.T.);
#3554=ORIENTED_EDGE('',*,*,#2792,.T.);
#3555=ORIENTED_EDGE('',*,*,#2793,.T.);
#3556=ORIENTED_EDGE('',*,*,#2794,.T.);
#3557=ORIENTED_EDGE('',*,*,#2795,.T.);
#3558=ORIENTED_EDGE('',*,*,#2796,.T.);
#3559=ORIENTED_EDGE('',*,*,#2797,.T.);
#3560=ORIENTED_EDGE('',*,*,#2798,.T.);
#3561=ORIENTED_EDGE('',*,*,#2799,.T.);
#3562=ORIENTED_EDGE('',*,*,#2800,.T.);
#3563=ORIENTED_EDGE('',*,*,#2801,.T.);
#3564=ORIENTED_EDGE('',*,*,#2802,.T.);
#3565=ORIENTED_EDGE('',*,*,#2803,.T.);
#3566=ORIENTED_EDGE('',*,*,#2804,.T.);
#3567=ORIENTED_EDGE('',*,*,#2805,.T.);
#3568=ORIENTED_EDGE('',*,*,#2806,.T.);
#3569=ORIENTED_EDGE('',*,*,#2807,.T.);
#3570=ORIENTED_EDGE('',*,*,#2808,.T.);
#3571=ORIENTED_EDGE('',*,*,#2809,.T.);
#3572=ORIENTED_EDGE('',*,*,#2810,.T.);
#3573=ORIENTED_EDGE('',*,*,#2811,.T.);
#3574=ORIENTED_EDGE('',*,*,#2812,.T.);
#3575=ORIENTED_EDGE('',*,*,#2813,.T.);
#3576=ORIENTED_EDGE('',*,*,#2814,.T.);
#3577=ORIENTED_EDGE('',*,*,#2815,.T.);
#3578=ORIENTED_EDGE('',*,*,#2816,.T.);
#3579=ORIENTED_EDGE('',*,*,#2724,.T.);
#3580=ORIENTED_EDGE('',*,*,#2817,.T.);
#3581=ORIENTED_EDGE('',*,*,#2818,.T.);
#3582=ORIENTED_EDGE('',*,*,#2713,.T.);
#3583=ORIENTED_EDGE('',*,*,#2819,.T.);
#3584=ORIENTED_EDGE('',*,*,#2714,.T.);
#3585=ORIENTED_EDGE('',*,*,#2818,.F.);
#3586=ORIENTED_EDGE('',*,*,#2820,.T.);
#3587=ORIENTED_EDGE('',*,*,#2821,.T.);
#3588=ORIENTED_EDGE('',*,*,#2715,.T.);
#3589=ORIENTED_EDGE('',*,*,#2819,.F.);
#3590=ORIENTED_EDGE('',*,*,#2822,.T.);
#3591=ORIENTED_EDGE('',*,*,#2822,.F.);
#3592=ORIENTED_EDGE('',*,*,#2823,.F.);
#3593=ORIENTED_EDGE('',*,*,#2824,.F.);
#3594=ORIENTED_EDGE('',*,*,#2825,.T.);
#3595=ORIENTED_EDGE('',*,*,#2820,.F.);
#3596=ORIENTED_EDGE('',*,*,#2826,.T.);
#3597=ORIENTED_EDGE('',*,*,#2827,.F.);
#3598=ORIENTED_EDGE('',*,*,#2823,.T.);
#3599=ORIENTED_EDGE('',*,*,#2817,.F.);
#3600=ORIENTED_EDGE('',*,*,#2723,.F.);
#3601=ORIENTED_EDGE('',*,*,#2828,.F.);
#3602=ORIENTED_EDGE('',*,*,#2826,.F.);
#3603=ORIENTED_EDGE('',*,*,#2829,.T.);
#3604=ORIENTED_EDGE('',*,*,#2824,.T.);
#3605=ORIENTED_EDGE('',*,*,#2830,.T.);
#3606=ORIENTED_EDGE('',*,*,#2831,.T.);
#3607=ORIENTED_EDGE('',*,*,#2832,.T.);
#3608=ORIENTED_EDGE('',*,*,#2833,.T.);
#3609=ORIENTED_EDGE('',*,*,#2830,.F.);
#3610=ORIENTED_EDGE('',*,*,#2827,.T.);
#3611=ORIENTED_EDGE('',*,*,#2722,.T.);
#3612=ORIENTED_EDGE('',*,*,#2834,.T.);
#3613=ORIENTED_EDGE('',*,*,#2832,.F.);
#3614=ORIENTED_EDGE('',*,*,#2828,.T.);
#3615=ORIENTED_EDGE('',*,*,#2720,.T.);
#3616=ORIENTED_EDGE('',*,*,#2835,.T.);
#3617=ORIENTED_EDGE('',*,*,#2836,.T.);
#3618=ORIENTED_EDGE('',*,*,#2837,.T.);
#3619=ORIENTED_EDGE('',*,*,#2838,.T.);
#3620=ORIENTED_EDGE('',*,*,#2839,.T.);
#3621=ORIENTED_EDGE('',*,*,#2836,.F.);
#3622=ORIENTED_EDGE('',*,*,#2840,.T.);
#3623=ORIENTED_EDGE('',*,*,#2841,.T.);
#3624=ORIENTED_EDGE('',*,*,#2842,.T.);
#3625=ORIENTED_EDGE('',*,*,#2838,.F.);
#3626=ORIENTED_EDGE('',*,*,#2843,.T.);
#3627=ORIENTED_EDGE('',*,*,#2844,.T.);
#3628=ORIENTED_EDGE('',*,*,#2845,.T.);
#3629=ORIENTED_EDGE('',*,*,#2841,.F.);
#3630=ORIENTED_EDGE('',*,*,#2846,.T.);
#3631=ORIENTED_EDGE('',*,*,#2594,.T.);
#3632=ORIENTED_EDGE('',*,*,#2847,.T.);
#3633=ORIENTED_EDGE('',*,*,#2844,.F.);
#3634=ORIENTED_EDGE('',*,*,#2848,.T.);
#3635=ORIENTED_EDGE('',*,*,#2697,.F.);
#3636=ORIENTED_EDGE('',*,*,#2595,.T.);
#3637=ORIENTED_EDGE('',*,*,#2848,.F.);
#3638=ORIENTED_EDGE('',*,*,#2849,.F.);
#3639=ORIENTED_EDGE('',*,*,#2702,.F.);
#3640=ORIENTED_EDGE('',*,*,#2849,.T.);
#3641=ORIENTED_EDGE('',*,*,#2846,.F.);
#3642=ORIENTED_EDGE('',*,*,#2850,.T.);
#3643=ORIENTED_EDGE('',*,*,#2705,.F.);
#3644=ORIENTED_EDGE('',*,*,#2850,.F.);
#3645=ORIENTED_EDGE('',*,*,#2843,.F.);
#3646=ORIENTED_EDGE('',*,*,#2851,.F.);
#3647=ORIENTED_EDGE('',*,*,#2708,.F.);
#3648=ORIENTED_EDGE('',*,*,#2851,.T.);
#3649=ORIENTED_EDGE('',*,*,#2840,.F.);
#3650=ORIENTED_EDGE('',*,*,#2852,.T.);
#3651=ORIENTED_EDGE('',*,*,#2711,.F.);
#3652=ORIENTED_EDGE('',*,*,#2852,.F.);
#3653=ORIENTED_EDGE('',*,*,#2835,.F.);
#3654=ORIENTED_EDGE('',*,*,#2719,.T.);
#3655=ORIENTED_EDGE('',*,*,#2853,.F.);
#3656=ORIENTED_EDGE('',*,*,#2854,.F.);
#3657=ORIENTED_EDGE('',*,*,#2855,.F.);
#3658=ORIENTED_EDGE('',*,*,#2856,.T.);
#3659=ORIENTED_EDGE('',*,*,#2857,.T.);
#3660=ORIENTED_EDGE('',*,*,#2858,.T.);
#3661=ORIENTED_EDGE('',*,*,#2859,.T.);
#3662=ORIENTED_EDGE('',*,*,#2857,.F.);
#3663=ORIENTED_EDGE('',*,*,#2860,.T.);
#3664=ORIENTED_EDGE('',*,*,#2861,.T.);
#3665=ORIENTED_EDGE('',*,*,#2862,.F.);
#3666=ORIENTED_EDGE('',*,*,#2863,.F.);
#3667=ORIENTED_EDGE('',*,*,#2864,.F.);
#3668=ORIENTED_EDGE('',*,*,#2865,.F.);
#3669=ORIENTED_EDGE('',*,*,#2866,.F.);
#3670=ORIENTED_EDGE('',*,*,#2858,.F.);
#3671=ORIENTED_EDGE('',*,*,#2862,.T.);
#3672=ORIENTED_EDGE('',*,*,#2867,.T.);
#3673=ORIENTED_EDGE('',*,*,#2868,.F.);
#3674=ORIENTED_EDGE('',*,*,#2869,.F.);
#3675=ORIENTED_EDGE('',*,*,#2870,.F.);
#3676=ORIENTED_EDGE('',*,*,#2871,.F.);
#3677=ORIENTED_EDGE('',*,*,#2872,.F.);
#3678=ORIENTED_EDGE('',*,*,#2859,.F.);
#3679=ORIENTED_EDGE('',*,*,#2868,.T.);
#3680=ORIENTED_EDGE('',*,*,#2873,.T.);
#3681=ORIENTED_EDGE('',*,*,#2874,.F.);
#3682=ORIENTED_EDGE('',*,*,#2856,.F.);
#3683=ORIENTED_EDGE('',*,*,#2875,.F.);
#3684=ORIENTED_EDGE('',*,*,#2876,.T.);
#3685=ORIENTED_EDGE('',*,*,#2860,.F.);
#3686=ORIENTED_EDGE('',*,*,#2877,.F.);
#3687=ORIENTED_EDGE('',*,*,#2873,.F.);
#3688=ORIENTED_EDGE('',*,*,#2867,.F.);
#3689=ORIENTED_EDGE('',*,*,#2861,.F.);
#3690=ORIENTED_EDGE('',*,*,#2876,.F.);
#3691=ORIENTED_EDGE('',*,*,#2878,.F.);
#3692=ORIENTED_EDGE('',*,*,#2879,.F.);
#3693=ORIENTED_EDGE('',*,*,#2879,.T.);
#3694=ORIENTED_EDGE('',*,*,#2880,.F.);
#3695=ORIENTED_EDGE('',*,*,#2717,.F.);
#3696=ORIENTED_EDGE('',*,*,#2881,.F.);
#3697=ORIENTED_EDGE('',*,*,#2583,.F.);
#3698=ORIENTED_EDGE('',*,*,#2588,.F.);
#3699=ORIENTED_EDGE('',*,*,#2691,.F.);
#3700=ORIENTED_EDGE('',*,*,#2718,.F.);
#3701=ORIENTED_EDGE('',*,*,#2880,.T.);
#3702=ORIENTED_EDGE('',*,*,#2878,.T.);
#3703=ORIENTED_EDGE('',*,*,#2875,.T.);
#3704=ORIENTED_EDGE('',*,*,#2855,.T.);
#3705=ORIENTED_EDGE('',*,*,#2882,.T.);
#3706=ORIENTED_EDGE('',*,*,#2883,.F.);
#3707=ORIENTED_EDGE('',*,*,#2814,.F.);
#3708=ORIENTED_EDGE('',*,*,#2884,.T.);
#3709=ORIENTED_EDGE('',*,*,#2885,.T.);
#3710=ORIENTED_EDGE('',*,*,#2886,.F.);
#3711=ORIENTED_EDGE('',*,*,#2816,.F.);
#3712=ORIENTED_EDGE('',*,*,#2887,.T.);
#3713=ORIENTED_EDGE('',*,*,#2888,.T.);
#3714=ORIENTED_EDGE('',*,*,#2884,.F.);
#3715=ORIENTED_EDGE('',*,*,#2815,.F.);
#3716=ORIENTED_EDGE('',*,*,#2886,.T.);
#3717=ORIENTED_EDGE('',*,*,#2889,.T.);
#3718=ORIENTED_EDGE('',*,*,#2887,.F.);
#3719=ORIENTED_EDGE('',*,*,#2889,.F.);
#3720=ORIENTED_EDGE('',*,*,#2885,.F.);
#3721=ORIENTED_EDGE('',*,*,#2888,.F.);
#3722=ORIENTED_EDGE('',*,*,#2811,.F.);
#3723=ORIENTED_EDGE('',*,*,#2890,.T.);
#3724=ORIENTED_EDGE('',*,*,#2891,.T.);
#3725=ORIENTED_EDGE('',*,*,#2892,.F.);
#3726=ORIENTED_EDGE('',*,*,#2813,.F.);
#3727=ORIENTED_EDGE('',*,*,#2893,.T.);
#3728=ORIENTED_EDGE('',*,*,#2894,.T.);
#3729=ORIENTED_EDGE('',*,*,#2890,.F.);
#3730=ORIENTED_EDGE('',*,*,#2812,.F.);
#3731=ORIENTED_EDGE('',*,*,#2892,.T.);
#3732=ORIENTED_EDGE('',*,*,#2895,.T.);
#3733=ORIENTED_EDGE('',*,*,#2893,.F.);
#3734=ORIENTED_EDGE('',*,*,#2895,.F.);
#3735=ORIENTED_EDGE('',*,*,#2891,.F.);
#3736=ORIENTED_EDGE('',*,*,#2894,.F.);
#3737=ORIENTED_EDGE('',*,*,#2808,.F.);
#3738=ORIENTED_EDGE('',*,*,#2896,.T.);
#3739=ORIENTED_EDGE('',*,*,#2897,.T.);
#3740=ORIENTED_EDGE('',*,*,#2898,.F.);
#3741=ORIENTED_EDGE('',*,*,#2810,.F.);
#3742=ORIENTED_EDGE('',*,*,#2899,.T.);
#3743=ORIENTED_EDGE('',*,*,#2900,.T.);
#3744=ORIENTED_EDGE('',*,*,#2896,.F.);
#3745=ORIENTED_EDGE('',*,*,#2809,.F.);
#3746=ORIENTED_EDGE('',*,*,#2898,.T.);
#3747=ORIENTED_EDGE('',*,*,#2901,.T.);
#3748=ORIENTED_EDGE('',*,*,#2899,.F.);
#3749=ORIENTED_EDGE('',*,*,#2901,.F.);
#3750=ORIENTED_EDGE('',*,*,#2897,.F.);
#3751=ORIENTED_EDGE('',*,*,#2900,.F.);
#3752=ORIENTED_EDGE('',*,*,#2805,.F.);
#3753=ORIENTED_EDGE('',*,*,#2902,.T.);
#3754=ORIENTED_EDGE('',*,*,#2903,.T.);
#3755=ORIENTED_EDGE('',*,*,#2904,.F.);
#3756=ORIENTED_EDGE('',*,*,#2807,.F.);
#3757=ORIENTED_EDGE('',*,*,#2905,.T.);
#3758=ORIENTED_EDGE('',*,*,#2906,.T.);
#3759=ORIENTED_EDGE('',*,*,#2902,.F.);
#3760=ORIENTED_EDGE('',*,*,#2806,.F.);
#3761=ORIENTED_EDGE('',*,*,#2904,.T.);
#3762=ORIENTED_EDGE('',*,*,#2907,.T.);
#3763=ORIENTED_EDGE('',*,*,#2905,.F.);
#3764=ORIENTED_EDGE('',*,*,#2907,.F.);
#3765=ORIENTED_EDGE('',*,*,#2903,.F.);
#3766=ORIENTED_EDGE('',*,*,#2906,.F.);
#3767=ORIENTED_EDGE('',*,*,#2802,.F.);
#3768=ORIENTED_EDGE('',*,*,#2908,.T.);
#3769=ORIENTED_EDGE('',*,*,#2909,.T.);
#3770=ORIENTED_EDGE('',*,*,#2910,.F.);
#3771=ORIENTED_EDGE('',*,*,#2804,.F.);
#3772=ORIENTED_EDGE('',*,*,#2911,.T.);
#3773=ORIENTED_EDGE('',*,*,#2912,.T.);
#3774=ORIENTED_EDGE('',*,*,#2908,.F.);
#3775=ORIENTED_EDGE('',*,*,#2803,.F.);
#3776=ORIENTED_EDGE('',*,*,#2910,.T.);
#3777=ORIENTED_EDGE('',*,*,#2913,.T.);
#3778=ORIENTED_EDGE('',*,*,#2911,.F.);
#3779=ORIENTED_EDGE('',*,*,#2913,.F.);
#3780=ORIENTED_EDGE('',*,*,#2909,.F.);
#3781=ORIENTED_EDGE('',*,*,#2912,.F.);
#3782=ORIENTED_EDGE('',*,*,#2799,.F.);
#3783=ORIENTED_EDGE('',*,*,#2914,.T.);
#3784=ORIENTED_EDGE('',*,*,#2915,.T.);
#3785=ORIENTED_EDGE('',*,*,#2916,.F.);
#3786=ORIENTED_EDGE('',*,*,#2801,.F.);
#3787=ORIENTED_EDGE('',*,*,#2917,.T.);
#3788=ORIENTED_EDGE('',*,*,#2918,.T.);
#3789=ORIENTED_EDGE('',*,*,#2914,.F.);
#3790=ORIENTED_EDGE('',*,*,#2800,.F.);
#3791=ORIENTED_EDGE('',*,*,#2916,.T.);
#3792=ORIENTED_EDGE('',*,*,#2919,.T.);
#3793=ORIENTED_EDGE('',*,*,#2917,.F.);
#3794=ORIENTED_EDGE('',*,*,#2919,.F.);
#3795=ORIENTED_EDGE('',*,*,#2915,.F.);
#3796=ORIENTED_EDGE('',*,*,#2918,.F.);
#3797=ORIENTED_EDGE('',*,*,#2796,.F.);
#3798=ORIENTED_EDGE('',*,*,#2920,.T.);
#3799=ORIENTED_EDGE('',*,*,#2921,.T.);
#3800=ORIENTED_EDGE('',*,*,#2922,.F.);
#3801=ORIENTED_EDGE('',*,*,#2798,.F.);
#3802=ORIENTED_EDGE('',*,*,#2923,.T.);
#3803=ORIENTED_EDGE('',*,*,#2924,.T.);
#3804=ORIENTED_EDGE('',*,*,#2920,.F.);
#3805=ORIENTED_EDGE('',*,*,#2797,.F.);
#3806=ORIENTED_EDGE('',*,*,#2922,.T.);
#3807=ORIENTED_EDGE('',*,*,#2925,.T.);
#3808=ORIENTED_EDGE('',*,*,#2923,.F.);
#3809=ORIENTED_EDGE('',*,*,#2925,.F.);
#3810=ORIENTED_EDGE('',*,*,#2921,.F.);
#3811=ORIENTED_EDGE('',*,*,#2924,.F.);
#3812=ORIENTED_EDGE('',*,*,#2793,.F.);
#3813=ORIENTED_EDGE('',*,*,#2926,.T.);
#3814=ORIENTED_EDGE('',*,*,#2927,.T.);
#3815=ORIENTED_EDGE('',*,*,#2928,.F.);
#3816=ORIENTED_EDGE('',*,*,#2795,.F.);
#3817=ORIENTED_EDGE('',*,*,#2929,.T.);
#3818=ORIENTED_EDGE('',*,*,#2930,.T.);
#3819=ORIENTED_EDGE('',*,*,#2926,.F.);
#3820=ORIENTED_EDGE('',*,*,#2794,.F.);
#3821=ORIENTED_EDGE('',*,*,#2928,.T.);
#3822=ORIENTED_EDGE('',*,*,#2931,.T.);
#3823=ORIENTED_EDGE('',*,*,#2929,.F.);
#3824=ORIENTED_EDGE('',*,*,#2931,.F.);
#3825=ORIENTED_EDGE('',*,*,#2927,.F.);
#3826=ORIENTED_EDGE('',*,*,#2930,.F.);
#3827=ORIENTED_EDGE('',*,*,#2790,.F.);
#3828=ORIENTED_EDGE('',*,*,#2932,.T.);
#3829=ORIENTED_EDGE('',*,*,#2933,.T.);
#3830=ORIENTED_EDGE('',*,*,#2934,.F.);
#3831=ORIENTED_EDGE('',*,*,#2792,.F.);
#3832=ORIENTED_EDGE('',*,*,#2935,.T.);
#3833=ORIENTED_EDGE('',*,*,#2936,.T.);
#3834=ORIENTED_EDGE('',*,*,#2932,.F.);
#3835=ORIENTED_EDGE('',*,*,#2791,.F.);
#3836=ORIENTED_EDGE('',*,*,#2934,.T.);
#3837=ORIENTED_EDGE('',*,*,#2937,.T.);
#3838=ORIENTED_EDGE('',*,*,#2935,.F.);
#3839=ORIENTED_EDGE('',*,*,#2937,.F.);
#3840=ORIENTED_EDGE('',*,*,#2933,.F.);
#3841=ORIENTED_EDGE('',*,*,#2936,.F.);
#3842=ORIENTED_EDGE('',*,*,#2784,.F.);
#3843=ORIENTED_EDGE('',*,*,#2938,.T.);
#3844=ORIENTED_EDGE('',*,*,#2939,.T.);
#3845=ORIENTED_EDGE('',*,*,#2940,.F.);
#3846=ORIENTED_EDGE('',*,*,#2789,.F.);
#3847=ORIENTED_EDGE('',*,*,#2941,.T.);
#3848=ORIENTED_EDGE('',*,*,#2942,.T.);
#3849=ORIENTED_EDGE('',*,*,#2938,.F.);
#3850=ORIENTED_EDGE('',*,*,#2788,.F.);
#3851=ORIENTED_EDGE('',*,*,#2943,.T.);
#3852=ORIENTED_EDGE('',*,*,#2944,.T.);
#3853=ORIENTED_EDGE('',*,*,#2941,.F.);
#3854=ORIENTED_EDGE('',*,*,#2944,.F.);
#3855=ORIENTED_EDGE('',*,*,#2939,.F.);
#3856=ORIENTED_EDGE('',*,*,#2942,.F.);
#3857=ORIENTED_EDGE('',*,*,#2785,.F.);
#3858=ORIENTED_EDGE('',*,*,#2940,.T.);
#3859=ORIENTED_EDGE('',*,*,#2945,.T.);
#3860=ORIENTED_EDGE('',*,*,#2946,.F.);
#3861=ORIENTED_EDGE('',*,*,#2787,.F.);
#3862=ORIENTED_EDGE('',*,*,#2947,.T.);
#3863=ORIENTED_EDGE('',*,*,#2948,.T.);
#3864=ORIENTED_EDGE('',*,*,#2943,.F.);
#3865=ORIENTED_EDGE('',*,*,#2786,.F.);
#3866=ORIENTED_EDGE('',*,*,#2946,.T.);
#3867=ORIENTED_EDGE('',*,*,#2949,.T.);
#3868=ORIENTED_EDGE('',*,*,#2947,.F.);
#3869=ORIENTED_EDGE('',*,*,#2949,.F.);
#3870=ORIENTED_EDGE('',*,*,#2945,.F.);
#3871=ORIENTED_EDGE('',*,*,#2948,.F.);
#3872=ORIENTED_EDGE('',*,*,#2781,.F.);
#3873=ORIENTED_EDGE('',*,*,#2950,.T.);
#3874=ORIENTED_EDGE('',*,*,#2951,.T.);
#3875=ORIENTED_EDGE('',*,*,#2952,.F.);
#3876=ORIENTED_EDGE('',*,*,#2783,.F.);
#3877=ORIENTED_EDGE('',*,*,#2953,.T.);
#3878=ORIENTED_EDGE('',*,*,#2954,.T.);
#3879=ORIENTED_EDGE('',*,*,#2950,.F.);
#3880=ORIENTED_EDGE('',*,*,#2782,.F.);
#3881=ORIENTED_EDGE('',*,*,#2952,.T.);
#3882=ORIENTED_EDGE('',*,*,#2955,.T.);
#3883=ORIENTED_EDGE('',*,*,#2953,.F.);
#3884=ORIENTED_EDGE('',*,*,#2955,.F.);
#3885=ORIENTED_EDGE('',*,*,#2951,.F.);
#3886=ORIENTED_EDGE('',*,*,#2954,.F.);
#3887=ORIENTED_EDGE('',*,*,#2778,.F.);
#3888=ORIENTED_EDGE('',*,*,#2956,.T.);
#3889=ORIENTED_EDGE('',*,*,#2957,.T.);
#3890=ORIENTED_EDGE('',*,*,#2958,.F.);
#3891=ORIENTED_EDGE('',*,*,#2780,.F.);
#3892=ORIENTED_EDGE('',*,*,#2959,.T.);
#3893=ORIENTED_EDGE('',*,*,#2960,.T.);
#3894=ORIENTED_EDGE('',*,*,#2956,.F.);
#3895=ORIENTED_EDGE('',*,*,#2779,.F.);
#3896=ORIENTED_EDGE('',*,*,#2958,.T.);
#3897=ORIENTED_EDGE('',*,*,#2961,.T.);
#3898=ORIENTED_EDGE('',*,*,#2959,.F.);
#3899=ORIENTED_EDGE('',*,*,#2961,.F.);
#3900=ORIENTED_EDGE('',*,*,#2957,.F.);
#3901=ORIENTED_EDGE('',*,*,#2960,.F.);
#3902=ORIENTED_EDGE('',*,*,#2775,.F.);
#3903=ORIENTED_EDGE('',*,*,#2962,.T.);
#3904=ORIENTED_EDGE('',*,*,#2963,.T.);
#3905=ORIENTED_EDGE('',*,*,#2964,.F.);
#3906=ORIENTED_EDGE('',*,*,#2777,.F.);
#3907=ORIENTED_EDGE('',*,*,#2965,.T.);
#3908=ORIENTED_EDGE('',*,*,#2966,.T.);
#3909=ORIENTED_EDGE('',*,*,#2962,.F.);
#3910=ORIENTED_EDGE('',*,*,#2776,.F.);
#3911=ORIENTED_EDGE('',*,*,#2964,.T.);
#3912=ORIENTED_EDGE('',*,*,#2967,.T.);
#3913=ORIENTED_EDGE('',*,*,#2965,.F.);
#3914=ORIENTED_EDGE('',*,*,#2967,.F.);
#3915=ORIENTED_EDGE('',*,*,#2963,.F.);
#3916=ORIENTED_EDGE('',*,*,#2966,.F.);
#3917=ORIENTED_EDGE('',*,*,#2772,.F.);
#3918=ORIENTED_EDGE('',*,*,#2968,.T.);
#3919=ORIENTED_EDGE('',*,*,#2969,.T.);
#3920=ORIENTED_EDGE('',*,*,#2970,.F.);
#3921=ORIENTED_EDGE('',*,*,#2774,.F.);
#3922=ORIENTED_EDGE('',*,*,#2971,.T.);
#3923=ORIENTED_EDGE('',*,*,#2972,.T.);
#3924=ORIENTED_EDGE('',*,*,#2968,.F.);
#3925=ORIENTED_EDGE('',*,*,#2773,.F.);
#3926=ORIENTED_EDGE('',*,*,#2970,.T.);
#3927=ORIENTED_EDGE('',*,*,#2973,.T.);
#3928=ORIENTED_EDGE('',*,*,#2971,.F.);
#3929=ORIENTED_EDGE('',*,*,#2973,.F.);
#3930=ORIENTED_EDGE('',*,*,#2969,.F.);
#3931=ORIENTED_EDGE('',*,*,#2972,.F.);
#3932=ORIENTED_EDGE('',*,*,#2769,.F.);
#3933=ORIENTED_EDGE('',*,*,#2974,.T.);
#3934=ORIENTED_EDGE('',*,*,#2975,.T.);
#3935=ORIENTED_EDGE('',*,*,#2976,.F.);
#3936=ORIENTED_EDGE('',*,*,#2771,.F.);
#3937=ORIENTED_EDGE('',*,*,#2977,.T.);
#3938=ORIENTED_EDGE('',*,*,#2978,.T.);
#3939=ORIENTED_EDGE('',*,*,#2974,.F.);
#3940=ORIENTED_EDGE('',*,*,#2770,.F.);
#3941=ORIENTED_EDGE('',*,*,#2976,.T.);
#3942=ORIENTED_EDGE('',*,*,#2979,.T.);
#3943=ORIENTED_EDGE('',*,*,#2977,.F.);
#3944=ORIENTED_EDGE('',*,*,#2979,.F.);
#3945=ORIENTED_EDGE('',*,*,#2975,.F.);
#3946=ORIENTED_EDGE('',*,*,#2978,.F.);
#3947=ORIENTED_EDGE('',*,*,#2766,.F.);
#3948=ORIENTED_EDGE('',*,*,#2980,.T.);
#3949=ORIENTED_EDGE('',*,*,#2981,.T.);
#3950=ORIENTED_EDGE('',*,*,#2982,.F.);
#3951=ORIENTED_EDGE('',*,*,#2768,.F.);
#3952=ORIENTED_EDGE('',*,*,#2983,.T.);
#3953=ORIENTED_EDGE('',*,*,#2984,.T.);
#3954=ORIENTED_EDGE('',*,*,#2980,.F.);
#3955=ORIENTED_EDGE('',*,*,#2767,.F.);
#3956=ORIENTED_EDGE('',*,*,#2982,.T.);
#3957=ORIENTED_EDGE('',*,*,#2985,.T.);
#3958=ORIENTED_EDGE('',*,*,#2983,.F.);
#3959=ORIENTED_EDGE('',*,*,#2985,.F.);
#3960=ORIENTED_EDGE('',*,*,#2981,.F.);
#3961=ORIENTED_EDGE('',*,*,#2984,.F.);
#3962=ORIENTED_EDGE('',*,*,#2763,.F.);
#3963=ORIENTED_EDGE('',*,*,#2986,.T.);
#3964=ORIENTED_EDGE('',*,*,#2987,.T.);
#3965=ORIENTED_EDGE('',*,*,#2988,.F.);
#3966=ORIENTED_EDGE('',*,*,#2765,.F.);
#3967=ORIENTED_EDGE('',*,*,#2989,.T.);
#3968=ORIENTED_EDGE('',*,*,#2990,.T.);
#3969=ORIENTED_EDGE('',*,*,#2986,.F.);
#3970=ORIENTED_EDGE('',*,*,#2764,.F.);
#3971=ORIENTED_EDGE('',*,*,#2988,.T.);
#3972=ORIENTED_EDGE('',*,*,#2991,.T.);
#3973=ORIENTED_EDGE('',*,*,#2989,.F.);
#3974=ORIENTED_EDGE('',*,*,#2991,.F.);
#3975=ORIENTED_EDGE('',*,*,#2987,.F.);
#3976=ORIENTED_EDGE('',*,*,#2990,.F.);
#3977=ORIENTED_EDGE('',*,*,#2760,.F.);
#3978=ORIENTED_EDGE('',*,*,#2992,.T.);
#3979=ORIENTED_EDGE('',*,*,#2993,.T.);
#3980=ORIENTED_EDGE('',*,*,#2994,.F.);
#3981=ORIENTED_EDGE('',*,*,#2762,.F.);
#3982=ORIENTED_EDGE('',*,*,#2995,.T.);
#3983=ORIENTED_EDGE('',*,*,#2996,.T.);
#3984=ORIENTED_EDGE('',*,*,#2992,.F.);
#3985=ORIENTED_EDGE('',*,*,#2761,.F.);
#3986=ORIENTED_EDGE('',*,*,#2994,.T.);
#3987=ORIENTED_EDGE('',*,*,#2997,.T.);
#3988=ORIENTED_EDGE('',*,*,#2995,.F.);
#3989=ORIENTED_EDGE('',*,*,#2997,.F.);
#3990=ORIENTED_EDGE('',*,*,#2993,.F.);
#3991=ORIENTED_EDGE('',*,*,#2996,.F.);
#3992=ORIENTED_EDGE('',*,*,#2757,.F.);
#3993=ORIENTED_EDGE('',*,*,#2998,.T.);
#3994=ORIENTED_EDGE('',*,*,#2999,.T.);
#3995=ORIENTED_EDGE('',*,*,#3000,.F.);
#3996=ORIENTED_EDGE('',*,*,#2759,.F.);
#3997=ORIENTED_EDGE('',*,*,#3001,.T.);
#3998=ORIENTED_EDGE('',*,*,#3002,.T.);
#3999=ORIENTED_EDGE('',*,*,#2998,.F.);
#4000=ORIENTED_EDGE('',*,*,#2758,.F.);
#4001=ORIENTED_EDGE('',*,*,#3000,.T.);
#4002=ORIENTED_EDGE('',*,*,#3003,.T.);
#4003=ORIENTED_EDGE('',*,*,#3001,.F.);
#4004=ORIENTED_EDGE('',*,*,#3003,.F.);
#4005=ORIENTED_EDGE('',*,*,#2999,.F.);
#4006=ORIENTED_EDGE('',*,*,#3002,.F.);
#4007=ORIENTED_EDGE('',*,*,#2754,.F.);
#4008=ORIENTED_EDGE('',*,*,#3004,.T.);
#4009=ORIENTED_EDGE('',*,*,#3005,.T.);
#4010=ORIENTED_EDGE('',*,*,#3006,.F.);
#4011=ORIENTED_EDGE('',*,*,#2756,.F.);
#4012=ORIENTED_EDGE('',*,*,#3007,.T.);
#4013=ORIENTED_EDGE('',*,*,#3008,.T.);
#4014=ORIENTED_EDGE('',*,*,#3004,.F.);
#4015=ORIENTED_EDGE('',*,*,#2755,.F.);
#4016=ORIENTED_EDGE('',*,*,#3006,.T.);
#4017=ORIENTED_EDGE('',*,*,#3009,.T.);
#4018=ORIENTED_EDGE('',*,*,#3007,.F.);
#4019=ORIENTED_EDGE('',*,*,#3009,.F.);
#4020=ORIENTED_EDGE('',*,*,#3005,.F.);
#4021=ORIENTED_EDGE('',*,*,#3008,.F.);
#4022=ORIENTED_EDGE('',*,*,#2751,.F.);
#4023=ORIENTED_EDGE('',*,*,#3010,.T.);
#4024=ORIENTED_EDGE('',*,*,#3011,.T.);
#4025=ORIENTED_EDGE('',*,*,#3012,.F.);
#4026=ORIENTED_EDGE('',*,*,#2753,.F.);
#4027=ORIENTED_EDGE('',*,*,#3013,.T.);
#4028=ORIENTED_EDGE('',*,*,#3014,.T.);
#4029=ORIENTED_EDGE('',*,*,#3010,.F.);
#4030=ORIENTED_EDGE('',*,*,#2752,.F.);
#4031=ORIENTED_EDGE('',*,*,#3012,.T.);
#4032=ORIENTED_EDGE('',*,*,#3015,.T.);
#4033=ORIENTED_EDGE('',*,*,#3013,.F.);
#4034=ORIENTED_EDGE('',*,*,#3015,.F.);
#4035=ORIENTED_EDGE('',*,*,#3011,.F.);
#4036=ORIENTED_EDGE('',*,*,#3014,.F.);
#4037=ORIENTED_EDGE('',*,*,#2748,.F.);
#4038=ORIENTED_EDGE('',*,*,#3016,.T.);
#4039=ORIENTED_EDGE('',*,*,#3017,.T.);
#4040=ORIENTED_EDGE('',*,*,#3018,.F.);
#4041=ORIENTED_EDGE('',*,*,#2750,.F.);
#4042=ORIENTED_EDGE('',*,*,#3019,.T.);
#4043=ORIENTED_EDGE('',*,*,#3020,.T.);
#4044=ORIENTED_EDGE('',*,*,#3016,.F.);
#4045=ORIENTED_EDGE('',*,*,#2749,.F.);
#4046=ORIENTED_EDGE('',*,*,#3018,.T.);
#4047=ORIENTED_EDGE('',*,*,#3021,.T.);
#4048=ORIENTED_EDGE('',*,*,#3019,.F.);
#4049=ORIENTED_EDGE('',*,*,#3021,.F.);
#4050=ORIENTED_EDGE('',*,*,#3017,.F.);
#4051=ORIENTED_EDGE('',*,*,#3020,.F.);
#4052=ORIENTED_EDGE('',*,*,#2745,.F.);
#4053=ORIENTED_EDGE('',*,*,#3022,.T.);
#4054=ORIENTED_EDGE('',*,*,#3023,.T.);
#4055=ORIENTED_EDGE('',*,*,#3024,.F.);
#4056=ORIENTED_EDGE('',*,*,#2747,.F.);
#4057=ORIENTED_EDGE('',*,*,#3025,.T.);
#4058=ORIENTED_EDGE('',*,*,#3026,.T.);
#4059=ORIENTED_EDGE('',*,*,#3022,.F.);
#4060=ORIENTED_EDGE('',*,*,#2746,.F.);
#4061=ORIENTED_EDGE('',*,*,#3024,.T.);
#4062=ORIENTED_EDGE('',*,*,#3027,.T.);
#4063=ORIENTED_EDGE('',*,*,#3025,.F.);
#4064=ORIENTED_EDGE('',*,*,#3027,.F.);
#4065=ORIENTED_EDGE('',*,*,#3023,.F.);
#4066=ORIENTED_EDGE('',*,*,#3026,.F.);
#4067=ORIENTED_EDGE('',*,*,#2742,.F.);
#4068=ORIENTED_EDGE('',*,*,#3028,.T.);
#4069=ORIENTED_EDGE('',*,*,#3029,.T.);
#4070=ORIENTED_EDGE('',*,*,#3030,.F.);
#4071=ORIENTED_EDGE('',*,*,#2744,.F.);
#4072=ORIENTED_EDGE('',*,*,#3031,.T.);
#4073=ORIENTED_EDGE('',*,*,#3032,.T.);
#4074=ORIENTED_EDGE('',*,*,#3028,.F.);
#4075=ORIENTED_EDGE('',*,*,#2743,.F.);
#4076=ORIENTED_EDGE('',*,*,#3030,.T.);
#4077=ORIENTED_EDGE('',*,*,#3033,.T.);
#4078=ORIENTED_EDGE('',*,*,#3031,.F.);
#4079=ORIENTED_EDGE('',*,*,#3033,.F.);
#4080=ORIENTED_EDGE('',*,*,#3029,.F.);
#4081=ORIENTED_EDGE('',*,*,#3032,.F.);
#4082=ORIENTED_EDGE('',*,*,#2739,.F.);
#4083=ORIENTED_EDGE('',*,*,#3034,.T.);
#4084=ORIENTED_EDGE('',*,*,#3035,.T.);
#4085=ORIENTED_EDGE('',*,*,#3036,.F.);
#4086=ORIENTED_EDGE('',*,*,#2741,.F.);
#4087=ORIENTED_EDGE('',*,*,#3037,.T.);
#4088=ORIENTED_EDGE('',*,*,#3038,.T.);
#4089=ORIENTED_EDGE('',*,*,#3034,.F.);
#4090=ORIENTED_EDGE('',*,*,#2740,.F.);
#4091=ORIENTED_EDGE('',*,*,#3036,.T.);
#4092=ORIENTED_EDGE('',*,*,#3039,.T.);
#4093=ORIENTED_EDGE('',*,*,#3037,.F.);
#4094=ORIENTED_EDGE('',*,*,#3039,.F.);
#4095=ORIENTED_EDGE('',*,*,#3035,.F.);
#4096=ORIENTED_EDGE('',*,*,#3038,.F.);
#4097=ORIENTED_EDGE('',*,*,#3040,.F.);
#4098=ORIENTED_EDGE('',*,*,#3041,.T.);
#4099=ORIENTED_EDGE('',*,*,#3041,.F.);
#4100=ORIENTED_EDGE('',*,*,#3042,.F.);
#4101=ORIENTED_EDGE('',*,*,#3043,.T.);
#4102=ORIENTED_EDGE('',*,*,#3040,.T.);
#4103=ORIENTED_EDGE('',*,*,#3043,.F.);
#4104=ORIENTED_EDGE('',*,*,#3044,.F.);
#4105=ORIENTED_EDGE('',*,*,#3045,.T.);
#4106=ORIENTED_EDGE('',*,*,#3045,.F.);
#4107=ORIENTED_EDGE('',*,*,#3046,.F.);
#4108=ORIENTED_EDGE('',*,*,#3047,.T.);
#4109=ORIENTED_EDGE('',*,*,#3044,.T.);
#4110=ORIENTED_EDGE('',*,*,#3047,.F.);
#4111=ORIENTED_EDGE('',*,*,#3048,.F.);
#4112=ORIENTED_EDGE('',*,*,#3049,.T.);
#4113=ORIENTED_EDGE('',*,*,#3049,.F.);
#4114=ORIENTED_EDGE('',*,*,#3050,.F.);
#4115=ORIENTED_EDGE('',*,*,#3051,.T.);
#4116=ORIENTED_EDGE('',*,*,#3048,.T.);
#4117=ORIENTED_EDGE('',*,*,#3051,.F.);
#4118=ORIENTED_EDGE('',*,*,#3052,.F.);
#4119=ORIENTED_EDGE('',*,*,#3053,.T.);
#4120=ORIENTED_EDGE('',*,*,#3053,.F.);
#4121=ORIENTED_EDGE('',*,*,#3054,.F.);
#4122=ORIENTED_EDGE('',*,*,#3055,.T.);
#4123=ORIENTED_EDGE('',*,*,#3052,.T.);
#4124=ORIENTED_EDGE('',*,*,#3055,.F.);
#4125=ORIENTED_EDGE('',*,*,#3056,.F.);
#4126=ORIENTED_EDGE('',*,*,#3057,.T.);
#4127=ORIENTED_EDGE('',*,*,#3057,.F.);
#4128=ORIENTED_EDGE('',*,*,#3058,.F.);
#4129=ORIENTED_EDGE('',*,*,#3059,.T.);
#4130=ORIENTED_EDGE('',*,*,#3056,.T.);
#4131=ORIENTED_EDGE('',*,*,#3059,.F.);
#4132=ORIENTED_EDGE('',*,*,#3060,.F.);
#4133=ORIENTED_EDGE('',*,*,#3061,.T.);
#4134=ORIENTED_EDGE('',*,*,#3061,.F.);
#4135=ORIENTED_EDGE('',*,*,#3062,.F.);
#4136=ORIENTED_EDGE('',*,*,#3063,.T.);
#4137=ORIENTED_EDGE('',*,*,#3060,.T.);
#4138=ORIENTED_EDGE('',*,*,#3063,.F.);
#4139=ORIENTED_EDGE('',*,*,#3064,.F.);
#4140=ORIENTED_EDGE('',*,*,#3065,.T.);
#4141=ORIENTED_EDGE('',*,*,#3065,.F.);
#4142=ORIENTED_EDGE('',*,*,#3066,.F.);
#4143=ORIENTED_EDGE('',*,*,#3067,.T.);
#4144=ORIENTED_EDGE('',*,*,#3064,.T.);
#4145=ORIENTED_EDGE('',*,*,#3067,.F.);
#4146=ORIENTED_EDGE('',*,*,#3068,.F.);
#4147=ORIENTED_EDGE('',*,*,#3069,.T.);
#4148=ORIENTED_EDGE('',*,*,#3069,.F.);
#4149=ORIENTED_EDGE('',*,*,#3070,.F.);
#4150=ORIENTED_EDGE('',*,*,#3071,.T.);
#4151=ORIENTED_EDGE('',*,*,#3068,.T.);
#4152=ORIENTED_EDGE('',*,*,#3071,.F.);
#4153=ORIENTED_EDGE('',*,*,#3072,.F.);
#4154=ORIENTED_EDGE('',*,*,#3073,.T.);
#4155=ORIENTED_EDGE('',*,*,#3073,.F.);
#4156=ORIENTED_EDGE('',*,*,#3074,.F.);
#4157=ORIENTED_EDGE('',*,*,#3075,.T.);
#4158=ORIENTED_EDGE('',*,*,#3072,.T.);
#4159=ORIENTED_EDGE('',*,*,#3075,.F.);
#4160=ORIENTED_EDGE('',*,*,#3076,.F.);
#4161=ORIENTED_EDGE('',*,*,#3077,.T.);
#4162=ORIENTED_EDGE('',*,*,#3077,.F.);
#4163=ORIENTED_EDGE('',*,*,#3078,.F.);
#4164=ORIENTED_EDGE('',*,*,#3079,.T.);
#4165=ORIENTED_EDGE('',*,*,#3076,.T.);
#4166=ORIENTED_EDGE('',*,*,#3079,.F.);
#4167=ORIENTED_EDGE('',*,*,#2738,.F.);
#4168=ORIENTED_EDGE('',*,*,#3080,.T.);
#4169=ORIENTED_EDGE('',*,*,#3046,.T.);
#4170=ORIENTED_EDGE('',*,*,#3080,.F.);
#4171=ORIENTED_EDGE('',*,*,#2737,.F.);
#4172=ORIENTED_EDGE('',*,*,#3081,.T.);
#4173=ORIENTED_EDGE('',*,*,#3050,.T.);
#4174=ORIENTED_EDGE('',*,*,#3081,.F.);
#4175=ORIENTED_EDGE('',*,*,#2736,.F.);
#4176=ORIENTED_EDGE('',*,*,#3082,.T.);
#4177=ORIENTED_EDGE('',*,*,#3042,.T.);
#4178=ORIENTED_EDGE('',*,*,#3082,.F.);
#4179=ORIENTED_EDGE('',*,*,#2735,.F.);
#4180=ORIENTED_EDGE('',*,*,#3083,.T.);
#4181=ORIENTED_EDGE('',*,*,#3054,.T.);
#4182=ORIENTED_EDGE('',*,*,#3083,.F.);
#4183=ORIENTED_EDGE('',*,*,#2734,.F.);
#4184=ORIENTED_EDGE('',*,*,#3084,.T.);
#4185=ORIENTED_EDGE('',*,*,#3058,.T.);
#4186=ORIENTED_EDGE('',*,*,#3084,.F.);
#4187=ORIENTED_EDGE('',*,*,#2733,.F.);
#4188=ORIENTED_EDGE('',*,*,#3085,.T.);
#4189=ORIENTED_EDGE('',*,*,#3062,.T.);
#4190=ORIENTED_EDGE('',*,*,#3085,.F.);
#4191=ORIENTED_EDGE('',*,*,#2732,.F.);
#4192=ORIENTED_EDGE('',*,*,#3086,.T.);
#4193=ORIENTED_EDGE('',*,*,#3066,.T.);
#4194=ORIENTED_EDGE('',*,*,#3086,.F.);
#4195=ORIENTED_EDGE('',*,*,#2731,.F.);
#4196=ORIENTED_EDGE('',*,*,#3087,.T.);
#4197=ORIENTED_EDGE('',*,*,#3078,.T.);
#4198=ORIENTED_EDGE('',*,*,#3087,.F.);
#4199=ORIENTED_EDGE('',*,*,#2730,.F.);
#4200=ORIENTED_EDGE('',*,*,#3088,.T.);
#4201=ORIENTED_EDGE('',*,*,#3070,.T.);
#4202=ORIENTED_EDGE('',*,*,#3088,.F.);
#4203=ORIENTED_EDGE('',*,*,#2729,.F.);
#4204=ORIENTED_EDGE('',*,*,#3089,.T.);
#4205=ORIENTED_EDGE('',*,*,#3074,.T.);
#4206=ORIENTED_EDGE('',*,*,#3089,.F.);
#4207=ORIENTED_EDGE('',*,*,#2728,.F.);
#4208=ORIENTED_EDGE('',*,*,#3090,.T.);
#4209=ORIENTED_EDGE('',*,*,#2869,.T.);
#4210=ORIENTED_EDGE('',*,*,#3090,.F.);
#4211=ORIENTED_EDGE('',*,*,#2727,.F.);
#4212=ORIENTED_EDGE('',*,*,#3091,.T.);
#4213=ORIENTED_EDGE('',*,*,#2870,.T.);
#4214=ORIENTED_EDGE('',*,*,#3091,.F.);
#4215=ORIENTED_EDGE('',*,*,#2726,.F.);
#4216=ORIENTED_EDGE('',*,*,#3092,.T.);
#4217=ORIENTED_EDGE('',*,*,#2871,.T.);
#4218=ORIENTED_EDGE('',*,*,#3092,.F.);
#4219=ORIENTED_EDGE('',*,*,#2725,.F.);
#4220=ORIENTED_EDGE('',*,*,#3093,.T.);
#4221=ORIENTED_EDGE('',*,*,#2872,.T.);
#4222=ORIENTED_EDGE('',*,*,#3093,.F.);
#4223=ORIENTED_EDGE('',*,*,#2821,.F.);
#4224=ORIENTED_EDGE('',*,*,#2825,.F.);
#4225=ORIENTED_EDGE('',*,*,#2829,.F.);
#4226=ORIENTED_EDGE('',*,*,#3094,.F.);
#4227=ORIENTED_EDGE('',*,*,#3095,.T.);
#4228=ORIENTED_EDGE('',*,*,#2853,.T.);
#4229=ORIENTED_EDGE('',*,*,#2874,.T.);
#4230=ORIENTED_EDGE('',*,*,#2877,.T.);
#4231=ORIENTED_EDGE('',*,*,#2881,.T.);
#4232=ORIENTED_EDGE('',*,*,#2716,.F.);
#4233=ORIENTED_EDGE('',*,*,#2688,.F.);
#4234=ORIENTED_EDGE('',*,*,#3096,.T.);
#4235=ORIENTED_EDGE('',*,*,#3097,.T.);
#4236=ORIENTED_EDGE('',*,*,#3098,.F.);
#4237=ORIENTED_EDGE('',*,*,#2690,.F.);
#4238=ORIENTED_EDGE('',*,*,#3099,.T.);
#4239=ORIENTED_EDGE('',*,*,#3100,.T.);
#4240=ORIENTED_EDGE('',*,*,#3096,.F.);
#4241=ORIENTED_EDGE('',*,*,#2689,.F.);
#4242=ORIENTED_EDGE('',*,*,#3098,.T.);
#4243=ORIENTED_EDGE('',*,*,#3101,.T.);
#4244=ORIENTED_EDGE('',*,*,#3099,.F.);
#4245=ORIENTED_EDGE('',*,*,#3101,.F.);
#4246=ORIENTED_EDGE('',*,*,#3097,.F.);
#4247=ORIENTED_EDGE('',*,*,#3100,.F.);
#4248=ORIENTED_EDGE('',*,*,#2685,.F.);
#4249=ORIENTED_EDGE('',*,*,#3102,.T.);
#4250=ORIENTED_EDGE('',*,*,#3103,.T.);
#4251=ORIENTED_EDGE('',*,*,#3104,.F.);
#4252=ORIENTED_EDGE('',*,*,#2687,.F.);
#4253=ORIENTED_EDGE('',*,*,#3105,.T.);
#4254=ORIENTED_EDGE('',*,*,#3106,.T.);
#4255=ORIENTED_EDGE('',*,*,#3102,.F.);
#4256=ORIENTED_EDGE('',*,*,#2686,.F.);
#4257=ORIENTED_EDGE('',*,*,#3104,.T.);
#4258=ORIENTED_EDGE('',*,*,#3107,.T.);
#4259=ORIENTED_EDGE('',*,*,#3105,.F.);
#4260=ORIENTED_EDGE('',*,*,#3107,.F.);
#4261=ORIENTED_EDGE('',*,*,#3103,.F.);
#4262=ORIENTED_EDGE('',*,*,#3106,.F.);
#4263=ORIENTED_EDGE('',*,*,#2682,.F.);
#4264=ORIENTED_EDGE('',*,*,#3108,.T.);
#4265=ORIENTED_EDGE('',*,*,#3109,.T.);
#4266=ORIENTED_EDGE('',*,*,#3110,.F.);
#4267=ORIENTED_EDGE('',*,*,#2684,.F.);
#4268=ORIENTED_EDGE('',*,*,#3111,.T.);
#4269=ORIENTED_EDGE('',*,*,#3112,.T.);
#4270=ORIENTED_EDGE('',*,*,#3108,.F.);
#4271=ORIENTED_EDGE('',*,*,#2683,.F.);
#4272=ORIENTED_EDGE('',*,*,#3110,.T.);
#4273=ORIENTED_EDGE('',*,*,#3113,.T.);
#4274=ORIENTED_EDGE('',*,*,#3111,.F.);
#4275=ORIENTED_EDGE('',*,*,#3113,.F.);
#4276=ORIENTED_EDGE('',*,*,#3109,.F.);
#4277=ORIENTED_EDGE('',*,*,#3112,.F.);
#4278=ORIENTED_EDGE('',*,*,#2679,.F.);
#4279=ORIENTED_EDGE('',*,*,#3114,.T.);
#4280=ORIENTED_EDGE('',*,*,#3115,.T.);
#4281=ORIENTED_EDGE('',*,*,#3116,.F.);
#4282=ORIENTED_EDGE('',*,*,#2681,.F.);
#4283=ORIENTED_EDGE('',*,*,#3117,.T.);
#4284=ORIENTED_EDGE('',*,*,#3118,.T.);
#4285=ORIENTED_EDGE('',*,*,#3114,.F.);
#4286=ORIENTED_EDGE('',*,*,#2680,.F.);
#4287=ORIENTED_EDGE('',*,*,#3116,.T.);
#4288=ORIENTED_EDGE('',*,*,#3119,.T.);
#4289=ORIENTED_EDGE('',*,*,#3117,.F.);
#4290=ORIENTED_EDGE('',*,*,#3119,.F.);
#4291=ORIENTED_EDGE('',*,*,#3115,.F.);
#4292=ORIENTED_EDGE('',*,*,#3118,.F.);
#4293=ORIENTED_EDGE('',*,*,#2676,.F.);
#4294=ORIENTED_EDGE('',*,*,#3120,.T.);
#4295=ORIENTED_EDGE('',*,*,#3121,.T.);
#4296=ORIENTED_EDGE('',*,*,#3122,.F.);
#4297=ORIENTED_EDGE('',*,*,#2678,.F.);
#4298=ORIENTED_EDGE('',*,*,#3123,.T.);
#4299=ORIENTED_EDGE('',*,*,#3124,.T.);
#4300=ORIENTED_EDGE('',*,*,#3120,.F.);
#4301=ORIENTED_EDGE('',*,*,#2677,.F.);
#4302=ORIENTED_EDGE('',*,*,#3122,.T.);
#4303=ORIENTED_EDGE('',*,*,#3125,.T.);
#4304=ORIENTED_EDGE('',*,*,#3123,.F.);
#4305=ORIENTED_EDGE('',*,*,#3125,.F.);
#4306=ORIENTED_EDGE('',*,*,#3121,.F.);
#4307=ORIENTED_EDGE('',*,*,#3124,.F.);
#4308=ORIENTED_EDGE('',*,*,#2673,.F.);
#4309=ORIENTED_EDGE('',*,*,#3126,.T.);
#4310=ORIENTED_EDGE('',*,*,#3127,.T.);
#4311=ORIENTED_EDGE('',*,*,#3128,.F.);
#4312=ORIENTED_EDGE('',*,*,#2675,.F.);
#4313=ORIENTED_EDGE('',*,*,#3129,.T.);
#4314=ORIENTED_EDGE('',*,*,#3130,.T.);
#4315=ORIENTED_EDGE('',*,*,#3126,.F.);
#4316=ORIENTED_EDGE('',*,*,#2674,.F.);
#4317=ORIENTED_EDGE('',*,*,#3128,.T.);
#4318=ORIENTED_EDGE('',*,*,#3131,.T.);
#4319=ORIENTED_EDGE('',*,*,#3129,.F.);
#4320=ORIENTED_EDGE('',*,*,#3131,.F.);
#4321=ORIENTED_EDGE('',*,*,#3127,.F.);
#4322=ORIENTED_EDGE('',*,*,#3130,.F.);
#4323=ORIENTED_EDGE('',*,*,#2670,.F.);
#4324=ORIENTED_EDGE('',*,*,#3132,.T.);
#4325=ORIENTED_EDGE('',*,*,#3133,.T.);
#4326=ORIENTED_EDGE('',*,*,#3134,.F.);
#4327=ORIENTED_EDGE('',*,*,#2672,.F.);
#4328=ORIENTED_EDGE('',*,*,#3135,.T.);
#4329=ORIENTED_EDGE('',*,*,#3136,.T.);
#4330=ORIENTED_EDGE('',*,*,#3132,.F.);
#4331=ORIENTED_EDGE('',*,*,#2671,.F.);
#4332=ORIENTED_EDGE('',*,*,#3134,.T.);
#4333=ORIENTED_EDGE('',*,*,#3137,.T.);
#4334=ORIENTED_EDGE('',*,*,#3135,.F.);
#4335=ORIENTED_EDGE('',*,*,#3137,.F.);
#4336=ORIENTED_EDGE('',*,*,#3133,.F.);
#4337=ORIENTED_EDGE('',*,*,#3136,.F.);
#4338=ORIENTED_EDGE('',*,*,#2667,.F.);
#4339=ORIENTED_EDGE('',*,*,#3138,.T.);
#4340=ORIENTED_EDGE('',*,*,#3139,.T.);
#4341=ORIENTED_EDGE('',*,*,#3140,.F.);
#4342=ORIENTED_EDGE('',*,*,#2669,.F.);
#4343=ORIENTED_EDGE('',*,*,#3141,.T.);
#4344=ORIENTED_EDGE('',*,*,#3142,.T.);
#4345=ORIENTED_EDGE('',*,*,#3138,.F.);
#4346=ORIENTED_EDGE('',*,*,#2668,.F.);
#4347=ORIENTED_EDGE('',*,*,#3140,.T.);
#4348=ORIENTED_EDGE('',*,*,#3143,.T.);
#4349=ORIENTED_EDGE('',*,*,#3141,.F.);
#4350=ORIENTED_EDGE('',*,*,#3143,.F.);
#4351=ORIENTED_EDGE('',*,*,#3139,.F.);
#4352=ORIENTED_EDGE('',*,*,#3142,.F.);
#4353=ORIENTED_EDGE('',*,*,#2664,.F.);
#4354=ORIENTED_EDGE('',*,*,#3144,.T.);
#4355=ORIENTED_EDGE('',*,*,#3145,.T.);
#4356=ORIENTED_EDGE('',*,*,#3146,.F.);
#4357=ORIENTED_EDGE('',*,*,#2666,.F.);
#4358=ORIENTED_EDGE('',*,*,#3147,.T.);
#4359=ORIENTED_EDGE('',*,*,#3148,.T.);
#4360=ORIENTED_EDGE('',*,*,#3144,.F.);
#4361=ORIENTED_EDGE('',*,*,#2665,.F.);
#4362=ORIENTED_EDGE('',*,*,#3146,.T.);
#4363=ORIENTED_EDGE('',*,*,#3149,.T.);
#4364=ORIENTED_EDGE('',*,*,#3147,.F.);
#4365=ORIENTED_EDGE('',*,*,#3149,.F.);
#4366=ORIENTED_EDGE('',*,*,#3145,.F.);
#4367=ORIENTED_EDGE('',*,*,#3148,.F.);
#4368=ORIENTED_EDGE('',*,*,#2658,.F.);
#4369=ORIENTED_EDGE('',*,*,#3150,.T.);
#4370=ORIENTED_EDGE('',*,*,#3151,.T.);
#4371=ORIENTED_EDGE('',*,*,#3152,.F.);
#4372=ORIENTED_EDGE('',*,*,#2663,.F.);
#4373=ORIENTED_EDGE('',*,*,#3153,.T.);
#4374=ORIENTED_EDGE('',*,*,#3154,.T.);
#4375=ORIENTED_EDGE('',*,*,#3150,.F.);
#4376=ORIENTED_EDGE('',*,*,#2662,.F.);
#4377=ORIENTED_EDGE('',*,*,#3155,.T.);
#4378=ORIENTED_EDGE('',*,*,#3156,.T.);
#4379=ORIENTED_EDGE('',*,*,#3153,.F.);
#4380=ORIENTED_EDGE('',*,*,#3156,.F.);
#4381=ORIENTED_EDGE('',*,*,#3151,.F.);
#4382=ORIENTED_EDGE('',*,*,#3154,.F.);
#4383=ORIENTED_EDGE('',*,*,#2659,.F.);
#4384=ORIENTED_EDGE('',*,*,#3152,.T.);
#4385=ORIENTED_EDGE('',*,*,#3157,.T.);
#4386=ORIENTED_EDGE('',*,*,#3158,.F.);
#4387=ORIENTED_EDGE('',*,*,#2661,.F.);
#4388=ORIENTED_EDGE('',*,*,#3159,.T.);
#4389=ORIENTED_EDGE('',*,*,#3160,.T.);
#4390=ORIENTED_EDGE('',*,*,#3155,.F.);
#4391=ORIENTED_EDGE('',*,*,#2660,.F.);
#4392=ORIENTED_EDGE('',*,*,#3158,.T.);
#4393=ORIENTED_EDGE('',*,*,#3161,.T.);
#4394=ORIENTED_EDGE('',*,*,#3159,.F.);
#4395=ORIENTED_EDGE('',*,*,#3161,.F.);
#4396=ORIENTED_EDGE('',*,*,#3157,.F.);
#4397=ORIENTED_EDGE('',*,*,#3160,.F.);
#4398=ORIENTED_EDGE('',*,*,#2655,.F.);
#4399=ORIENTED_EDGE('',*,*,#3162,.T.);
#4400=ORIENTED_EDGE('',*,*,#3163,.T.);
#4401=ORIENTED_EDGE('',*,*,#3164,.F.);
#4402=ORIENTED_EDGE('',*,*,#2657,.F.);
#4403=ORIENTED_EDGE('',*,*,#3165,.T.);
#4404=ORIENTED_EDGE('',*,*,#3166,.T.);
#4405=ORIENTED_EDGE('',*,*,#3162,.F.);
#4406=ORIENTED_EDGE('',*,*,#2656,.F.);
#4407=ORIENTED_EDGE('',*,*,#3164,.T.);
#4408=ORIENTED_EDGE('',*,*,#3167,.T.);
#4409=ORIENTED_EDGE('',*,*,#3165,.F.);
#4410=ORIENTED_EDGE('',*,*,#3167,.F.);
#4411=ORIENTED_EDGE('',*,*,#3163,.F.);
#4412=ORIENTED_EDGE('',*,*,#3166,.F.);
#4413=ORIENTED_EDGE('',*,*,#2652,.F.);
#4414=ORIENTED_EDGE('',*,*,#3168,.T.);
#4415=ORIENTED_EDGE('',*,*,#3169,.T.);
#4416=ORIENTED_EDGE('',*,*,#3170,.F.);
#4417=ORIENTED_EDGE('',*,*,#2654,.F.);
#4418=ORIENTED_EDGE('',*,*,#3171,.T.);
#4419=ORIENTED_EDGE('',*,*,#3172,.T.);
#4420=ORIENTED_EDGE('',*,*,#3168,.F.);
#4421=ORIENTED_EDGE('',*,*,#2653,.F.);
#4422=ORIENTED_EDGE('',*,*,#3170,.T.);
#4423=ORIENTED_EDGE('',*,*,#3173,.T.);
#4424=ORIENTED_EDGE('',*,*,#3171,.F.);
#4425=ORIENTED_EDGE('',*,*,#3173,.F.);
#4426=ORIENTED_EDGE('',*,*,#3169,.F.);
#4427=ORIENTED_EDGE('',*,*,#3172,.F.);
#4428=ORIENTED_EDGE('',*,*,#2649,.F.);
#4429=ORIENTED_EDGE('',*,*,#3174,.T.);
#4430=ORIENTED_EDGE('',*,*,#3175,.T.);
#4431=ORIENTED_EDGE('',*,*,#3176,.F.);
#4432=ORIENTED_EDGE('',*,*,#2651,.F.);
#4433=ORIENTED_EDGE('',*,*,#3177,.T.);
#4434=ORIENTED_EDGE('',*,*,#3178,.T.);
#4435=ORIENTED_EDGE('',*,*,#3174,.F.);
#4436=ORIENTED_EDGE('',*,*,#2650,.F.);
#4437=ORIENTED_EDGE('',*,*,#3176,.T.);
#4438=ORIENTED_EDGE('',*,*,#3179,.T.);
#4439=ORIENTED_EDGE('',*,*,#3177,.F.);
#4440=ORIENTED_EDGE('',*,*,#3179,.F.);
#4441=ORIENTED_EDGE('',*,*,#3175,.F.);
#4442=ORIENTED_EDGE('',*,*,#3178,.F.);
#4443=ORIENTED_EDGE('',*,*,#2646,.F.);
#4444=ORIENTED_EDGE('',*,*,#3180,.T.);
#4445=ORIENTED_EDGE('',*,*,#3181,.T.);
#4446=ORIENTED_EDGE('',*,*,#3182,.F.);
#4447=ORIENTED_EDGE('',*,*,#2648,.F.);
#4448=ORIENTED_EDGE('',*,*,#3183,.T.);
#4449=ORIENTED_EDGE('',*,*,#3184,.T.);
#4450=ORIENTED_EDGE('',*,*,#3180,.F.);
#4451=ORIENTED_EDGE('',*,*,#2647,.F.);
#4452=ORIENTED_EDGE('',*,*,#3182,.T.);
#4453=ORIENTED_EDGE('',*,*,#3185,.T.);
#4454=ORIENTED_EDGE('',*,*,#3183,.F.);
#4455=ORIENTED_EDGE('',*,*,#3185,.F.);
#4456=ORIENTED_EDGE('',*,*,#3181,.F.);
#4457=ORIENTED_EDGE('',*,*,#3184,.F.);
#4458=ORIENTED_EDGE('',*,*,#2643,.F.);
#4459=ORIENTED_EDGE('',*,*,#3186,.T.);
#4460=ORIENTED_EDGE('',*,*,#3187,.T.);
#4461=ORIENTED_EDGE('',*,*,#3188,.F.);
#4462=ORIENTED_EDGE('',*,*,#2645,.F.);
#4463=ORIENTED_EDGE('',*,*,#3189,.T.);
#4464=ORIENTED_EDGE('',*,*,#3190,.T.);
#4465=ORIENTED_EDGE('',*,*,#3186,.F.);
#4466=ORIENTED_EDGE('',*,*,#2644,.F.);
#4467=ORIENTED_EDGE('',*,*,#3188,.T.);
#4468=ORIENTED_EDGE('',*,*,#3191,.T.);
#4469=ORIENTED_EDGE('',*,*,#3189,.F.);
#4470=ORIENTED_EDGE('',*,*,#3191,.F.);
#4471=ORIENTED_EDGE('',*,*,#3187,.F.);
#4472=ORIENTED_EDGE('',*,*,#3190,.F.);
#4473=ORIENTED_EDGE('',*,*,#2640,.F.);
#4474=ORIENTED_EDGE('',*,*,#3192,.T.);
#4475=ORIENTED_EDGE('',*,*,#3193,.T.);
#4476=ORIENTED_EDGE('',*,*,#3194,.F.);
#4477=ORIENTED_EDGE('',*,*,#2642,.F.);
#4478=ORIENTED_EDGE('',*,*,#3195,.T.);
#4479=ORIENTED_EDGE('',*,*,#3196,.T.);
#4480=ORIENTED_EDGE('',*,*,#3192,.F.);
#4481=ORIENTED_EDGE('',*,*,#2641,.F.);
#4482=ORIENTED_EDGE('',*,*,#3194,.T.);
#4483=ORIENTED_EDGE('',*,*,#3197,.T.);
#4484=ORIENTED_EDGE('',*,*,#3195,.F.);
#4485=ORIENTED_EDGE('',*,*,#3197,.F.);
#4486=ORIENTED_EDGE('',*,*,#3193,.F.);
#4487=ORIENTED_EDGE('',*,*,#3196,.F.);
#4488=ORIENTED_EDGE('',*,*,#2637,.F.);
#4489=ORIENTED_EDGE('',*,*,#3198,.T.);
#4490=ORIENTED_EDGE('',*,*,#3199,.T.);
#4491=ORIENTED_EDGE('',*,*,#3200,.F.);
#4492=ORIENTED_EDGE('',*,*,#2639,.F.);
#4493=ORIENTED_EDGE('',*,*,#3201,.T.);
#4494=ORIENTED_EDGE('',*,*,#3202,.T.);
#4495=ORIENTED_EDGE('',*,*,#3198,.F.);
#4496=ORIENTED_EDGE('',*,*,#2638,.F.);
#4497=ORIENTED_EDGE('',*,*,#3200,.T.);
#4498=ORIENTED_EDGE('',*,*,#3203,.T.);
#4499=ORIENTED_EDGE('',*,*,#3201,.F.);
#4500=ORIENTED_EDGE('',*,*,#3203,.F.);
#4501=ORIENTED_EDGE('',*,*,#3199,.F.);
#4502=ORIENTED_EDGE('',*,*,#3202,.F.);
#4503=ORIENTED_EDGE('',*,*,#2634,.F.);
#4504=ORIENTED_EDGE('',*,*,#3204,.T.);
#4505=ORIENTED_EDGE('',*,*,#3205,.T.);
#4506=ORIENTED_EDGE('',*,*,#3206,.F.);
#4507=ORIENTED_EDGE('',*,*,#2636,.F.);
#4508=ORIENTED_EDGE('',*,*,#3207,.T.);
#4509=ORIENTED_EDGE('',*,*,#3208,.T.);
#4510=ORIENTED_EDGE('',*,*,#3204,.F.);
#4511=ORIENTED_EDGE('',*,*,#2635,.F.);
#4512=ORIENTED_EDGE('',*,*,#3206,.T.);
#4513=ORIENTED_EDGE('',*,*,#3209,.T.);
#4514=ORIENTED_EDGE('',*,*,#3207,.F.);
#4515=ORIENTED_EDGE('',*,*,#3209,.F.);
#4516=ORIENTED_EDGE('',*,*,#3205,.F.);
#4517=ORIENTED_EDGE('',*,*,#3208,.F.);
#4518=ORIENTED_EDGE('',*,*,#2631,.F.);
#4519=ORIENTED_EDGE('',*,*,#3210,.T.);
#4520=ORIENTED_EDGE('',*,*,#3211,.T.);
#4521=ORIENTED_EDGE('',*,*,#3212,.F.);
#4522=ORIENTED_EDGE('',*,*,#2633,.F.);
#4523=ORIENTED_EDGE('',*,*,#3213,.T.);
#4524=ORIENTED_EDGE('',*,*,#3214,.T.);
#4525=ORIENTED_EDGE('',*,*,#3210,.F.);
#4526=ORIENTED_EDGE('',*,*,#2632,.F.);
#4527=ORIENTED_EDGE('',*,*,#3212,.T.);
#4528=ORIENTED_EDGE('',*,*,#3215,.T.);
#4529=ORIENTED_EDGE('',*,*,#3213,.F.);
#4530=ORIENTED_EDGE('',*,*,#3215,.F.);
#4531=ORIENTED_EDGE('',*,*,#3211,.F.);
#4532=ORIENTED_EDGE('',*,*,#3214,.F.);
#4533=ORIENTED_EDGE('',*,*,#2628,.F.);
#4534=ORIENTED_EDGE('',*,*,#3216,.T.);
#4535=ORIENTED_EDGE('',*,*,#3217,.T.);
#4536=ORIENTED_EDGE('',*,*,#3218,.F.);
#4537=ORIENTED_EDGE('',*,*,#2630,.F.);
#4538=ORIENTED_EDGE('',*,*,#3219,.T.);
#4539=ORIENTED_EDGE('',*,*,#3220,.T.);
#4540=ORIENTED_EDGE('',*,*,#3216,.F.);
#4541=ORIENTED_EDGE('',*,*,#2629,.F.);
#4542=ORIENTED_EDGE('',*,*,#3218,.T.);
#4543=ORIENTED_EDGE('',*,*,#3221,.T.);
#4544=ORIENTED_EDGE('',*,*,#3219,.F.);
#4545=ORIENTED_EDGE('',*,*,#3221,.F.);
#4546=ORIENTED_EDGE('',*,*,#3217,.F.);
#4547=ORIENTED_EDGE('',*,*,#3220,.F.);
#4548=ORIENTED_EDGE('',*,*,#2625,.F.);
#4549=ORIENTED_EDGE('',*,*,#3222,.T.);
#4550=ORIENTED_EDGE('',*,*,#3223,.T.);
#4551=ORIENTED_EDGE('',*,*,#3224,.F.);
#4552=ORIENTED_EDGE('',*,*,#2627,.F.);
#4553=ORIENTED_EDGE('',*,*,#3225,.T.);
#4554=ORIENTED_EDGE('',*,*,#3226,.T.);
#4555=ORIENTED_EDGE('',*,*,#3222,.F.);
#4556=ORIENTED_EDGE('',*,*,#2626,.F.);
#4557=ORIENTED_EDGE('',*,*,#3224,.T.);
#4558=ORIENTED_EDGE('',*,*,#3227,.T.);
#4559=ORIENTED_EDGE('',*,*,#3225,.F.);
#4560=ORIENTED_EDGE('',*,*,#3227,.F.);
#4561=ORIENTED_EDGE('',*,*,#3223,.F.);
#4562=ORIENTED_EDGE('',*,*,#3226,.F.);
#4563=ORIENTED_EDGE('',*,*,#2622,.F.);
#4564=ORIENTED_EDGE('',*,*,#3228,.T.);
#4565=ORIENTED_EDGE('',*,*,#3229,.T.);
#4566=ORIENTED_EDGE('',*,*,#3230,.F.);
#4567=ORIENTED_EDGE('',*,*,#2624,.F.);
#4568=ORIENTED_EDGE('',*,*,#3231,.T.);
#4569=ORIENTED_EDGE('',*,*,#3232,.T.);
#4570=ORIENTED_EDGE('',*,*,#3228,.F.);
#4571=ORIENTED_EDGE('',*,*,#2623,.F.);
#4572=ORIENTED_EDGE('',*,*,#3230,.T.);
#4573=ORIENTED_EDGE('',*,*,#3233,.T.);
#4574=ORIENTED_EDGE('',*,*,#3231,.F.);
#4575=ORIENTED_EDGE('',*,*,#3233,.F.);
#4576=ORIENTED_EDGE('',*,*,#3229,.F.);
#4577=ORIENTED_EDGE('',*,*,#3232,.F.);
#4578=ORIENTED_EDGE('',*,*,#2619,.F.);
#4579=ORIENTED_EDGE('',*,*,#3234,.T.);
#4580=ORIENTED_EDGE('',*,*,#3235,.T.);
#4581=ORIENTED_EDGE('',*,*,#3236,.F.);
#4582=ORIENTED_EDGE('',*,*,#2621,.F.);
#4583=ORIENTED_EDGE('',*,*,#3237,.T.);
#4584=ORIENTED_EDGE('',*,*,#3238,.T.);
#4585=ORIENTED_EDGE('',*,*,#3234,.F.);
#4586=ORIENTED_EDGE('',*,*,#2620,.F.);
#4587=ORIENTED_EDGE('',*,*,#3236,.T.);
#4588=ORIENTED_EDGE('',*,*,#3239,.T.);
#4589=ORIENTED_EDGE('',*,*,#3237,.F.);
#4590=ORIENTED_EDGE('',*,*,#3239,.F.);
#4591=ORIENTED_EDGE('',*,*,#3235,.F.);
#4592=ORIENTED_EDGE('',*,*,#3238,.F.);
#4593=ORIENTED_EDGE('',*,*,#2616,.F.);
#4594=ORIENTED_EDGE('',*,*,#3240,.T.);
#4595=ORIENTED_EDGE('',*,*,#3241,.T.);
#4596=ORIENTED_EDGE('',*,*,#3242,.F.);
#4597=ORIENTED_EDGE('',*,*,#2618,.F.);
#4598=ORIENTED_EDGE('',*,*,#3243,.T.);
#4599=ORIENTED_EDGE('',*,*,#3244,.T.);
#4600=ORIENTED_EDGE('',*,*,#3240,.F.);
#4601=ORIENTED_EDGE('',*,*,#2617,.F.);
#4602=ORIENTED_EDGE('',*,*,#3242,.T.);
#4603=ORIENTED_EDGE('',*,*,#3245,.T.);
#4604=ORIENTED_EDGE('',*,*,#3243,.F.);
#4605=ORIENTED_EDGE('',*,*,#3245,.F.);
#4606=ORIENTED_EDGE('',*,*,#3241,.F.);
#4607=ORIENTED_EDGE('',*,*,#3244,.F.);
#4608=ORIENTED_EDGE('',*,*,#2613,.F.);
#4609=ORIENTED_EDGE('',*,*,#3246,.T.);
#4610=ORIENTED_EDGE('',*,*,#3247,.T.);
#4611=ORIENTED_EDGE('',*,*,#3248,.F.);
#4612=ORIENTED_EDGE('',*,*,#2615,.F.);
#4613=ORIENTED_EDGE('',*,*,#3249,.T.);
#4614=ORIENTED_EDGE('',*,*,#3250,.T.);
#4615=ORIENTED_EDGE('',*,*,#3246,.F.);
#4616=ORIENTED_EDGE('',*,*,#2614,.F.);
#4617=ORIENTED_EDGE('',*,*,#3248,.T.);
#4618=ORIENTED_EDGE('',*,*,#3251,.T.);
#4619=ORIENTED_EDGE('',*,*,#3249,.F.);
#4620=ORIENTED_EDGE('',*,*,#3251,.F.);
#4621=ORIENTED_EDGE('',*,*,#3247,.F.);
#4622=ORIENTED_EDGE('',*,*,#3250,.F.);
#4623=ORIENTED_EDGE('',*,*,#3252,.F.);
#4624=ORIENTED_EDGE('',*,*,#3253,.T.);
#4625=ORIENTED_EDGE('',*,*,#3253,.F.);
#4626=ORIENTED_EDGE('',*,*,#3254,.F.);
#4627=ORIENTED_EDGE('',*,*,#3255,.T.);
#4628=ORIENTED_EDGE('',*,*,#3252,.T.);
#4629=ORIENTED_EDGE('',*,*,#3255,.F.);
#4630=ORIENTED_EDGE('',*,*,#3256,.F.);
#4631=ORIENTED_EDGE('',*,*,#3257,.T.);
#4632=ORIENTED_EDGE('',*,*,#3257,.F.);
#4633=ORIENTED_EDGE('',*,*,#3258,.F.);
#4634=ORIENTED_EDGE('',*,*,#3259,.T.);
#4635=ORIENTED_EDGE('',*,*,#3256,.T.);
#4636=ORIENTED_EDGE('',*,*,#3259,.F.);
#4637=ORIENTED_EDGE('',*,*,#3260,.F.);
#4638=ORIENTED_EDGE('',*,*,#3261,.T.);
#4639=ORIENTED_EDGE('',*,*,#3261,.F.);
#4640=ORIENTED_EDGE('',*,*,#3262,.F.);
#4641=ORIENTED_EDGE('',*,*,#3263,.T.);
#4642=ORIENTED_EDGE('',*,*,#3260,.T.);
#4643=ORIENTED_EDGE('',*,*,#3263,.F.);
#4644=ORIENTED_EDGE('',*,*,#3264,.F.);
#4645=ORIENTED_EDGE('',*,*,#3265,.T.);
#4646=ORIENTED_EDGE('',*,*,#3265,.F.);
#4647=ORIENTED_EDGE('',*,*,#3266,.F.);
#4648=ORIENTED_EDGE('',*,*,#3267,.T.);
#4649=ORIENTED_EDGE('',*,*,#3264,.T.);
#4650=ORIENTED_EDGE('',*,*,#3267,.F.);
#4651=ORIENTED_EDGE('',*,*,#3268,.F.);
#4652=ORIENTED_EDGE('',*,*,#3269,.T.);
#4653=ORIENTED_EDGE('',*,*,#3269,.F.);
#4654=ORIENTED_EDGE('',*,*,#3270,.F.);
#4655=ORIENTED_EDGE('',*,*,#3271,.T.);
#4656=ORIENTED_EDGE('',*,*,#3268,.T.);
#4657=ORIENTED_EDGE('',*,*,#3271,.F.);
#4658=ORIENTED_EDGE('',*,*,#3272,.F.);
#4659=ORIENTED_EDGE('',*,*,#3273,.T.);
#4660=ORIENTED_EDGE('',*,*,#3273,.F.);
#4661=ORIENTED_EDGE('',*,*,#3274,.F.);
#4662=ORIENTED_EDGE('',*,*,#3275,.T.);
#4663=ORIENTED_EDGE('',*,*,#3272,.T.);
#4664=ORIENTED_EDGE('',*,*,#3275,.F.);
#4665=ORIENTED_EDGE('',*,*,#3276,.F.);
#4666=ORIENTED_EDGE('',*,*,#3277,.T.);
#4667=ORIENTED_EDGE('',*,*,#3277,.F.);
#4668=ORIENTED_EDGE('',*,*,#3278,.F.);
#4669=ORIENTED_EDGE('',*,*,#3279,.T.);
#4670=ORIENTED_EDGE('',*,*,#3276,.T.);
#4671=ORIENTED_EDGE('',*,*,#3279,.F.);
#4672=ORIENTED_EDGE('',*,*,#3280,.F.);
#4673=ORIENTED_EDGE('',*,*,#3281,.T.);
#4674=ORIENTED_EDGE('',*,*,#3281,.F.);
#4675=ORIENTED_EDGE('',*,*,#3282,.F.);
#4676=ORIENTED_EDGE('',*,*,#3283,.T.);
#4677=ORIENTED_EDGE('',*,*,#3280,.T.);
#4678=ORIENTED_EDGE('',*,*,#3283,.F.);
#4679=ORIENTED_EDGE('',*,*,#3284,.F.);
#4680=ORIENTED_EDGE('',*,*,#3285,.T.);
#4681=ORIENTED_EDGE('',*,*,#3285,.F.);
#4682=ORIENTED_EDGE('',*,*,#3286,.F.);
#4683=ORIENTED_EDGE('',*,*,#3287,.T.);
#4684=ORIENTED_EDGE('',*,*,#3284,.T.);
#4685=ORIENTED_EDGE('',*,*,#3287,.F.);
#4686=ORIENTED_EDGE('',*,*,#3288,.F.);
#4687=ORIENTED_EDGE('',*,*,#3289,.T.);
#4688=ORIENTED_EDGE('',*,*,#3289,.F.);
#4689=ORIENTED_EDGE('',*,*,#3290,.F.);
#4690=ORIENTED_EDGE('',*,*,#3291,.T.);
#4691=ORIENTED_EDGE('',*,*,#3288,.T.);
#4692=ORIENTED_EDGE('',*,*,#3291,.F.);
#4693=ORIENTED_EDGE('',*,*,#2612,.F.);
#4694=ORIENTED_EDGE('',*,*,#3292,.T.);
#4695=ORIENTED_EDGE('',*,*,#3258,.T.);
#4696=ORIENTED_EDGE('',*,*,#3292,.F.);
#4697=ORIENTED_EDGE('',*,*,#2611,.F.);
#4698=ORIENTED_EDGE('',*,*,#3293,.T.);
#4699=ORIENTED_EDGE('',*,*,#3262,.T.);
#4700=ORIENTED_EDGE('',*,*,#3293,.F.);
#4701=ORIENTED_EDGE('',*,*,#2610,.F.);
#4702=ORIENTED_EDGE('',*,*,#3294,.T.);
#4703=ORIENTED_EDGE('',*,*,#3254,.T.);
#4704=ORIENTED_EDGE('',*,*,#3294,.F.);
#4705=ORIENTED_EDGE('',*,*,#2609,.F.);
#4706=ORIENTED_EDGE('',*,*,#3295,.T.);
#4707=ORIENTED_EDGE('',*,*,#3266,.T.);
#4708=ORIENTED_EDGE('',*,*,#3295,.F.);
#4709=ORIENTED_EDGE('',*,*,#2608,.F.);
#4710=ORIENTED_EDGE('',*,*,#3296,.T.);
#4711=ORIENTED_EDGE('',*,*,#3270,.T.);
#4712=ORIENTED_EDGE('',*,*,#3296,.F.);
#4713=ORIENTED_EDGE('',*,*,#2607,.F.);
#4714=ORIENTED_EDGE('',*,*,#3297,.T.);
#4715=ORIENTED_EDGE('',*,*,#3274,.T.);
#4716=ORIENTED_EDGE('',*,*,#3297,.F.);
#4717=ORIENTED_EDGE('',*,*,#2606,.F.);
#4718=ORIENTED_EDGE('',*,*,#3298,.T.);
#4719=ORIENTED_EDGE('',*,*,#3278,.T.);
#4720=ORIENTED_EDGE('',*,*,#3298,.F.);
#4721=ORIENTED_EDGE('',*,*,#2605,.F.);
#4722=ORIENTED_EDGE('',*,*,#3299,.T.);
#4723=ORIENTED_EDGE('',*,*,#3290,.T.);
#4724=ORIENTED_EDGE('',*,*,#3299,.F.);
#4725=ORIENTED_EDGE('',*,*,#2604,.F.);
#4726=ORIENTED_EDGE('',*,*,#3300,.T.);
#4727=ORIENTED_EDGE('',*,*,#3282,.T.);
#4728=ORIENTED_EDGE('',*,*,#3300,.F.);
#4729=ORIENTED_EDGE('',*,*,#2603,.F.);
#4730=ORIENTED_EDGE('',*,*,#3301,.T.);
#4731=ORIENTED_EDGE('',*,*,#3286,.T.);
#4732=ORIENTED_EDGE('',*,*,#3301,.F.);
#4733=ORIENTED_EDGE('',*,*,#2602,.F.);
#4734=ORIENTED_EDGE('',*,*,#3302,.T.);
#4735=ORIENTED_EDGE('',*,*,#2863,.T.);
#4736=ORIENTED_EDGE('',*,*,#3302,.F.);
#4737=ORIENTED_EDGE('',*,*,#2601,.F.);
#4738=ORIENTED_EDGE('',*,*,#3303,.T.);
#4739=ORIENTED_EDGE('',*,*,#2864,.T.);
#4740=ORIENTED_EDGE('',*,*,#3303,.F.);
#4741=ORIENTED_EDGE('',*,*,#2600,.F.);
#4742=ORIENTED_EDGE('',*,*,#3304,.T.);
#4743=ORIENTED_EDGE('',*,*,#2865,.T.);
#4744=ORIENTED_EDGE('',*,*,#3304,.F.);
#4745=ORIENTED_EDGE('',*,*,#2599,.F.);
#4746=ORIENTED_EDGE('',*,*,#3305,.T.);
#4747=ORIENTED_EDGE('',*,*,#2866,.T.);
#4748=ORIENTED_EDGE('',*,*,#3305,.F.);
#4749=ORIENTED_EDGE('',*,*,#2854,.T.);
#4750=ORIENTED_EDGE('',*,*,#3095,.F.);
#4751=ORIENTED_EDGE('',*,*,#3306,.F.);
#4752=ORIENTED_EDGE('',*,*,#2882,.F.);
#4753=ORIENTED_EDGE('',*,*,#2584,.F.);
#4754=ORIENTED_EDGE('',*,*,#2883,.T.);
#4755=ORIENTED_EDGE('',*,*,#3306,.T.);
#4756=ORIENTED_EDGE('',*,*,#3094,.T.);
#4757=ORIENTED_EDGE('',*,*,#2831,.F.);
#4758=ORIENTED_EDGE('',*,*,#2833,.F.);
#4759=ORIENTED_EDGE('',*,*,#2834,.F.);
#4760=ORIENTED_EDGE('',*,*,#2721,.T.);
#4761=ORIENTED_EDGE('',*,*,#2837,.F.);
#4762=ORIENTED_EDGE('',*,*,#2839,.F.);
#4763=ORIENTED_EDGE('',*,*,#2842,.F.);
#4764=ORIENTED_EDGE('',*,*,#2845,.F.);
#4765=ORIENTED_EDGE('',*,*,#2847,.F.);
#4766=ORIENTED_EDGE('',*,*,#2593,.T.);
#4767=ORIENTED_EDGE('',*,*,#2579,.F.);
#4768=ORIENTED_EDGE('',*,*,#2581,.F.);
#4769=CYLINDRICAL_SURFACE('',#5270,0.25);
#4770=CYLINDRICAL_SURFACE('',#5277,0.25);
#4771=CYLINDRICAL_SURFACE('',#5280,0.25);
#4772=CYLINDRICAL_SURFACE('',#5359,0.25);
#4773=CYLINDRICAL_SURFACE('',#5365,0.25);
#4774=CYLINDRICAL_SURFACE('',#5366,0.25);
#4775=CYLINDRICAL_SURFACE('',#5372,0.25);
#4776=CYLINDRICAL_SURFACE('',#5378,0.25);
#4777=CYLINDRICAL_SURFACE('',#5459,0.25);
#4778=CYLINDRICAL_SURFACE('',#5464,0.25);
#4779=CYLINDRICAL_SURFACE('',#5467,0.25);
#4780=CYLINDRICAL_SURFACE('',#5470,0.25);
#4781=CYLINDRICAL_SURFACE('',#5476,0.25);
#4782=CYLINDRICAL_SURFACE('',#5477,0.25);
#4783=CYLINDRICAL_SURFACE('',#5483,0.25);
#4784=CYLINDRICAL_SURFACE('',#5489,0.25);
#4785=CYLINDRICAL_SURFACE('',#5491,0.25);
#4786=CYLINDRICAL_SURFACE('',#5493,0.25);
#4787=CYLINDRICAL_SURFACE('',#5511,0.875);
#4788=CYLINDRICAL_SURFACE('',#5513,0.1875);
#4789=CYLINDRICAL_SURFACE('',#5515,1.03);
#4790=CYLINDRICAL_SURFACE('',#5519,1.03);
#4791=CYLINDRICAL_SURFACE('',#5521,0.1875);
#4792=CYLINDRICAL_SURFACE('',#5525,1.03);
#4793=CYLINDRICAL_SURFACE('',#5527,0.1875);
#4794=CYLINDRICAL_SURFACE('',#5531,1.03);
#4795=CYLINDRICAL_SURFACE('',#5533,0.1875);
#4796=CYLINDRICAL_SURFACE('',#5535,1.03);
#4797=CYLINDRICAL_SURFACE('',#5538,1.03);
#4798=CYLINDRICAL_SURFACE('',#5540,0.1875);
#4799=CYLINDRICAL_SURFACE('',#5544,0.1875);
#4800=CYLINDRICAL_SURFACE('',#5546,1.03);
#4801=CYLINDRICAL_SURFACE('',#5550,1.03);
#4802=CYLINDRICAL_SURFACE('',#5552,0.1875);
#4803=CYLINDRICAL_SURFACE('',#5556,1.03);
#4804=CYLINDRICAL_SURFACE('',#5558,0.1875);
#4805=CYLINDRICAL_SURFACE('',#5560,1.03);
#4806=CYLINDRICAL_SURFACE('',#5563,0.1875);
#4807=CYLINDRICAL_SURFACE('',#5565,1.03);
#4808=CYLINDRICAL_SURFACE('',#5570,0.1875);
#4809=CYLINDRICAL_SURFACE('',#5572,1.03);
#4810=CYLINDRICAL_SURFACE('',#5576,1.03);
#4811=CYLINDRICAL_SURFACE('',#5578,0.1875);
#4812=CYLINDRICAL_SURFACE('',#5581,0.1875);
#4813=CYLINDRICAL_SURFACE('',#5583,1.03);
#4814=CYLINDRICAL_SURFACE('',#5587,0.1875);
#4815=CYLINDRICAL_SURFACE('',#5589,1.03);
#4816=CYLINDRICAL_SURFACE('',#5593,1.03);
#4817=CYLINDRICAL_SURFACE('',#5595,0.1875);
#4818=CYLINDRICAL_SURFACE('',#5599,1.03);
#4819=CYLINDRICAL_SURFACE('',#5601,0.1875);
#4820=CYLINDRICAL_SURFACE('',#5603,1.03);
#4821=CYLINDRICAL_SURFACE('',#5606,1.03);
#4822=CYLINDRICAL_SURFACE('',#5608,0.1875);
#4823=CYLINDRICAL_SURFACE('',#5610,1.03);
#4824=CYLINDRICAL_SURFACE('',#5613,0.1875);
#4825=CYLINDRICAL_SURFACE('',#5615,1.03);
#4826=CYLINDRICAL_SURFACE('',#5619,1.03);
#4827=CYLINDRICAL_SURFACE('',#5621,0.1875);
#4828=CYLINDRICAL_SURFACE('',#5625,0.1875);
#4829=CYLINDRICAL_SURFACE('',#5627,1.03);
#4830=CYLINDRICAL_SURFACE('',#5631,1.03);
#4831=CYLINDRICAL_SURFACE('',#5633,0.1875);
#4832=CYLINDRICAL_SURFACE('',#5637,1.03);
#4833=CYLINDRICAL_SURFACE('',#5639,0.1875);
#4834=CYLINDRICAL_SURFACE('',#5641,1.03);
#4835=CYLINDRICAL_SURFACE('',#5644,0.1875);
#4836=CYLINDRICAL_SURFACE('',#5646,1.03);
#4837=CYLINDRICAL_SURFACE('',#5650,1.03);
#4838=CYLINDRICAL_SURFACE('',#5652,0.1875);
#4839=CYLINDRICAL_SURFACE('',#5656,1.03);
#4840=CYLINDRICAL_SURFACE('',#5658,0.1875);
#4841=CYLINDRICAL_SURFACE('',#5660,1.03);
#4842=CYLINDRICAL_SURFACE('',#5663,1.03);
#4843=CYLINDRICAL_SURFACE('',#5665,0.1875);
#4844=CYLINDRICAL_SURFACE('',#5669,0.1875);
#4845=CYLINDRICAL_SURFACE('',#5671,1.03);
#4846=CYLINDRICAL_SURFACE('',#5677,0.10075);
#4847=CYLINDRICAL_SURFACE('',#5681,0.10075);
#4848=CYLINDRICAL_SURFACE('',#5685,0.10075);
#4849=CYLINDRICAL_SURFACE('',#5689,0.10075);
#4850=CYLINDRICAL_SURFACE('',#5693,0.10075);
#4851=CYLINDRICAL_SURFACE('',#5697,0.10075);
#4852=CYLINDRICAL_SURFACE('',#5701,0.10075);
#4853=CYLINDRICAL_SURFACE('',#5705,0.10075);
#4854=CYLINDRICAL_SURFACE('',#5709,0.10075);
#4855=CYLINDRICAL_SURFACE('',#5713,0.10075);
#4856=CYLINDRICAL_SURFACE('',#5725,0.875);
#4857=CYLINDRICAL_SURFACE('',#5726,0.875);
#4858=CYLINDRICAL_SURFACE('',#5727,0.875);
#4859=CYLINDRICAL_SURFACE('',#5728,0.875);
#4860=CYLINDRICAL_SURFACE('',#5730,0.1875);
#4861=CYLINDRICAL_SURFACE('',#5732,1.03);
#4862=CYLINDRICAL_SURFACE('',#5736,1.03);
#4863=CYLINDRICAL_SURFACE('',#5738,0.1875);
#4864=CYLINDRICAL_SURFACE('',#5742,1.03);
#4865=CYLINDRICAL_SURFACE('',#5744,0.1875);
#4866=CYLINDRICAL_SURFACE('',#5748,1.03);
#4867=CYLINDRICAL_SURFACE('',#5750,0.1875);
#4868=CYLINDRICAL_SURFACE('',#5752,1.03);
#4869=CYLINDRICAL_SURFACE('',#5755,1.03);
#4870=CYLINDRICAL_SURFACE('',#5757,0.1875);
#4871=CYLINDRICAL_SURFACE('',#5761,0.1875);
#4872=CYLINDRICAL_SURFACE('',#5763,1.03);
#4873=CYLINDRICAL_SURFACE('',#5767,1.03);
#4874=CYLINDRICAL_SURFACE('',#5769,0.1875);
#4875=CYLINDRICAL_SURFACE('',#5773,1.03);
#4876=CYLINDRICAL_SURFACE('',#5775,0.1875);
#4877=CYLINDRICAL_SURFACE('',#5777,1.03);
#4878=CYLINDRICAL_SURFACE('',#5780,0.1875);
#4879=CYLINDRICAL_SURFACE('',#5782,1.03);
#4880=CYLINDRICAL_SURFACE('',#5787,0.1875);
#4881=CYLINDRICAL_SURFACE('',#5789,1.03);
#4882=CYLINDRICAL_SURFACE('',#5793,1.03);
#4883=CYLINDRICAL_SURFACE('',#5795,0.1875);
#4884=CYLINDRICAL_SURFACE('',#5798,0.1875);
#4885=CYLINDRICAL_SURFACE('',#5800,1.03);
#4886=CYLINDRICAL_SURFACE('',#5804,0.1875);
#4887=CYLINDRICAL_SURFACE('',#5806,1.03);
#4888=CYLINDRICAL_SURFACE('',#5810,1.03);
#4889=CYLINDRICAL_SURFACE('',#5812,0.1875);
#4890=CYLINDRICAL_SURFACE('',#5816,1.03);
#4891=CYLINDRICAL_SURFACE('',#5818,0.1875);
#4892=CYLINDRICAL_SURFACE('',#5820,1.03);
#4893=CYLINDRICAL_SURFACE('',#5823,1.03);
#4894=CYLINDRICAL_SURFACE('',#5825,0.1875);
#4895=CYLINDRICAL_SURFACE('',#5827,1.03);
#4896=CYLINDRICAL_SURFACE('',#5830,0.1875);
#4897=CYLINDRICAL_SURFACE('',#5832,1.03);
#4898=CYLINDRICAL_SURFACE('',#5836,1.03);
#4899=CYLINDRICAL_SURFACE('',#5838,0.1875);
#4900=CYLINDRICAL_SURFACE('',#5842,0.1875);
#4901=CYLINDRICAL_SURFACE('',#5844,1.03);
#4902=CYLINDRICAL_SURFACE('',#5848,1.03);
#4903=CYLINDRICAL_SURFACE('',#5850,0.1875);
#4904=CYLINDRICAL_SURFACE('',#5854,1.03);
#4905=CYLINDRICAL_SURFACE('',#5856,0.1875);
#4906=CYLINDRICAL_SURFACE('',#5858,1.03);
#4907=CYLINDRICAL_SURFACE('',#5861,0.1875);
#4908=CYLINDRICAL_SURFACE('',#5863,1.03);
#4909=CYLINDRICAL_SURFACE('',#5867,1.03);
#4910=CYLINDRICAL_SURFACE('',#5869,0.1875);
#4911=CYLINDRICAL_SURFACE('',#5873,1.03);
#4912=CYLINDRICAL_SURFACE('',#5875,0.1875);
#4913=CYLINDRICAL_SURFACE('',#5877,1.03);
#4914=CYLINDRICAL_SURFACE('',#5880,1.03);
#4915=CYLINDRICAL_SURFACE('',#5882,0.1875);
#4916=CYLINDRICAL_SURFACE('',#5886,0.1875);
#4917=CYLINDRICAL_SURFACE('',#5888,1.03);
#4918=CYLINDRICAL_SURFACE('',#5894,0.10075);
#4919=CYLINDRICAL_SURFACE('',#5898,0.10075);
#4920=CYLINDRICAL_SURFACE('',#5902,0.10075);
#4921=CYLINDRICAL_SURFACE('',#5906,0.10075);
#4922=CYLINDRICAL_SURFACE('',#5910,0.10075);
#4923=CYLINDRICAL_SURFACE('',#5914,0.10075);
#4924=CYLINDRICAL_SURFACE('',#5918,0.10075);
#4925=CYLINDRICAL_SURFACE('',#5922,0.10075);
#4926=CYLINDRICAL_SURFACE('',#5926,0.10075);
#4927=CYLINDRICAL_SURFACE('',#5930,0.10075);
#4928=CYLINDRICAL_SURFACE('',#5942,0.875);
#4929=CYLINDRICAL_SURFACE('',#5943,0.875);
#4930=CYLINDRICAL_SURFACE('',#5944,0.875);
#4931=CYLINDRICAL_SURFACE('',#5945,0.875);
#4932=CYLINDRICAL_SURFACE('',#5946,0.875);
#4933=ADVANCED_FACE('',(#260),#4769,.T.);
#4934=ADVANCED_FACE('',(#261),#252,.T.);
#4935=ADVANCED_FACE('',(#262),#4770,.T.);
#4936=ADVANCED_FACE('',(#263),#141,.T.);
#4937=ADVANCED_FACE('',(#264),#4771,.F.);
#4938=ADVANCED_FACE('',(#265),#142,.T.);
#4939=ADVANCED_FACE('',(#266,#55,#56,#57,#58,#59,#60,#61,#62,#63,#64,#65,
#66,#67,#68,#69,#70,#71,#72,#73,#74,#75,#76,#77,#78,#79,#80,#81,#82,#83,
#84,#85,#86,#87,#88,#89,#90,#91,#92,#93),#143,.T.);
#4940=ADVANCED_FACE('',(#267),#4772,.T.);
#4941=ADVANCED_FACE('',(#268),#253,.T.);
#4942=ADVANCED_FACE('',(#269),#4773,.T.);
#4943=ADVANCED_FACE('',(#270),#4774,.T.);
#4944=ADVANCED_FACE('',(#271),#254,.T.);
#4945=ADVANCED_FACE('',(#272),#4775,.T.);
#4946=ADVANCED_FACE('',(#273),#255,.T.);
#4947=ADVANCED_FACE('',(#274),#4776,.T.);
#4948=ADVANCED_FACE('',(#275),#144,.F.);
#4949=ADVANCED_FACE('',(#276,#94,#95,#96,#97,#98,#99,#100,#101,#102,#103,
#104,#105,#106,#107,#108,#109,#110,#111,#112,#113,#114,#115,#116,#117,#118,
#119,#120,#121,#122,#123,#124,#125,#126,#127,#128,#129,#130,#131,#132),
#145,.T.);
#4950=ADVANCED_FACE('',(#277),#4777,.T.);
#4951=ADVANCED_FACE('',(#278),#256,.T.);
#4952=ADVANCED_FACE('',(#279),#4778,.T.);
#4953=ADVANCED_FACE('',(#280),#146,.T.);
#4954=ADVANCED_FACE('',(#281),#4779,.F.);
#4955=ADVANCED_FACE('',(#282),#147,.T.);
#4956=ADVANCED_FACE('',(#283),#4780,.T.);
#4957=ADVANCED_FACE('',(#284),#257,.T.);
#4958=ADVANCED_FACE('',(#285),#4781,.T.);
#4959=ADVANCED_FACE('',(#286),#4782,.T.);
#4960=ADVANCED_FACE('',(#287),#258,.T.);
#4961=ADVANCED_FACE('',(#288),#4783,.T.);
#4962=ADVANCED_FACE('',(#289),#259,.T.);
#4963=ADVANCED_FACE('',(#290),#4784,.T.);
#4964=ADVANCED_FACE('',(#291),#148,.T.);
#4965=ADVANCED_FACE('',(#292),#4785,.F.);
#4966=ADVANCED_FACE('',(#293),#149,.T.);
#4967=ADVANCED_FACE('',(#294),#4786,.F.);
#4968=ADVANCED_FACE('',(#295),#150,.T.);
#4969=ADVANCED_FACE('',(#296),#151,.F.);
#4970=ADVANCED_FACE('',(#297,#133,#134,#135,#136),#152,.F.);
#4971=ADVANCED_FACE('',(#298,#137,#138,#139,#140),#153,.F.);
#4972=ADVANCED_FACE('',(#299),#154,.F.);
#4973=ADVANCED_FACE('',(#300),#155,.F.);
#4974=ADVANCED_FACE('',(#301),#156,.T.);
#4975=ADVANCED_FACE('',(#302),#4787,.F.);
#4976=ADVANCED_FACE('',(#303),#157,.T.);
#4977=ADVANCED_FACE('',(#304),#4788,.T.);
#4978=ADVANCED_FACE('',(#305),#4789,.T.);
#4979=ADVANCED_FACE('',(#306),#158,.F.);
#4980=ADVANCED_FACE('',(#307),#159,.T.);
#4981=ADVANCED_FACE('',(#308),#4790,.T.);
#4982=ADVANCED_FACE('',(#309),#4791,.T.);
#4983=ADVANCED_FACE('',(#310),#160,.F.);
#4984=ADVANCED_FACE('',(#311),#161,.T.);
#4985=ADVANCED_FACE('',(#312),#4792,.T.);
#4986=ADVANCED_FACE('',(#313),#4793,.T.);
#4987=ADVANCED_FACE('',(#314),#162,.F.);
#4988=ADVANCED_FACE('',(#315),#163,.T.);
#4989=ADVANCED_FACE('',(#316),#4794,.T.);
#4990=ADVANCED_FACE('',(#317),#4795,.T.);
#4991=ADVANCED_FACE('',(#318),#4796,.T.);
#4992=ADVANCED_FACE('',(#319),#164,.T.);
#4993=ADVANCED_FACE('',(#320),#4797,.T.);
#4994=ADVANCED_FACE('',(#321),#4798,.T.);
#4995=ADVANCED_FACE('',(#322),#165,.F.);
#4996=ADVANCED_FACE('',(#323),#166,.T.);
#4997=ADVANCED_FACE('',(#324),#4799,.T.);
#4998=ADVANCED_FACE('',(#325),#4800,.T.);
#4999=ADVANCED_FACE('',(#326),#167,.F.);
#5000=ADVANCED_FACE('',(#327),#168,.T.);
#5001=ADVANCED_FACE('',(#328),#4801,.T.);
#5002=ADVANCED_FACE('',(#329),#4802,.T.);
#5003=ADVANCED_FACE('',(#330),#169,.F.);
#5004=ADVANCED_FACE('',(#331),#170,.T.);
#5005=ADVANCED_FACE('',(#332),#4803,.T.);
#5006=ADVANCED_FACE('',(#333),#4804,.T.);
#5007=ADVANCED_FACE('',(#334),#4805,.T.);
#5008=ADVANCED_FACE('',(#335),#171,.T.);
#5009=ADVANCED_FACE('',(#336),#4806,.T.);
#5010=ADVANCED_FACE('',(#337),#4807,.T.);
#5011=ADVANCED_FACE('',(#338),#172,.F.);
#5012=ADVANCED_FACE('',(#339),#173,.T.);
#5013=ADVANCED_FACE('',(#340),#174,.F.);
#5014=ADVANCED_FACE('',(#341),#4808,.T.);
#5015=ADVANCED_FACE('',(#342),#4809,.T.);
#5016=ADVANCED_FACE('',(#343),#175,.T.);
#5017=ADVANCED_FACE('',(#344),#176,.F.);
#5018=ADVANCED_FACE('',(#345),#4810,.T.);
#5019=ADVANCED_FACE('',(#346),#4811,.T.);
#5020=ADVANCED_FACE('',(#347),#177,.T.);
#5021=ADVANCED_FACE('',(#348),#4812,.T.);
#5022=ADVANCED_FACE('',(#349),#4813,.T.);
#5023=ADVANCED_FACE('',(#350),#178,.F.);
#5024=ADVANCED_FACE('',(#351),#179,.T.);
#5025=ADVANCED_FACE('',(#352),#4814,.T.);
#5026=ADVANCED_FACE('',(#353),#4815,.T.);
#5027=ADVANCED_FACE('',(#354),#180,.F.);
#5028=ADVANCED_FACE('',(#355),#181,.T.);
#5029=ADVANCED_FACE('',(#356),#4816,.T.);
#5030=ADVANCED_FACE('',(#357),#4817,.T.);
#5031=ADVANCED_FACE('',(#358),#182,.F.);
#5032=ADVANCED_FACE('',(#359),#183,.T.);
#5033=ADVANCED_FACE('',(#360),#4818,.T.);
#5034=ADVANCED_FACE('',(#361),#4819,.T.);
#5035=ADVANCED_FACE('',(#362),#4820,.T.);
#5036=ADVANCED_FACE('',(#363),#184,.T.);
#5037=ADVANCED_FACE('',(#364),#4821,.T.);
#5038=ADVANCED_FACE('',(#365),#4822,.T.);
#5039=ADVANCED_FACE('',(#366),#4823,.T.);
#5040=ADVANCED_FACE('',(#367),#185,.T.);
#5041=ADVANCED_FACE('',(#368),#4824,.T.);
#5042=ADVANCED_FACE('',(#369),#4825,.T.);
#5043=ADVANCED_FACE('',(#370),#186,.F.);
#5044=ADVANCED_FACE('',(#371),#187,.T.);
#5045=ADVANCED_FACE('',(#372),#4826,.T.);
#5046=ADVANCED_FACE('',(#373),#4827,.T.);
#5047=ADVANCED_FACE('',(#374),#188,.F.);
#5048=ADVANCED_FACE('',(#375),#189,.T.);
#5049=ADVANCED_FACE('',(#376),#4828,.T.);
#5050=ADVANCED_FACE('',(#377),#4829,.T.);
#5051=ADVANCED_FACE('',(#378),#190,.F.);
#5052=ADVANCED_FACE('',(#379),#191,.T.);
#5053=ADVANCED_FACE('',(#380),#4830,.T.);
#5054=ADVANCED_FACE('',(#381),#4831,.T.);
#5055=ADVANCED_FACE('',(#382),#192,.F.);
#5056=ADVANCED_FACE('',(#383),#193,.T.);
#5057=ADVANCED_FACE('',(#384),#4832,.T.);
#5058=ADVANCED_FACE('',(#385),#4833,.T.);
#5059=ADVANCED_FACE('',(#386),#4834,.T.);
#5060=ADVANCED_FACE('',(#387),#194,.T.);
#5061=ADVANCED_FACE('',(#388),#4835,.T.);
#5062=ADVANCED_FACE('',(#389),#4836,.T.);
#5063=ADVANCED_FACE('',(#390),#195,.F.);
#5064=ADVANCED_FACE('',(#391),#196,.T.);
#5065=ADVANCED_FACE('',(#392),#4837,.T.);
#5066=ADVANCED_FACE('',(#393),#4838,.T.);
#5067=ADVANCED_FACE('',(#394),#197,.F.);
#5068=ADVANCED_FACE('',(#395),#198,.T.);
#5069=ADVANCED_FACE('',(#396),#4839,.T.);
#5070=ADVANCED_FACE('',(#397),#4840,.T.);
#5071=ADVANCED_FACE('',(#398),#4841,.T.);
#5072=ADVANCED_FACE('',(#399),#199,.T.);
#5073=ADVANCED_FACE('',(#400),#4842,.T.);
#5074=ADVANCED_FACE('',(#401),#4843,.T.);
#5075=ADVANCED_FACE('',(#402),#200,.F.);
#5076=ADVANCED_FACE('',(#403),#201,.T.);
#5077=ADVANCED_FACE('',(#404),#4844,.T.);
#5078=ADVANCED_FACE('',(#405),#4845,.T.);
#5079=ADVANCED_FACE('',(#406),#202,.F.);
#5080=ADVANCED_FACE('',(#407),#203,.T.);
#5081=ADVANCED_FACE('',(#408),#15,.F.);
#5082=ADVANCED_FACE('',(#409),#4846,.F.);
#5083=ADVANCED_FACE('',(#410),#16,.F.);
#5084=ADVANCED_FACE('',(#411),#4847,.F.);
#5085=ADVANCED_FACE('',(#412),#17,.F.);
#5086=ADVANCED_FACE('',(#413),#4848,.F.);
#5087=ADVANCED_FACE('',(#414),#18,.F.);
#5088=ADVANCED_FACE('',(#415),#4849,.F.);
#5089=ADVANCED_FACE('',(#416),#19,.F.);
#5090=ADVANCED_FACE('',(#417),#4850,.F.);
#5091=ADVANCED_FACE('',(#418),#20,.F.);
#5092=ADVANCED_FACE('',(#419),#4851,.F.);
#5093=ADVANCED_FACE('',(#420),#21,.F.);
#5094=ADVANCED_FACE('',(#421),#4852,.F.);
#5095=ADVANCED_FACE('',(#422),#22,.F.);
#5096=ADVANCED_FACE('',(#423),#4853,.F.);
#5097=ADVANCED_FACE('',(#424),#23,.F.);
#5098=ADVANCED_FACE('',(#425),#4854,.F.);
#5099=ADVANCED_FACE('',(#426),#24,.F.);
#5100=ADVANCED_FACE('',(#427),#4855,.F.);
#5101=ADVANCED_FACE('',(#428),#25,.F.);
#5102=ADVANCED_FACE('',(#429),#26,.F.);
#5103=ADVANCED_FACE('',(#430),#27,.F.);
#5104=ADVANCED_FACE('',(#431),#28,.F.);
#5105=ADVANCED_FACE('',(#432),#29,.F.);
#5106=ADVANCED_FACE('',(#433),#30,.F.);
#5107=ADVANCED_FACE('',(#434),#31,.F.);
#5108=ADVANCED_FACE('',(#435),#32,.F.);
#5109=ADVANCED_FACE('',(#436),#33,.F.);
#5110=ADVANCED_FACE('',(#437),#34,.F.);
#5111=ADVANCED_FACE('',(#438),#4856,.F.);
#5112=ADVANCED_FACE('',(#439),#4857,.F.);
#5113=ADVANCED_FACE('',(#440),#4858,.F.);
#5114=ADVANCED_FACE('',(#441),#4859,.F.);
#5115=ADVANCED_FACE('',(#442),#204,.T.);
#5116=ADVANCED_FACE('',(#443),#4860,.T.);
#5117=ADVANCED_FACE('',(#444),#4861,.T.);
#5118=ADVANCED_FACE('',(#445),#205,.F.);
#5119=ADVANCED_FACE('',(#446),#206,.T.);
#5120=ADVANCED_FACE('',(#447),#4862,.T.);
#5121=ADVANCED_FACE('',(#448),#4863,.T.);
#5122=ADVANCED_FACE('',(#449),#207,.F.);
#5123=ADVANCED_FACE('',(#450),#208,.T.);
#5124=ADVANCED_FACE('',(#451),#4864,.T.);
#5125=ADVANCED_FACE('',(#452),#4865,.T.);
#5126=ADVANCED_FACE('',(#453),#209,.F.);
#5127=ADVANCED_FACE('',(#454),#210,.T.);
#5128=ADVANCED_FACE('',(#455),#4866,.T.);
#5129=ADVANCED_FACE('',(#456),#4867,.T.);
#5130=ADVANCED_FACE('',(#457),#4868,.T.);
#5131=ADVANCED_FACE('',(#458),#211,.T.);
#5132=ADVANCED_FACE('',(#459),#4869,.T.);
#5133=ADVANCED_FACE('',(#460),#4870,.T.);
#5134=ADVANCED_FACE('',(#461),#212,.F.);
#5135=ADVANCED_FACE('',(#462),#213,.T.);
#5136=ADVANCED_FACE('',(#463),#4871,.T.);
#5137=ADVANCED_FACE('',(#464),#4872,.T.);
#5138=ADVANCED_FACE('',(#465),#214,.F.);
#5139=ADVANCED_FACE('',(#466),#215,.T.);
#5140=ADVANCED_FACE('',(#467),#4873,.T.);
#5141=ADVANCED_FACE('',(#468),#4874,.T.);
#5142=ADVANCED_FACE('',(#469),#216,.F.);
#5143=ADVANCED_FACE('',(#470),#217,.T.);
#5144=ADVANCED_FACE('',(#471),#4875,.T.);
#5145=ADVANCED_FACE('',(#472),#4876,.T.);
#5146=ADVANCED_FACE('',(#473),#4877,.T.);
#5147=ADVANCED_FACE('',(#474),#218,.T.);
#5148=ADVANCED_FACE('',(#475),#4878,.T.);
#5149=ADVANCED_FACE('',(#476),#4879,.T.);
#5150=ADVANCED_FACE('',(#477),#219,.F.);
#5151=ADVANCED_FACE('',(#478),#220,.T.);
#5152=ADVANCED_FACE('',(#479),#221,.F.);
#5153=ADVANCED_FACE('',(#480),#4880,.T.);
#5154=ADVANCED_FACE('',(#481),#4881,.T.);
#5155=ADVANCED_FACE('',(#482),#222,.T.);
#5156=ADVANCED_FACE('',(#483),#223,.F.);
#5157=ADVANCED_FACE('',(#484),#4882,.T.);
#5158=ADVANCED_FACE('',(#485),#4883,.T.);
#5159=ADVANCED_FACE('',(#486),#224,.T.);
#5160=ADVANCED_FACE('',(#487),#4884,.T.);
#5161=ADVANCED_FACE('',(#488),#4885,.T.);
#5162=ADVANCED_FACE('',(#489),#225,.F.);
#5163=ADVANCED_FACE('',(#490),#226,.T.);
#5164=ADVANCED_FACE('',(#491),#4886,.T.);
#5165=ADVANCED_FACE('',(#492),#4887,.T.);
#5166=ADVANCED_FACE('',(#493),#227,.F.);
#5167=ADVANCED_FACE('',(#494),#228,.T.);
#5168=ADVANCED_FACE('',(#495),#4888,.T.);
#5169=ADVANCED_FACE('',(#496),#4889,.T.);
#5170=ADVANCED_FACE('',(#497),#229,.F.);
#5171=ADVANCED_FACE('',(#498),#230,.T.);
#5172=ADVANCED_FACE('',(#499),#4890,.T.);
#5173=ADVANCED_FACE('',(#500),#4891,.T.);
#5174=ADVANCED_FACE('',(#501),#4892,.T.);
#5175=ADVANCED_FACE('',(#502),#231,.T.);
#5176=ADVANCED_FACE('',(#503),#4893,.T.);
#5177=ADVANCED_FACE('',(#504),#4894,.T.);
#5178=ADVANCED_FACE('',(#505),#4895,.T.);
#5179=ADVANCED_FACE('',(#506),#232,.T.);
#5180=ADVANCED_FACE('',(#507),#4896,.T.);
#5181=ADVANCED_FACE('',(#508),#4897,.T.);
#5182=ADVANCED_FACE('',(#509),#233,.F.);
#5183=ADVANCED_FACE('',(#510),#234,.T.);
#5184=ADVANCED_FACE('',(#511),#4898,.T.);
#5185=ADVANCED_FACE('',(#512),#4899,.T.);
#5186=ADVANCED_FACE('',(#513),#235,.F.);
#5187=ADVANCED_FACE('',(#514),#236,.T.);
#5188=ADVANCED_FACE('',(#515),#4900,.T.);
#5189=ADVANCED_FACE('',(#516),#4901,.T.);
#5190=ADVANCED_FACE('',(#517),#237,.F.);
#5191=ADVANCED_FACE('',(#518),#238,.T.);
#5192=ADVANCED_FACE('',(#519),#4902,.T.);
#5193=ADVANCED_FACE('',(#520),#4903,.T.);
#5194=ADVANCED_FACE('',(#521),#239,.F.);
#5195=ADVANCED_FACE('',(#522),#240,.T.);
#5196=ADVANCED_FACE('',(#523),#4904,.T.);
#5197=ADVANCED_FACE('',(#524),#4905,.T.);
#5198=ADVANCED_FACE('',(#525),#4906,.T.);
#5199=ADVANCED_FACE('',(#526),#241,.T.);
#5200=ADVANCED_FACE('',(#527),#4907,.T.);
#5201=ADVANCED_FACE('',(#528),#4908,.T.);
#5202=ADVANCED_FACE('',(#529),#242,.F.);
#5203=ADVANCED_FACE('',(#530),#243,.T.);
#5204=ADVANCED_FACE('',(#531),#4909,.T.);
#5205=ADVANCED_FACE('',(#532),#4910,.T.);
#5206=ADVANCED_FACE('',(#533),#244,.F.);
#5207=ADVANCED_FACE('',(#534),#245,.T.);
#5208=ADVANCED_FACE('',(#535),#4911,.T.);
#5209=ADVANCED_FACE('',(#536),#4912,.T.);
#5210=ADVANCED_FACE('',(#537),#4913,.T.);
#5211=ADVANCED_FACE('',(#538),#246,.T.);
#5212=ADVANCED_FACE('',(#539),#4914,.T.);
#5213=ADVANCED_FACE('',(#540),#4915,.T.);
#5214=ADVANCED_FACE('',(#541),#247,.F.);
#5215=ADVANCED_FACE('',(#542),#248,.T.);
#5216=ADVANCED_FACE('',(#543),#4916,.T.);
#5217=ADVANCED_FACE('',(#544),#4917,.T.);
#5218=ADVANCED_FACE('',(#545),#249,.F.);
#5219=ADVANCED_FACE('',(#546),#250,.T.);
#5220=ADVANCED_FACE('',(#547),#35,.F.);
#5221=ADVANCED_FACE('',(#548),#4918,.F.);
#5222=ADVANCED_FACE('',(#549),#36,.F.);
#5223=ADVANCED_FACE('',(#550),#4919,.F.);
#5224=ADVANCED_FACE('',(#551),#37,.F.);
#5225=ADVANCED_FACE('',(#552),#4920,.F.);
#5226=ADVANCED_FACE('',(#553),#38,.F.);
#5227=ADVANCED_FACE('',(#554),#4921,.F.);
#5228=ADVANCED_FACE('',(#555),#39,.F.);
#5229=ADVANCED_FACE('',(#556),#4922,.F.);
#5230=ADVANCED_FACE('',(#557),#40,.F.);
#5231=ADVANCED_FACE('',(#558),#4923,.F.);
#5232=ADVANCED_FACE('',(#559),#41,.F.);
#5233=ADVANCED_FACE('',(#560),#4924,.F.);
#5234=ADVANCED_FACE('',(#561),#42,.F.);
#5235=ADVANCED_FACE('',(#562),#4925,.F.);
#5236=ADVANCED_FACE('',(#563),#43,.F.);
#5237=ADVANCED_FACE('',(#564),#4926,.F.);
#5238=ADVANCED_FACE('',(#565),#44,.F.);
#5239=ADVANCED_FACE('',(#566),#4927,.F.);
#5240=ADVANCED_FACE('',(#567),#45,.F.);
#5241=ADVANCED_FACE('',(#568),#46,.F.);
#5242=ADVANCED_FACE('',(#569),#47,.F.);
#5243=ADVANCED_FACE('',(#570),#48,.F.);
#5244=ADVANCED_FACE('',(#571),#49,.F.);
#5245=ADVANCED_FACE('',(#572),#50,.F.);
#5246=ADVANCED_FACE('',(#573),#51,.F.);
#5247=ADVANCED_FACE('',(#574),#52,.F.);
#5248=ADVANCED_FACE('',(#575),#53,.F.);
#5249=ADVANCED_FACE('',(#576),#54,.F.);
#5250=ADVANCED_FACE('',(#577),#4928,.F.);
#5251=ADVANCED_FACE('',(#578),#4929,.F.);
#5252=ADVANCED_FACE('',(#579),#4930,.F.);
#5253=ADVANCED_FACE('',(#580),#4931,.F.);
#5254=ADVANCED_FACE('',(#581),#4932,.F.);
#5255=ADVANCED_FACE('',(#582),#251,.T.);
#5256=CLOSED_SHELL('',(#4933,#4934,#4935,#4936,#4937,#4938,#4939,#4940,
#4941,#4942,#4943,#4944,#4945,#4946,#4947,#4948,#4949,#4950,#4951,#4952,
#4953,#4954,#4955,#4956,#4957,#4958,#4959,#4960,#4961,#4962,#4963,#4964,
#4965,#4966,#4967,#4968,#4969,#4970,#4971,#4972,#4973,#4974,#4975,#4976,
#4977,#4978,#4979,#4980,#4981,#4982,#4983,#4984,#4985,#4986,#4987,#4988,
#4989,#4990,#4991,#4992,#4993,#4994,#4995,#4996,#4997,#4998,#4999,#5000,
#5001,#5002,#5003,#5004,#5005,#5006,#5007,#5008,#5009,#5010,#5011,#5012,
#5013,#5014,#5015,#5016,#5017,#5018,#5019,#5020,#5021,#5022,#5023,#5024,
#5025,#5026,#5027,#5028,#5029,#5030,#5031,#5032,#5033,#5034,#5035,#5036,
#5037,#5038,#5039,#5040,#5041,#5042,#5043,#5044,#5045,#5046,#5047,#5048,
#5049,#5050,#5051,#5052,#5053,#5054,#5055,#5056,#5057,#5058,#5059,#5060,
#5061,#5062,#5063,#5064,#5065,#5066,#5067,#5068,#5069,#5070,#5071,#5072,
#5073,#5074,#5075,#5076,#5077,#5078,#5079,#5080,#5081,#5082,#5083,#5084,
#5085,#5086,#5087,#5088,#5089,#5090,#5091,#5092,#5093,#5094,#5095,#5096,
#5097,#5098,#5099,#5100,#5101,#5102,#5103,#5104,#5105,#5106,#5107,#5108,
#5109,#5110,#5111,#5112,#5113,#5114,#5115,#5116,#5117,#5118,#5119,#5120,
#5121,#5122,#5123,#5124,#5125,#5126,#5127,#5128,#5129,#5130,#5131,#5132,
#5133,#5134,#5135,#5136,#5137,#5138,#5139,#5140,#5141,#5142,#5143,#5144,
#5145,#5146,#5147,#5148,#5149,#5150,#5151,#5152,#5153,#5154,#5155,#5156,
#5157,#5158,#5159,#5160,#5161,#5162,#5163,#5164,#5165,#5166,#5167,#5168,
#5169,#5170,#5171,#5172,#5173,#5174,#5175,#5176,#5177,#5178,#5179,#5180,
#5181,#5182,#5183,#5184,#5185,#5186,#5187,#5188,#5189,#5190,#5191,#5192,
#5193,#5194,#5195,#5196,#5197,#5198,#5199,#5200,#5201,#5202,#5203,#5204,
#5205,#5206,#5207,#5208,#5209,#5210,#5211,#5212,#5213,#5214,#5215,#5216,
#5217,#5218,#5219,#5220,#5221,#5222,#5223,#5224,#5225,#5226,#5227,#5228,
#5229,#5230,#5231,#5232,#5233,#5234,#5235,#5236,#5237,#5238,#5239,#5240,
#5241,#5242,#5243,#5244,#5245,#5246,#5247,#5248,#5249,#5250,#5251,#5252,
#5253,#5254,#5255));
#5257=DERIVED_UNIT_ELEMENT(#5259,1.);
#5258=DERIVED_UNIT_ELEMENT(#9224,-3.);
#5259=(
MASS_UNIT()
NAMED_UNIT(*)
SI_UNIT(.KILO.,.GRAM.)
);
#5260=DERIVED_UNIT((#5257,#5258));
#5261=MEASURE_REPRESENTATION_ITEM('density measure',
POSITIVE_RATIO_MEASURE(7850.),#5260);
#5262=PROPERTY_DEFINITION_REPRESENTATION(#5267,#5264);
#5263=PROPERTY_DEFINITION_REPRESENTATION(#5268,#5265);
#5264=REPRESENTATION('material name',(#5266),#9219);
#5265=REPRESENTATION('density',(#5261),#9219);
#5266=DESCRIPTIVE_REPRESENTATION_ITEM('Steel','Steel');
#5267=PROPERTY_DEFINITION('material property','material name',#9232);
#5268=PROPERTY_DEFINITION('material property','density of part',#9232);
#5269=AXIS2_PLACEMENT_3D('',#7684,#5949,#5950);
#5270=AXIS2_PLACEMENT_3D('',#7685,#5951,#5952);
#5271=AXIS2_PLACEMENT_3D('',#7688,#5953,#5954);
#5272=AXIS2_PLACEMENT_3D('',#7692,#5956,#5957);
#5273=AXIS2_PLACEMENT_3D('',#7694,#5959,#5960);
#5274=AXIS2_PLACEMENT_3D('',#7697,#5961,#5962);
#5275=AXIS2_PLACEMENT_3D('',#7698,#5963,#5964);
#5276=AXIS2_PLACEMENT_3D('',#7699,#5965,#5966);
#5277=AXIS2_PLACEMENT_3D('',#7700,#5967,#5968);
#5278=AXIS2_PLACEMENT_3D('',#7703,#5969,#5970);
#5279=AXIS2_PLACEMENT_3D('',#7706,#5973,#5974);
#5280=AXIS2_PLACEMENT_3D('',#7712,#5978,#5979);
#5281=AXIS2_PLACEMENT_3D('',#7715,#5981,#5982);
#5282=AXIS2_PLACEMENT_3D('',#7716,#5983,#5984);
#5283=AXIS2_PLACEMENT_3D('',#7720,#5987,#5988);
#5284=AXIS2_PLACEMENT_3D('',#7724,#5990,#5991);
#5285=AXIS2_PLACEMENT_3D('',#7728,#5993,#5994);
#5286=AXIS2_PLACEMENT_3D('',#7731,#5996,#5997);
#5287=AXIS2_PLACEMENT_3D('',#7733,#5998,#5999);
#5288=AXIS2_PLACEMENT_3D('',#7735,#6000,#6001);
#5289=AXIS2_PLACEMENT_3D('',#7737,#6002,#6003);
#5290=AXIS2_PLACEMENT_3D('',#7739,#6004,#6005);
#5291=AXIS2_PLACEMENT_3D('',#7741,#6006,#6007);
#5292=AXIS2_PLACEMENT_3D('',#7743,#6008,#6009);
#5293=AXIS2_PLACEMENT_3D('',#7745,#6010,#6011);
#5294=AXIS2_PLACEMENT_3D('',#7747,#6012,#6013);
#5295=AXIS2_PLACEMENT_3D('',#7749,#6014,#6015);
#5296=AXIS2_PLACEMENT_3D('',#7751,#6016,#6017);
#5297=AXIS2_PLACEMENT_3D('',#7753,#6018,#6019);
#5298=AXIS2_PLACEMENT_3D('',#7755,#6020,#6021);
#5299=AXIS2_PLACEMENT_3D('',#7757,#6022,#6023);
#5300=AXIS2_PLACEMENT_3D('',#7759,#6024,#6025);
#5301=AXIS2_PLACEMENT_3D('',#7762,#6026,#6027);
#5302=AXIS2_PLACEMENT_3D('',#7765,#6029,#6030);
#5303=AXIS2_PLACEMENT_3D('',#7768,#6031,#6032);
#5304=AXIS2_PLACEMENT_3D('',#7771,#6034,#6035);
#5305=AXIS2_PLACEMENT_3D('',#7774,#6036,#6037);
#5306=AXIS2_PLACEMENT_3D('',#7776,#6038,#6039);
#5307=AXIS2_PLACEMENT_3D('',#7777,#6040,#6041);
#5308=AXIS2_PLACEMENT_3D('',#7780,#6042,#6043);
#5309=AXIS2_PLACEMENT_3D('',#7783,#6045,#6046);
#5310=AXIS2_PLACEMENT_3D('',#7786,#6047,#6048);
#5311=AXIS2_PLACEMENT_3D('',#7789,#6050,#6051);
#5312=AXIS2_PLACEMENT_3D('',#7792,#6052,#6053);
#5313=AXIS2_PLACEMENT_3D('',#7794,#6054,#6055);
#5314=AXIS2_PLACEMENT_3D('',#7795,#6056,#6057);
#5315=AXIS2_PLACEMENT_3D('',#7798,#6058,#6059);
#5316=AXIS2_PLACEMENT_3D('',#7801,#6061,#6062);
#5317=AXIS2_PLACEMENT_3D('',#7804,#6063,#6064);
#5318=AXIS2_PLACEMENT_3D('',#7807,#6066,#6067);
#5319=AXIS2_PLACEMENT_3D('',#7810,#6068,#6069);
#5320=AXIS2_PLACEMENT_3D('',#7813,#6071,#6072);
#5321=AXIS2_PLACEMENT_3D('',#7816,#6073,#6074);
#5322=AXIS2_PLACEMENT_3D('',#7819,#6076,#6077);
#5323=AXIS2_PLACEMENT_3D('',#7822,#6078,#6079);
#5324=AXIS2_PLACEMENT_3D('',#7824,#6080,#6081);
#5325=AXIS2_PLACEMENT_3D('',#7825,#6082,#6083);
#5326=AXIS2_PLACEMENT_3D('',#7828,#6084,#6085);
#5327=AXIS2_PLACEMENT_3D('',#7830,#6086,#6087);
#5328=AXIS2_PLACEMENT_3D('',#7831,#6088,#6089);
#5329=AXIS2_PLACEMENT_3D('',#7834,#6090,#6091);
#5330=AXIS2_PLACEMENT_3D('',#7837,#6093,#6094);
#5331=AXIS2_PLACEMENT_3D('',#7840,#6095,#6096);
#5332=AXIS2_PLACEMENT_3D('',#7843,#6098,#6099);
#5333=AXIS2_PLACEMENT_3D('',#7846,#6100,#6101);
#5334=AXIS2_PLACEMENT_3D('',#7849,#6103,#6104);
#5335=AXIS2_PLACEMENT_3D('',#7856,#6107,#6108);
#5336=AXIS2_PLACEMENT_3D('',#7857,#6109,#6110);
#5337=AXIS2_PLACEMENT_3D('',#7859,#6111,#6112);
#5338=AXIS2_PLACEMENT_3D('',#7860,#6113,#6114);
#5339=AXIS2_PLACEMENT_3D('',#7863,#6115,#6116);
#5340=AXIS2_PLACEMENT_3D('',#7866,#6118,#6119);
#5341=AXIS2_PLACEMENT_3D('',#7869,#6120,#6121);
#5342=AXIS2_PLACEMENT_3D('',#7871,#6122,#6123);
#5343=AXIS2_PLACEMENT_3D('',#7872,#6124,#6125);
#5344=AXIS2_PLACEMENT_3D('',#7875,#6126,#6127);
#5345=AXIS2_PLACEMENT_3D('',#7878,#6129,#6130);
#5346=AXIS2_PLACEMENT_3D('',#7881,#6131,#6132);
#5347=AXIS2_PLACEMENT_3D('',#7884,#6134,#6135);
#5348=AXIS2_PLACEMENT_3D('',#7887,#6136,#6137);
#5349=AXIS2_PLACEMENT_3D('',#7890,#6139,#6140);
#5350=AXIS2_PLACEMENT_3D('',#7893,#6141,#6142);
#5351=AXIS2_PLACEMENT_3D('',#7895,#6143,#6144);
#5352=AXIS2_PLACEMENT_3D('',#7896,#6145,#6146);
#5353=AXIS2_PLACEMENT_3D('',#7899,#6147,#6148);
#5354=AXIS2_PLACEMENT_3D('',#7902,#6150,#6151);
#5355=AXIS2_PLACEMENT_3D('',#7905,#6152,#6153);
#5356=AXIS2_PLACEMENT_3D('',#7908,#6155,#6156);
#5357=AXIS2_PLACEMENT_3D('',#7911,#6157,#6158);
#5358=AXIS2_PLACEMENT_3D('',#7914,#6160,#6161);
#5359=AXIS2_PLACEMENT_3D('',#7915,#6162,#6163);
#5360=AXIS2_PLACEMENT_3D('',#7917,#6164,#6165);
#5361=AXIS2_PLACEMENT_3D('',#7919,#6166,#6167);
#5362=AXIS2_PLACEMENT_3D('',#7921,#6169,#6170);
#5363=AXIS2_PLACEMENT_3D('',#7923,#6171,#6172);
#5364=AXIS2_PLACEMENT_3D('',#7924,#6173,#6174);
#5365=AXIS2_PLACEMENT_3D('',#7925,#6175,#6176);
#5366=AXIS2_PLACEMENT_3D('',#7927,#6178,#6179);
#5367=AXIS2_PLACEMENT_3D('',#7931,#6181,#6182);
#5368=AXIS2_PLACEMENT_3D('',#7933,#6184,#6185);
#5369=AXIS2_PLACEMENT_3D('',#7936,#6186,#6187);
#5370=AXIS2_PLACEMENT_3D('',#7937,#6188,#6189);
#5371=AXIS2_PLACEMENT_3D('',#7938,#6190,#6191);
#5372=AXIS2_PLACEMENT_3D('',#7939,#6192,#6193);
#5373=AXIS2_PLACEMENT_3D('',#7942,#6194,#6195);
#5374=AXIS2_PLACEMENT_3D('',#7945,#6198,#6199);
#5375=AXIS2_PLACEMENT_3D('',#7948,#6200,#6201);
#5376=AXIS2_PLACEMENT_3D('',#7949,#6202,#6203);
#5377=AXIS2_PLACEMENT_3D('',#7950,#6204,#6205);
#5378=AXIS2_PLACEMENT_3D('',#7951,#6206,#6207);
#5379=AXIS2_PLACEMENT_3D('',#7954,#6208,#6209);
#5380=AXIS2_PLACEMENT_3D('',#7957,#6212,#6213);
#5381=AXIS2_PLACEMENT_3D('',#7963,#6216,#6217);
#5382=AXIS2_PLACEMENT_3D('',#7969,#6220,#6221);
#5383=AXIS2_PLACEMENT_3D('',#7971,#6223,#6224);
#5384=AXIS2_PLACEMENT_3D('',#7975,#6226,#6227);
#5385=AXIS2_PLACEMENT_3D('',#7979,#6229,#6230);
#5386=AXIS2_PLACEMENT_3D('',#7982,#6232,#6233);
#5387=AXIS2_PLACEMENT_3D('',#7984,#6234,#6235);
#5388=AXIS2_PLACEMENT_3D('',#7986,#6236,#6237);
#5389=AXIS2_PLACEMENT_3D('',#7988,#6238,#6239);
#5390=AXIS2_PLACEMENT_3D('',#7990,#6240,#6241);
#5391=AXIS2_PLACEMENT_3D('',#7992,#6242,#6243);
#5392=AXIS2_PLACEMENT_3D('',#7994,#6244,#6245);
#5393=AXIS2_PLACEMENT_3D('',#7996,#6246,#6247);
#5394=AXIS2_PLACEMENT_3D('',#7998,#6248,#6249);
#5395=AXIS2_PLACEMENT_3D('',#8000,#6250,#6251);
#5396=AXIS2_PLACEMENT_3D('',#8002,#6252,#6253);
#5397=AXIS2_PLACEMENT_3D('',#8004,#6254,#6255);
#5398=AXIS2_PLACEMENT_3D('',#8006,#6256,#6257);
#5399=AXIS2_PLACEMENT_3D('',#8008,#6258,#6259);
#5400=AXIS2_PLACEMENT_3D('',#8010,#6260,#6261);
#5401=AXIS2_PLACEMENT_3D('',#8013,#6262,#6263);
#5402=AXIS2_PLACEMENT_3D('',#8016,#6265,#6266);
#5403=AXIS2_PLACEMENT_3D('',#8019,#6267,#6268);
#5404=AXIS2_PLACEMENT_3D('',#8022,#6270,#6271);
#5405=AXIS2_PLACEMENT_3D('',#8025,#6272,#6273);
#5406=AXIS2_PLACEMENT_3D('',#8027,#6274,#6275);
#5407=AXIS2_PLACEMENT_3D('',#8028,#6276,#6277);
#5408=AXIS2_PLACEMENT_3D('',#8031,#6278,#6279);
#5409=AXIS2_PLACEMENT_3D('',#8034,#6281,#6282);
#5410=AXIS2_PLACEMENT_3D('',#8037,#6283,#6284);
#5411=AXIS2_PLACEMENT_3D('',#8040,#6286,#6287);
#5412=AXIS2_PLACEMENT_3D('',#8043,#6288,#6289);
#5413=AXIS2_PLACEMENT_3D('',#8045,#6290,#6291);
#5414=AXIS2_PLACEMENT_3D('',#8046,#6292,#6293);
#5415=AXIS2_PLACEMENT_3D('',#8049,#6294,#6295);
#5416=AXIS2_PLACEMENT_3D('',#8052,#6297,#6298);
#5417=AXIS2_PLACEMENT_3D('',#8055,#6299,#6300);
#5418=AXIS2_PLACEMENT_3D('',#8058,#6302,#6303);
#5419=AXIS2_PLACEMENT_3D('',#8061,#6304,#6305);
#5420=AXIS2_PLACEMENT_3D('',#8064,#6307,#6308);
#5421=AXIS2_PLACEMENT_3D('',#8067,#6309,#6310);
#5422=AXIS2_PLACEMENT_3D('',#8070,#6312,#6313);
#5423=AXIS2_PLACEMENT_3D('',#8073,#6314,#6315);
#5424=AXIS2_PLACEMENT_3D('',#8075,#6316,#6317);
#5425=AXIS2_PLACEMENT_3D('',#8076,#6318,#6319);
#5426=AXIS2_PLACEMENT_3D('',#8079,#6320,#6321);
#5427=AXIS2_PLACEMENT_3D('',#8081,#6322,#6323);
#5428=AXIS2_PLACEMENT_3D('',#8082,#6324,#6325);
#5429=AXIS2_PLACEMENT_3D('',#8085,#6326,#6327);
#5430=AXIS2_PLACEMENT_3D('',#8088,#6329,#6330);
#5431=AXIS2_PLACEMENT_3D('',#8091,#6331,#6332);
#5432=AXIS2_PLACEMENT_3D('',#8094,#6334,#6335);
#5433=AXIS2_PLACEMENT_3D('',#8097,#6336,#6337);
#5434=AXIS2_PLACEMENT_3D('',#8100,#6339,#6340);
#5435=AXIS2_PLACEMENT_3D('',#8107,#6343,#6344);
#5436=AXIS2_PLACEMENT_3D('',#8108,#6345,#6346);
#5437=AXIS2_PLACEMENT_3D('',#8110,#6347,#6348);
#5438=AXIS2_PLACEMENT_3D('',#8111,#6349,#6350);
#5439=AXIS2_PLACEMENT_3D('',#8114,#6351,#6352);
#5440=AXIS2_PLACEMENT_3D('',#8117,#6354,#6355);
#5441=AXIS2_PLACEMENT_3D('',#8120,#6356,#6357);
#5442=AXIS2_PLACEMENT_3D('',#8122,#6358,#6359);
#5443=AXIS2_PLACEMENT_3D('',#8123,#6360,#6361);
#5444=AXIS2_PLACEMENT_3D('',#8126,#6362,#6363);
#5445=AXIS2_PLACEMENT_3D('',#8129,#6365,#6366);
#5446=AXIS2_PLACEMENT_3D('',#8132,#6367,#6368);
#5447=AXIS2_PLACEMENT_3D('',#8135,#6370,#6371);
#5448=AXIS2_PLACEMENT_3D('',#8138,#6372,#6373);
#5449=AXIS2_PLACEMENT_3D('',#8141,#6375,#6376);
#5450=AXIS2_PLACEMENT_3D('',#8144,#6377,#6378);
#5451=AXIS2_PLACEMENT_3D('',#8146,#6379,#6380);
#5452=AXIS2_PLACEMENT_3D('',#8147,#6381,#6382);
#5453=AXIS2_PLACEMENT_3D('',#8150,#6383,#6384);
#5454=AXIS2_PLACEMENT_3D('',#8153,#6386,#6387);
#5455=AXIS2_PLACEMENT_3D('',#8156,#6388,#6389);
#5456=AXIS2_PLACEMENT_3D('',#8159,#6391,#6392);
#5457=AXIS2_PLACEMENT_3D('',#8162,#6393,#6394);
#5458=AXIS2_PLACEMENT_3D('',#8165,#6396,#6397);
#5459=AXIS2_PLACEMENT_3D('',#8166,#6398,#6399);
#5460=AXIS2_PLACEMENT_3D('',#8169,#6401,#6402);
#5461=AXIS2_PLACEMENT_3D('',#8170,#6403,#6404);
#5462=AXIS2_PLACEMENT_3D('',#8172,#6405,#6406);
#5463=AXIS2_PLACEMENT_3D('',#8173,#6407,#6408);
#5464=AXIS2_PLACEMENT_3D('',#8174,#6409,#6410);
#5465=AXIS2_PLACEMENT_3D('',#8176,#6411,#6412);
#5466=AXIS2_PLACEMENT_3D('',#8178,#6414,#6415);
#5467=AXIS2_PLACEMENT_3D('',#8184,#6419,#6420);
#5468=AXIS2_PLACEMENT_3D('',#8187,#6422,#6423);
#5469=AXIS2_PLACEMENT_3D('',#8188,#6424,#6425);
#5470=AXIS2_PLACEMENT_3D('',#8190,#6427,#6428);
#5471=AXIS2_PLACEMENT_3D('',#8192,#6429,#6430);
#5472=AXIS2_PLACEMENT_3D('',#8194,#6431,#6432);
#5473=AXIS2_PLACEMENT_3D('',#8196,#6434,#6435);
#5474=AXIS2_PLACEMENT_3D('',#8198,#6436,#6437);
#5475=AXIS2_PLACEMENT_3D('',#8199,#6438,#6439);
#5476=AXIS2_PLACEMENT_3D('',#8200,#6440,#6441);
#5477=AXIS2_PLACEMENT_3D('',#8202,#6443,#6444);
#5478=AXIS2_PLACEMENT_3D('',#8206,#6446,#6447);
#5479=AXIS2_PLACEMENT_3D('',#8208,#6449,#6450);
#5480=AXIS2_PLACEMENT_3D('',#8211,#6451,#6452);
#5481=AXIS2_PLACEMENT_3D('',#8212,#6453,#6454);
#5482=AXIS2_PLACEMENT_3D('',#8213,#6455,#6456);
#5483=AXIS2_PLACEMENT_3D('',#8214,#6457,#6458);
#5484=AXIS2_PLACEMENT_3D('',#8217,#6459,#6460);
#5485=AXIS2_PLACEMENT_3D('',#8220,#6463,#6464);
#5486=AXIS2_PLACEMENT_3D('',#8223,#6465,#6466);
#5487=AXIS2_PLACEMENT_3D('',#8224,#6467,#6468);
#5488=AXIS2_PLACEMENT_3D('',#8225,#6469,#6470);
#5489=AXIS2_PLACEMENT_3D('',#8226,#6471,#6472);
#5490=AXIS2_PLACEMENT_3D('',#8229,#6475,#6476);
#5491=AXIS2_PLACEMENT_3D('',#8231,#6478,#6479);
#5492=AXIS2_PLACEMENT_3D('',#8233,#6481,#6482);
#5493=AXIS2_PLACEMENT_3D('',#8235,#6484,#6485);
#5494=AXIS2_PLACEMENT_3D('',#8237,#6487,#6488);
#5495=AXIS2_PLACEMENT_3D('',#8238,#6489,#6490);
#5496=AXIS2_PLACEMENT_3D('',#8243,#6492,#6493);
#5497=AXIS2_PLACEMENT_3D('',#8253,#6499,#6500);
#5498=AXIS2_PLACEMENT_3D('',#8260,#6504,#6505);
#5499=AXIS2_PLACEMENT_3D('',#8262,#6506,#6507);
#5500=AXIS2_PLACEMENT_3D('',#8264,#6508,#6509);
#5501=AXIS2_PLACEMENT_3D('',#8266,#6510,#6511);
#5502=AXIS2_PLACEMENT_3D('',#8267,#6512,#6513);
#5503=AXIS2_PLACEMENT_3D('',#8272,#6516,#6517);
#5504=AXIS2_PLACEMENT_3D('',#8274,#6518,#6519);
#5505=AXIS2_PLACEMENT_3D('',#8276,#6520,#6521);
#5506=AXIS2_PLACEMENT_3D('',#8278,#6522,#6523);
#5507=AXIS2_PLACEMENT_3D('',#8279,#6524,#6525);
#5508=AXIS2_PLACEMENT_3D('',#8283,#6528,#6529);
#5509=AXIS2_PLACEMENT_3D('',#8287,#6532,#6533);
#5510=AXIS2_PLACEMENT_3D('',#8292,#6536,#6537);
#5511=AXIS2_PLACEMENT_3D('',#8293,#6538,#6539);
#5512=AXIS2_PLACEMENT_3D('',#8296,#6542,#6543);
#5513=AXIS2_PLACEMENT_3D('',#8300,#6546,#6547);
#5514=AXIS2_PLACEMENT_3D('',#8304,#6549,#6550);
#5515=AXIS2_PLACEMENT_3D('',#8306,#6552,#6553);
#5516=AXIS2_PLACEMENT_3D('',#8309,#6555,#6556);
#5517=AXIS2_PLACEMENT_3D('',#8310,#6557,#6558);
#5518=AXIS2_PLACEMENT_3D('',#8312,#6560,#6561);
#5519=AXIS2_PLACEMENT_3D('',#8313,#6562,#6563);
#5520=AXIS2_PLACEMENT_3D('',#8317,#6565,#6566);
#5521=AXIS2_PLACEMENT_3D('',#8319,#6568,#6569);
#5522=AXIS2_PLACEMENT_3D('',#8322,#6571,#6572);
#5523=AXIS2_PLACEMENT_3D('',#8323,#6573,#6574);
#5524=AXIS2_PLACEMENT_3D('',#8325,#6576,#6577);
#5525=AXIS2_PLACEMENT_3D('',#8326,#6578,#6579);
#5526=AXIS2_PLACEMENT_3D('',#8330,#6581,#6582);
#5527=AXIS2_PLACEMENT_3D('',#8332,#6584,#6585);
#5528=AXIS2_PLACEMENT_3D('',#8335,#6587,#6588);
#5529=AXIS2_PLACEMENT_3D('',#8336,#6589,#6590);
#5530=AXIS2_PLACEMENT_3D('',#8338,#6592,#6593);
#5531=AXIS2_PLACEMENT_3D('',#8339,#6594,#6595);
#5532=AXIS2_PLACEMENT_3D('',#8343,#6597,#6598);
#5533=AXIS2_PLACEMENT_3D('',#8345,#6600,#6601);
#5534=AXIS2_PLACEMENT_3D('',#8348,#6603,#6604);
#5535=AXIS2_PLACEMENT_3D('',#8349,#6605,#6606);
#5536=AXIS2_PLACEMENT_3D('',#8350,#6607,#6608);
#5537=AXIS2_PLACEMENT_3D('',#8351,#6609,#6610);
#5538=AXIS2_PLACEMENT_3D('',#8352,#6611,#6612);
#5539=AXIS2_PLACEMENT_3D('',#8356,#6614,#6615);
#5540=AXIS2_PLACEMENT_3D('',#8358,#6617,#6618);
#5541=AXIS2_PLACEMENT_3D('',#8361,#6620,#6621);
#5542=AXIS2_PLACEMENT_3D('',#8362,#6622,#6623);
#5543=AXIS2_PLACEMENT_3D('',#8364,#6625,#6626);
#5544=AXIS2_PLACEMENT_3D('',#8365,#6627,#6628);
#5545=AXIS2_PLACEMENT_3D('',#8369,#6630,#6631);
#5546=AXIS2_PLACEMENT_3D('',#8371,#6633,#6634);
#5547=AXIS2_PLACEMENT_3D('',#8374,#6636,#6637);
#5548=AXIS2_PLACEMENT_3D('',#8375,#6638,#6639);
#5549=AXIS2_PLACEMENT_3D('',#8377,#6641,#6642);
#5550=AXIS2_PLACEMENT_3D('',#8378,#6643,#6644);
#5551=AXIS2_PLACEMENT_3D('',#8382,#6646,#6647);
#5552=AXIS2_PLACEMENT_3D('',#8384,#6649,#6650);
#5553=AXIS2_PLACEMENT_3D('',#8387,#6652,#6653);
#5554=AXIS2_PLACEMENT_3D('',#8388,#6654,#6655);
#5555=AXIS2_PLACEMENT_3D('',#8390,#6657,#6658);
#5556=AXIS2_PLACEMENT_3D('',#8391,#6659,#6660);
#5557=AXIS2_PLACEMENT_3D('',#8395,#6662,#6663);
#5558=AXIS2_PLACEMENT_3D('',#8397,#6665,#6666);
#5559=AXIS2_PLACEMENT_3D('',#8400,#6668,#6669);
#5560=AXIS2_PLACEMENT_3D('',#8401,#6670,#6671);
#5561=AXIS2_PLACEMENT_3D('',#8402,#6672,#6673);
#5562=AXIS2_PLACEMENT_3D('',#8403,#6674,#6675);
#5563=AXIS2_PLACEMENT_3D('',#8404,#6676,#6677);
#5564=AXIS2_PLACEMENT_3D('',#8408,#6679,#6680);
#5565=AXIS2_PLACEMENT_3D('',#8410,#6682,#6683);
#5566=AXIS2_PLACEMENT_3D('',#8413,#6685,#6686);
#5567=AXIS2_PLACEMENT_3D('',#8414,#6687,#6688);
#5568=AXIS2_PLACEMENT_3D('',#8416,#6690,#6691);
#5569=AXIS2_PLACEMENT_3D('',#8417,#6692,#6693);
#5570=AXIS2_PLACEMENT_3D('',#8423,#6697,#6698);
#5571=AXIS2_PLACEMENT_3D('',#8426,#6700,#6701);
#5572=AXIS2_PLACEMENT_3D('',#8427,#6702,#6703);
#5573=AXIS2_PLACEMENT_3D('',#8429,#6705,#6706);
#5574=AXIS2_PLACEMENT_3D('',#8430,#6707,#6708);
#5575=AXIS2_PLACEMENT_3D('',#8431,#6709,#6710);
#5576=AXIS2_PLACEMENT_3D('',#8435,#6713,#6714);
#5577=AXIS2_PLACEMENT_3D('',#8438,#6716,#6717);
#5578=AXIS2_PLACEMENT_3D('',#8439,#6718,#6719);
#5579=AXIS2_PLACEMENT_3D('',#8440,#6720,#6721);
#5580=AXIS2_PLACEMENT_3D('',#8441,#6722,#6723);
#5581=AXIS2_PLACEMENT_3D('',#8442,#6724,#6725);
#5582=AXIS2_PLACEMENT_3D('',#8446,#6727,#6728);
#5583=AXIS2_PLACEMENT_3D('',#8448,#6730,#6731);
#5584=AXIS2_PLACEMENT_3D('',#8451,#6733,#6734);
#5585=AXIS2_PLACEMENT_3D('',#8452,#6735,#6736);
#5586=AXIS2_PLACEMENT_3D('',#8454,#6738,#6739);
#5587=AXIS2_PLACEMENT_3D('',#8455,#6740,#6741);
#5588=AXIS2_PLACEMENT_3D('',#8459,#6743,#6744);
#5589=AXIS2_PLACEMENT_3D('',#8461,#6746,#6747);
#5590=AXIS2_PLACEMENT_3D('',#8464,#6749,#6750);
#5591=AXIS2_PLACEMENT_3D('',#8465,#6751,#6752);
#5592=AXIS2_PLACEMENT_3D('',#8467,#6754,#6755);
#5593=AXIS2_PLACEMENT_3D('',#8468,#6756,#6757);
#5594=AXIS2_PLACEMENT_3D('',#8472,#6759,#6760);
#5595=AXIS2_PLACEMENT_3D('',#8474,#6762,#6763);
#5596=AXIS2_PLACEMENT_3D('',#8477,#6765,#6766);
#5597=AXIS2_PLACEMENT_3D('',#8478,#6767,#6768);
#5598=AXIS2_PLACEMENT_3D('',#8480,#6770,#6771);
#5599=AXIS2_PLACEMENT_3D('',#8481,#6772,#6773);
#5600=AXIS2_PLACEMENT_3D('',#8485,#6775,#6776);
#5601=AXIS2_PLACEMENT_3D('',#8487,#6778,#6779);
#5602=AXIS2_PLACEMENT_3D('',#8490,#6781,#6782);
#5603=AXIS2_PLACEMENT_3D('',#8491,#6783,#6784);
#5604=AXIS2_PLACEMENT_3D('',#8492,#6785,#6786);
#5605=AXIS2_PLACEMENT_3D('',#8493,#6787,#6788);
#5606=AXIS2_PLACEMENT_3D('',#8494,#6789,#6790);
#5607=AXIS2_PLACEMENT_3D('',#8498,#6792,#6793);
#5608=AXIS2_PLACEMENT_3D('',#8500,#6795,#6796);
#5609=AXIS2_PLACEMENT_3D('',#8503,#6798,#6799);
#5610=AXIS2_PLACEMENT_3D('',#8504,#6800,#6801);
#5611=AXIS2_PLACEMENT_3D('',#8505,#6802,#6803);
#5612=AXIS2_PLACEMENT_3D('',#8506,#6804,#6805);
#5613=AXIS2_PLACEMENT_3D('',#8507,#6806,#6807);
#5614=AXIS2_PLACEMENT_3D('',#8511,#6809,#6810);
#5615=AXIS2_PLACEMENT_3D('',#8513,#6812,#6813);
#5616=AXIS2_PLACEMENT_3D('',#8516,#6815,#6816);
#5617=AXIS2_PLACEMENT_3D('',#8517,#6817,#6818);
#5618=AXIS2_PLACEMENT_3D('',#8519,#6820,#6821);
#5619=AXIS2_PLACEMENT_3D('',#8520,#6822,#6823);
#5620=AXIS2_PLACEMENT_3D('',#8524,#6825,#6826);
#5621=AXIS2_PLACEMENT_3D('',#8526,#6828,#6829);
#5622=AXIS2_PLACEMENT_3D('',#8529,#6831,#6832);
#5623=AXIS2_PLACEMENT_3D('',#8530,#6833,#6834);
#5624=AXIS2_PLACEMENT_3D('',#8532,#6836,#6837);
#5625=AXIS2_PLACEMENT_3D('',#8533,#6838,#6839);
#5626=AXIS2_PLACEMENT_3D('',#8537,#6841,#6842);
#5627=AXIS2_PLACEMENT_3D('',#8539,#6844,#6845);
#5628=AXIS2_PLACEMENT_3D('',#8542,#6847,#6848);
#5629=AXIS2_PLACEMENT_3D('',#8543,#6849,#6850);
#5630=AXIS2_PLACEMENT_3D('',#8545,#6852,#6853);
#5631=AXIS2_PLACEMENT_3D('',#8546,#6854,#6855);
#5632=AXIS2_PLACEMENT_3D('',#8550,#6857,#6858);
#5633=AXIS2_PLACEMENT_3D('',#8552,#6860,#6861);
#5634=AXIS2_PLACEMENT_3D('',#8555,#6863,#6864);
#5635=AXIS2_PLACEMENT_3D('',#8556,#6865,#6866);
#5636=AXIS2_PLACEMENT_3D('',#8558,#6868,#6869);
#5637=AXIS2_PLACEMENT_3D('',#8559,#6870,#6871);
#5638=AXIS2_PLACEMENT_3D('',#8563,#6873,#6874);
#5639=AXIS2_PLACEMENT_3D('',#8565,#6876,#6877);
#5640=AXIS2_PLACEMENT_3D('',#8568,#6879,#6880);
#5641=AXIS2_PLACEMENT_3D('',#8569,#6881,#6882);
#5642=AXIS2_PLACEMENT_3D('',#8570,#6883,#6884);
#5643=AXIS2_PLACEMENT_3D('',#8571,#6885,#6886);
#5644=AXIS2_PLACEMENT_3D('',#8572,#6887,#6888);
#5645=AXIS2_PLACEMENT_3D('',#8576,#6890,#6891);
#5646=AXIS2_PLACEMENT_3D('',#8578,#6893,#6894);
#5647=AXIS2_PLACEMENT_3D('',#8581,#6896,#6897);
#5648=AXIS2_PLACEMENT_3D('',#8582,#6898,#6899);
#5649=AXIS2_PLACEMENT_3D('',#8584,#6901,#6902);
#5650=AXIS2_PLACEMENT_3D('',#8585,#6903,#6904);
#5651=AXIS2_PLACEMENT_3D('',#8589,#6906,#6907);
#5652=AXIS2_PLACEMENT_3D('',#8591,#6909,#6910);
#5653=AXIS2_PLACEMENT_3D('',#8594,#6912,#6913);
#5654=AXIS2_PLACEMENT_3D('',#8595,#6914,#6915);
#5655=AXIS2_PLACEMENT_3D('',#8597,#6917,#6918);
#5656=AXIS2_PLACEMENT_3D('',#8598,#6919,#6920);
#5657=AXIS2_PLACEMENT_3D('',#8602,#6922,#6923);
#5658=AXIS2_PLACEMENT_3D('',#8604,#6925,#6926);
#5659=AXIS2_PLACEMENT_3D('',#8607,#6928,#6929);
#5660=AXIS2_PLACEMENT_3D('',#8608,#6930,#6931);
#5661=AXIS2_PLACEMENT_3D('',#8609,#6932,#6933);
#5662=AXIS2_PLACEMENT_3D('',#8610,#6934,#6935);
#5663=AXIS2_PLACEMENT_3D('',#8611,#6936,#6937);
#5664=AXIS2_PLACEMENT_3D('',#8615,#6939,#6940);
#5665=AXIS2_PLACEMENT_3D('',#8617,#6942,#6943);
#5666=AXIS2_PLACEMENT_3D('',#8620,#6945,#6946);
#5667=AXIS2_PLACEMENT_3D('',#8621,#6947,#6948);
#5668=AXIS2_PLACEMENT_3D('',#8623,#6950,#6951);
#5669=AXIS2_PLACEMENT_3D('',#8624,#6952,#6953);
#5670=AXIS2_PLACEMENT_3D('',#8628,#6955,#6956);
#5671=AXIS2_PLACEMENT_3D('',#8630,#6958,#6959);
#5672=AXIS2_PLACEMENT_3D('',#8633,#6961,#6962);
#5673=AXIS2_PLACEMENT_3D('',#8634,#6963,#6964);
#5674=AXIS2_PLACEMENT_3D('',#8636,#6966,#6967);
#5675=AXIS2_PLACEMENT_3D('',#8637,#6968,#6969);
#5676=AXIS2_PLACEMENT_3D('',#8639,#6970,#6971);
#5677=AXIS2_PLACEMENT_3D('',#8642,#6973,#6974);
#5678=AXIS2_PLACEMENT_3D('',#8644,#6975,#6976);
#5679=AXIS2_PLACEMENT_3D('',#8646,#6978,#6979);
#5680=AXIS2_PLACEMENT_3D('',#8648,#6980,#6981);
#5681=AXIS2_PLACEMENT_3D('',#8651,#6983,#6984);
#5682=AXIS2_PLACEMENT_3D('',#8653,#6985,#6986);
#5683=AXIS2_PLACEMENT_3D('',#8655,#6988,#6989);
#5684=AXIS2_PLACEMENT_3D('',#8657,#6990,#6991);
#5685=AXIS2_PLACEMENT_3D('',#8660,#6993,#6994);
#5686=AXIS2_PLACEMENT_3D('',#8662,#6995,#6996);
#5687=AXIS2_PLACEMENT_3D('',#8664,#6998,#6999);
#5688=AXIS2_PLACEMENT_3D('',#8666,#7000,#7001);
#5689=AXIS2_PLACEMENT_3D('',#8669,#7003,#7004);
#5690=AXIS2_PLACEMENT_3D('',#8671,#7005,#7006);
#5691=AXIS2_PLACEMENT_3D('',#8673,#7008,#7009);
#5692=AXIS2_PLACEMENT_3D('',#8675,#7010,#7011);
#5693=AXIS2_PLACEMENT_3D('',#8678,#7013,#7014);
#5694=AXIS2_PLACEMENT_3D('',#8680,#7015,#7016);
#5695=AXIS2_PLACEMENT_3D('',#8682,#7018,#7019);
#5696=AXIS2_PLACEMENT_3D('',#8684,#7020,#7021);
#5697=AXIS2_PLACEMENT_3D('',#8687,#7023,#7024);
#5698=AXIS2_PLACEMENT_3D('',#8689,#7025,#7026);
#5699=AXIS2_PLACEMENT_3D('',#8691,#7028,#7029);
#5700=AXIS2_PLACEMENT_3D('',#8693,#7030,#7031);
#5701=AXIS2_PLACEMENT_3D('',#8696,#7033,#7034);
#5702=AXIS2_PLACEMENT_3D('',#8698,#7035,#7036);
#5703=AXIS2_PLACEMENT_3D('',#8700,#7038,#7039);
#5704=AXIS2_PLACEMENT_3D('',#8702,#7040,#7041);
#5705=AXIS2_PLACEMENT_3D('',#8705,#7043,#7044);
#5706=AXIS2_PLACEMENT_3D('',#8707,#7045,#7046);
#5707=AXIS2_PLACEMENT_3D('',#8709,#7048,#7049);
#5708=AXIS2_PLACEMENT_3D('',#8711,#7050,#7051);
#5709=AXIS2_PLACEMENT_3D('',#8714,#7053,#7054);
#5710=AXIS2_PLACEMENT_3D('',#8716,#7055,#7056);
#5711=AXIS2_PLACEMENT_3D('',#8718,#7058,#7059);
#5712=AXIS2_PLACEMENT_3D('',#8720,#7060,#7061);
#5713=AXIS2_PLACEMENT_3D('',#8723,#7063,#7064);
#5714=AXIS2_PLACEMENT_3D('',#8725,#7065,#7066);
#5715=AXIS2_PLACEMENT_3D('',#8727,#7068,#7069);
#5716=AXIS2_PLACEMENT_3D('',#8729,#7071,#7072);
#5717=AXIS2_PLACEMENT_3D('',#8731,#7074,#7075);
#5718=AXIS2_PLACEMENT_3D('',#8733,#7077,#7078);
#5719=AXIS2_PLACEMENT_3D('',#8735,#7080,#7081);
#5720=AXIS2_PLACEMENT_3D('',#8737,#7083,#7084);
#5721=AXIS2_PLACEMENT_3D('',#8739,#7086,#7087);
#5722=AXIS2_PLACEMENT_3D('',#8741,#7089,#7090);
#5723=AXIS2_PLACEMENT_3D('',#8743,#7092,#7093);
#5724=AXIS2_PLACEMENT_3D('',#8745,#7095,#7096);
#5725=AXIS2_PLACEMENT_3D('',#8747,#7098,#7099);
#5726=AXIS2_PLACEMENT_3D('',#8749,#7101,#7102);
#5727=AXIS2_PLACEMENT_3D('',#8751,#7104,#7105);
#5728=AXIS2_PLACEMENT_3D('',#8753,#7107,#7108);
#5729=AXIS2_PLACEMENT_3D('',#8755,#7110,#7111);
#5730=AXIS2_PLACEMENT_3D('',#8759,#7114,#7115);
#5731=AXIS2_PLACEMENT_3D('',#8763,#7117,#7118);
#5732=AXIS2_PLACEMENT_3D('',#8765,#7120,#7121);
#5733=AXIS2_PLACEMENT_3D('',#8768,#7123,#7124);
#5734=AXIS2_PLACEMENT_3D('',#8769,#7125,#7126);
#5735=AXIS2_PLACEMENT_3D('',#8771,#7128,#7129);
#5736=AXIS2_PLACEMENT_3D('',#8772,#7130,#7131);
#5737=AXIS2_PLACEMENT_3D('',#8776,#7133,#7134);
#5738=AXIS2_PLACEMENT_3D('',#8778,#7136,#7137);
#5739=AXIS2_PLACEMENT_3D('',#8781,#7139,#7140);
#5740=AXIS2_PLACEMENT_3D('',#8782,#7141,#7142);
#5741=AXIS2_PLACEMENT_3D('',#8784,#7144,#7145);
#5742=AXIS2_PLACEMENT_3D('',#8785,#7146,#7147);
#5743=AXIS2_PLACEMENT_3D('',#8789,#7149,#7150);
#5744=AXIS2_PLACEMENT_3D('',#8791,#7152,#7153);
#5745=AXIS2_PLACEMENT_3D('',#8794,#7155,#7156);
#5746=AXIS2_PLACEMENT_3D('',#8795,#7157,#7158);
#5747=AXIS2_PLACEMENT_3D('',#8797,#7160,#7161);
#5748=AXIS2_PLACEMENT_3D('',#8798,#7162,#7163);
#5749=AXIS2_PLACEMENT_3D('',#8802,#7165,#7166);
#5750=AXIS2_PLACEMENT_3D('',#8804,#7168,#7169);
#5751=AXIS2_PLACEMENT_3D('',#8807,#7171,#7172);
#5752=AXIS2_PLACEMENT_3D('',#8808,#7173,#7174);
#5753=AXIS2_PLACEMENT_3D('',#8809,#7175,#7176);
#5754=AXIS2_PLACEMENT_3D('',#8810,#7177,#7178);
#5755=AXIS2_PLACEMENT_3D('',#8811,#7179,#7180);
#5756=AXIS2_PLACEMENT_3D('',#8815,#7182,#7183);
#5757=AXIS2_PLACEMENT_3D('',#8817,#7185,#7186);
#5758=AXIS2_PLACEMENT_3D('',#8820,#7188,#7189);
#5759=AXIS2_PLACEMENT_3D('',#8821,#7190,#7191);
#5760=AXIS2_PLACEMENT_3D('',#8823,#7193,#7194);
#5761=AXIS2_PLACEMENT_3D('',#8824,#7195,#7196);
#5762=AXIS2_PLACEMENT_3D('',#8828,#7198,#7199);
#5763=AXIS2_PLACEMENT_3D('',#8830,#7201,#7202);
#5764=AXIS2_PLACEMENT_3D('',#8833,#7204,#7205);
#5765=AXIS2_PLACEMENT_3D('',#8834,#7206,#7207);
#5766=AXIS2_PLACEMENT_3D('',#8836,#7209,#7210);
#5767=AXIS2_PLACEMENT_3D('',#8837,#7211,#7212);
#5768=AXIS2_PLACEMENT_3D('',#8841,#7214,#7215);
#5769=AXIS2_PLACEMENT_3D('',#8843,#7217,#7218);
#5770=AXIS2_PLACEMENT_3D('',#8846,#7220,#7221);
#5771=AXIS2_PLACEMENT_3D('',#8847,#7222,#7223);
#5772=AXIS2_PLACEMENT_3D('',#8849,#7225,#7226);
#5773=AXIS2_PLACEMENT_3D('',#8850,#7227,#7228);
#5774=AXIS2_PLACEMENT_3D('',#8854,#7230,#7231);
#5775=AXIS2_PLACEMENT_3D('',#8856,#7233,#7234);
#5776=AXIS2_PLACEMENT_3D('',#8859,#7236,#7237);
#5777=AXIS2_PLACEMENT_3D('',#8860,#7238,#7239);
#5778=AXIS2_PLACEMENT_3D('',#8861,#7240,#7241);
#5779=AXIS2_PLACEMENT_3D('',#8862,#7242,#7243);
#5780=AXIS2_PLACEMENT_3D('',#8863,#7244,#7245);
#5781=AXIS2_PLACEMENT_3D('',#8867,#7247,#7248);
#5782=AXIS2_PLACEMENT_3D('',#8869,#7250,#7251);
#5783=AXIS2_PLACEMENT_3D('',#8872,#7253,#7254);
#5784=AXIS2_PLACEMENT_3D('',#8873,#7255,#7256);
#5785=AXIS2_PLACEMENT_3D('',#8875,#7258,#7259);
#5786=AXIS2_PLACEMENT_3D('',#8876,#7260,#7261);
#5787=AXIS2_PLACEMENT_3D('',#8882,#7265,#7266);
#5788=AXIS2_PLACEMENT_3D('',#8885,#7268,#7269);
#5789=AXIS2_PLACEMENT_3D('',#8886,#7270,#7271);
#5790=AXIS2_PLACEMENT_3D('',#8888,#7273,#7274);
#5791=AXIS2_PLACEMENT_3D('',#8889,#7275,#7276);
#5792=AXIS2_PLACEMENT_3D('',#8890,#7277,#7278);
#5793=AXIS2_PLACEMENT_3D('',#8894,#7281,#7282);
#5794=AXIS2_PLACEMENT_3D('',#8897,#7284,#7285);
#5795=AXIS2_PLACEMENT_3D('',#8898,#7286,#7287);
#5796=AXIS2_PLACEMENT_3D('',#8899,#7288,#7289);
#5797=AXIS2_PLACEMENT_3D('',#8900,#7290,#7291);
#5798=AXIS2_PLACEMENT_3D('',#8901,#7292,#7293);
#5799=AXIS2_PLACEMENT_3D('',#8905,#7295,#7296);
#5800=AXIS2_PLACEMENT_3D('',#8907,#7298,#7299);
#5801=AXIS2_PLACEMENT_3D('',#8910,#7301,#7302);
#5802=AXIS2_PLACEMENT_3D('',#8911,#7303,#7304);
#5803=AXIS2_PLACEMENT_3D('',#8913,#7306,#7307);
#5804=AXIS2_PLACEMENT_3D('',#8914,#7308,#7309);
#5805=AXIS2_PLACEMENT_3D('',#8918,#7311,#7312);
#5806=AXIS2_PLACEMENT_3D('',#8920,#7314,#7315);
#5807=AXIS2_PLACEMENT_3D('',#8923,#7317,#7318);
#5808=AXIS2_PLACEMENT_3D('',#8924,#7319,#7320);
#5809=AXIS2_PLACEMENT_3D('',#8926,#7322,#7323);
#5810=AXIS2_PLACEMENT_3D('',#8927,#7324,#7325);
#5811=AXIS2_PLACEMENT_3D('',#8931,#7327,#7328);
#5812=AXIS2_PLACEMENT_3D('',#8933,#7330,#7331);
#5813=AXIS2_PLACEMENT_3D('',#8936,#7333,#7334);
#5814=AXIS2_PLACEMENT_3D('',#8937,#7335,#7336);
#5815=AXIS2_PLACEMENT_3D('',#8939,#7338,#7339);
#5816=AXIS2_PLACEMENT_3D('',#8940,#7340,#7341);
#5817=AXIS2_PLACEMENT_3D('',#8944,#7343,#7344);
#5818=AXIS2_PLACEMENT_3D('',#8946,#7346,#7347);
#5819=AXIS2_PLACEMENT_3D('',#8949,#7349,#7350);
#5820=AXIS2_PLACEMENT_3D('',#8950,#7351,#7352);
#5821=AXIS2_PLACEMENT_3D('',#8951,#7353,#7354);
#5822=AXIS2_PLACEMENT_3D('',#8952,#7355,#7356);
#5823=AXIS2_PLACEMENT_3D('',#8953,#7357,#7358);
#5824=AXIS2_PLACEMENT_3D('',#8957,#7360,#7361);
#5825=AXIS2_PLACEMENT_3D('',#8959,#7363,#7364);
#5826=AXIS2_PLACEMENT_3D('',#8962,#7366,#7367);
#5827=AXIS2_PLACEMENT_3D('',#8963,#7368,#7369);
#5828=AXIS2_PLACEMENT_3D('',#8964,#7370,#7371);
#5829=AXIS2_PLACEMENT_3D('',#8965,#7372,#7373);
#5830=AXIS2_PLACEMENT_3D('',#8966,#7374,#7375);
#5831=AXIS2_PLACEMENT_3D('',#8970,#7377,#7378);
#5832=AXIS2_PLACEMENT_3D('',#8972,#7380,#7381);
#5833=AXIS2_PLACEMENT_3D('',#8975,#7383,#7384);
#5834=AXIS2_PLACEMENT_3D('',#8976,#7385,#7386);
#5835=AXIS2_PLACEMENT_3D('',#8978,#7388,#7389);
#5836=AXIS2_PLACEMENT_3D('',#8979,#7390,#7391);
#5837=AXIS2_PLACEMENT_3D('',#8983,#7393,#7394);
#5838=AXIS2_PLACEMENT_3D('',#8985,#7396,#7397);
#5839=AXIS2_PLACEMENT_3D('',#8988,#7399,#7400);
#5840=AXIS2_PLACEMENT_3D('',#8989,#7401,#7402);
#5841=AXIS2_PLACEMENT_3D('',#8991,#7404,#7405);
#5842=AXIS2_PLACEMENT_3D('',#8992,#7406,#7407);
#5843=AXIS2_PLACEMENT_3D('',#8996,#7409,#7410);
#5844=AXIS2_PLACEMENT_3D('',#8998,#7412,#7413);
#5845=AXIS2_PLACEMENT_3D('',#9001,#7415,#7416);
#5846=AXIS2_PLACEMENT_3D('',#9002,#7417,#7418);
#5847=AXIS2_PLACEMENT_3D('',#9004,#7420,#7421);
#5848=AXIS2_PLACEMENT_3D('',#9005,#7422,#7423);
#5849=AXIS2_PLACEMENT_3D('',#9009,#7425,#7426);
#5850=AXIS2_PLACEMENT_3D('',#9011,#7428,#7429);
#5851=AXIS2_PLACEMENT_3D('',#9014,#7431,#7432);
#5852=AXIS2_PLACEMENT_3D('',#9015,#7433,#7434);
#5853=AXIS2_PLACEMENT_3D('',#9017,#7436,#7437);
#5854=AXIS2_PLACEMENT_3D('',#9018,#7438,#7439);
#5855=AXIS2_PLACEMENT_3D('',#9022,#7441,#7442);
#5856=AXIS2_PLACEMENT_3D('',#9024,#7444,#7445);
#5857=AXIS2_PLACEMENT_3D('',#9027,#7447,#7448);
#5858=AXIS2_PLACEMENT_3D('',#9028,#7449,#7450);
#5859=AXIS2_PLACEMENT_3D('',#9029,#7451,#7452);
#5860=AXIS2_PLACEMENT_3D('',#9030,#7453,#7454);
#5861=AXIS2_PLACEMENT_3D('',#9031,#7455,#7456);
#5862=AXIS2_PLACEMENT_3D('',#9035,#7458,#7459);
#5863=AXIS2_PLACEMENT_3D('',#9037,#7461,#7462);
#5864=AXIS2_PLACEMENT_3D('',#9040,#7464,#7465);
#5865=AXIS2_PLACEMENT_3D('',#9041,#7466,#7467);
#5866=AXIS2_PLACEMENT_3D('',#9043,#7469,#7470);
#5867=AXIS2_PLACEMENT_3D('',#9044,#7471,#7472);
#5868=AXIS2_PLACEMENT_3D('',#9048,#7474,#7475);
#5869=AXIS2_PLACEMENT_3D('',#9050,#7477,#7478);
#5870=AXIS2_PLACEMENT_3D('',#9053,#7480,#7481);
#5871=AXIS2_PLACEMENT_3D('',#9054,#7482,#7483);
#5872=AXIS2_PLACEMENT_3D('',#9056,#7485,#7486);
#5873=AXIS2_PLACEMENT_3D('',#9057,#7487,#7488);
#5874=AXIS2_PLACEMENT_3D('',#9061,#7490,#7491);
#5875=AXIS2_PLACEMENT_3D('',#9063,#7493,#7494);
#5876=AXIS2_PLACEMENT_3D('',#9066,#7496,#7497);
#5877=AXIS2_PLACEMENT_3D('',#9067,#7498,#7499);
#5878=AXIS2_PLACEMENT_3D('',#9068,#7500,#7501);
#5879=AXIS2_PLACEMENT_3D('',#9069,#7502,#7503);
#5880=AXIS2_PLACEMENT_3D('',#9070,#7504,#7505);
#5881=AXIS2_PLACEMENT_3D('',#9074,#7507,#7508);
#5882=AXIS2_PLACEMENT_3D('',#9076,#7510,#7511);
#5883=AXIS2_PLACEMENT_3D('',#9079,#7513,#7514);
#5884=AXIS2_PLACEMENT_3D('',#9080,#7515,#7516);
#5885=AXIS2_PLACEMENT_3D('',#9082,#7518,#7519);
#5886=AXIS2_PLACEMENT_3D('',#9083,#7520,#7521);
#5887=AXIS2_PLACEMENT_3D('',#9087,#7523,#7524);
#5888=AXIS2_PLACEMENT_3D('',#9089,#7526,#7527);
#5889=AXIS2_PLACEMENT_3D('',#9092,#7529,#7530);
#5890=AXIS2_PLACEMENT_3D('',#9093,#7531,#7532);
#5891=AXIS2_PLACEMENT_3D('',#9095,#7534,#7535);
#5892=AXIS2_PLACEMENT_3D('',#9096,#7536,#7537);
#5893=AXIS2_PLACEMENT_3D('',#9098,#7538,#7539);
#5894=AXIS2_PLACEMENT_3D('',#9101,#7541,#7542);
#5895=AXIS2_PLACEMENT_3D('',#9103,#7543,#7544);
#5896=AXIS2_PLACEMENT_3D('',#9105,#7546,#7547);
#5897=AXIS2_PLACEMENT_3D('',#9107,#7548,#7549);
#5898=AXIS2_PLACEMENT_3D('',#9110,#7551,#7552);
#5899=AXIS2_PLACEMENT_3D('',#9112,#7553,#7554);
#5900=AXIS2_PLACEMENT_3D('',#9114,#7556,#7557);
#5901=AXIS2_PLACEMENT_3D('',#9116,#7558,#7559);
#5902=AXIS2_PLACEMENT_3D('',#9119,#7561,#7562);
#5903=AXIS2_PLACEMENT_3D('',#9121,#7563,#7564);
#5904=AXIS2_PLACEMENT_3D('',#9123,#7566,#7567);
#5905=AXIS2_PLACEMENT_3D('',#9125,#7568,#7569);
#5906=AXIS2_PLACEMENT_3D('',#9128,#7571,#7572);
#5907=AXIS2_PLACEMENT_3D('',#9130,#7573,#7574);
#5908=AXIS2_PLACEMENT_3D('',#9132,#7576,#7577);
#5909=AXIS2_PLACEMENT_3D('',#9134,#7578,#7579);
#5910=AXIS2_PLACEMENT_3D('',#9137,#7581,#7582);
#5911=AXIS2_PLACEMENT_3D('',#9139,#7583,#7584);
#5912=AXIS2_PLACEMENT_3D('',#9141,#7586,#7587);
#5913=AXIS2_PLACEMENT_3D('',#9143,#7588,#7589);
#5914=AXIS2_PLACEMENT_3D('',#9146,#7591,#7592);
#5915=AXIS2_PLACEMENT_3D('',#9148,#7593,#7594);
#5916=AXIS2_PLACEMENT_3D('',#9150,#7596,#7597);
#5917=AXIS2_PLACEMENT_3D('',#9152,#7598,#7599);
#5918=AXIS2_PLACEMENT_3D('',#9155,#7601,#7602);
#5919=AXIS2_PLACEMENT_3D('',#9157,#7603,#7604);
#5920=AXIS2_PLACEMENT_3D('',#9159,#7606,#7607);
#5921=AXIS2_PLACEMENT_3D('',#9161,#7608,#7609);
#5922=AXIS2_PLACEMENT_3D('',#9164,#7611,#7612);
#5923=AXIS2_PLACEMENT_3D('',#9166,#7613,#7614);
#5924=AXIS2_PLACEMENT_3D('',#9168,#7616,#7617);
#5925=AXIS2_PLACEMENT_3D('',#9170,#7618,#7619);
#5926=AXIS2_PLACEMENT_3D('',#9173,#7621,#7622);
#5927=AXIS2_PLACEMENT_3D('',#9175,#7623,#7624);
#5928=AXIS2_PLACEMENT_3D('',#9177,#7626,#7627);
#5929=AXIS2_PLACEMENT_3D('',#9179,#7628,#7629);
#5930=AXIS2_PLACEMENT_3D('',#9182,#7631,#7632);
#5931=AXIS2_PLACEMENT_3D('',#9184,#7633,#7634);
#5932=AXIS2_PLACEMENT_3D('',#9186,#7636,#7637);
#5933=AXIS2_PLACEMENT_3D('',#9188,#7639,#7640);
#5934=AXIS2_PLACEMENT_3D('',#9190,#7642,#7643);
#5935=AXIS2_PLACEMENT_3D('',#9192,#7645,#7646);
#5936=AXIS2_PLACEMENT_3D('',#9194,#7648,#7649);
#5937=AXIS2_PLACEMENT_3D('',#9196,#7651,#7652);
#5938=AXIS2_PLACEMENT_3D('',#9198,#7654,#7655);
#5939=AXIS2_PLACEMENT_3D('',#9200,#7657,#7658);
#5940=AXIS2_PLACEMENT_3D('',#9202,#7660,#7661);
#5941=AXIS2_PLACEMENT_3D('',#9204,#7663,#7664);
#5942=AXIS2_PLACEMENT_3D('',#9206,#7666,#7667);
#5943=AXIS2_PLACEMENT_3D('',#9208,#7669,#7670);
#5944=AXIS2_PLACEMENT_3D('',#9210,#7672,#7673);
#5945=AXIS2_PLACEMENT_3D('',#9212,#7675,#7676);
#5946=AXIS2_PLACEMENT_3D('',#9214,#7678,#7679);
#5947=AXIS2_PLACEMENT_3D('',#9215,#7680,#7681);
#5948=AXIS2_PLACEMENT_3D('',#9216,#7682,#7683);
#5949=DIRECTION('axis',(0.,0.,1.));
#5950=DIRECTION('refdir',(1.,0.,0.));
#5951=DIRECTION('center_axis',(0.500000000000001,-6.12323399573678E-17,
-0.866025403784438));
#5952=DIRECTION('ref_axis',(-0.612372435695796,-0.707106781186547,-0.353553390593273));
#5953=DIRECTION('center_axis',(0.5,-6.12323399573677E-17,-0.866025403784439));
#5954=DIRECTION('ref_axis',(-0.612372435695796,-0.707106781186547,-0.353553390593273));
#5955=DIRECTION('',(0.500000000000001,-6.12323399573678E-17,-0.866025403784438));
#5956=DIRECTION('center_axis',(-0.5,0.,0.866025403784438));
#5957=DIRECTION('ref_axis',(-0.866025403784438,0.,-0.5));
#5958=DIRECTION('',(-0.500000000000001,6.12323399573678E-17,0.866025403784438));
#5959=DIRECTION('center_axis',(-1.22464679914735E-16,-1.,0.));
#5960=DIRECTION('ref_axis',(0.,0.,-1.));
#5961=DIRECTION('center_axis',(0.,0.,1.));
#5962=DIRECTION('ref_axis',(-1.,0.,0.));
#5963=DIRECTION('center_axis',(-1.22464679914735E-16,-1.,0.));
#5964=DIRECTION('ref_axis',(0.965925826289068,-1.18291797137867E-16,0.258819045102522));
#5965=DIRECTION('center_axis',(1.22464679914735E-16,1.,0.));
#5966=DIRECTION('ref_axis',(0.965925826289068,-1.74838271594513E-16,0.258819045102522));
#5967=DIRECTION('center_axis',(2.24784489931169E-16,-2.75281606092177E-32,
-1.));
#5968=DIRECTION('ref_axis',(-0.707106781186549,-0.707106781186547,0.));
#5969=DIRECTION('center_axis',(0.,0.,1.));
#5970=DIRECTION('ref_axis',(-0.707106781186549,-0.707106781186547,0.));
#5971=DIRECTION('',(-2.24784489931169E-16,2.75281606092177E-32,1.));
#5972=DIRECTION('',(2.24784489931169E-16,-2.75281606092177E-32,-1.));
#5973=DIRECTION('center_axis',(-1.,1.22464679914735E-16,-2.24784489931169E-16));
#5974=DIRECTION('ref_axis',(2.24784489931169E-16,-2.75281606092177E-32,
-1.));
#5975=DIRECTION('',(-1.22464679914735E-16,-1.,0.));
#5976=DIRECTION('',(-2.24784489931169E-16,2.75281606092177E-32,1.));
#5977=DIRECTION('',(-1.22464679914735E-16,-1.,0.));
#5978=DIRECTION('center_axis',(-1.22464679914735E-16,-1.,0.));
#5979=DIRECTION('ref_axis',(0.965925826289068,-1.18291797137867E-16,0.258819045102521));
#5980=DIRECTION('',(1.22464679914735E-16,1.,0.));
#5981=DIRECTION('center_axis',(-1.22464679914735E-16,-1.,0.));
#5982=DIRECTION('ref_axis',(0.965925826289068,-1.74838271594513E-16,0.258819045102522));
#5983=DIRECTION('center_axis',(-0.866025403784438,1.06057523872491E-16,
-0.500000000000001));
#5984=DIRECTION('ref_axis',(0.500000000000001,-6.12323399573677E-17,-0.866025403784438));
#5985=DIRECTION('',(-1.22464679914735E-16,-1.,0.));
#5986=DIRECTION('',(-0.500000000000001,6.12323399573678E-17,0.866025403784438));
#5987=DIRECTION('center_axis',(-0.5,6.12323399573677E-17,0.866025403784439));
#5988=DIRECTION('ref_axis',(-0.866025403784439,1.06057523872491E-16,-0.5));
#5989=DIRECTION('',(-0.866025403784439,1.06057523872491E-16,-0.5));
#5990=DIRECTION('center_axis',(0.5,-6.12323399573677E-17,-0.866025403784439));
#5991=DIRECTION('ref_axis',(0.612372435695795,-0.707106781186546,0.353553390593275));
#5992=DIRECTION('',(-1.22464679914735E-16,-1.,0.));
#5993=DIRECTION('center_axis',(0.5,-6.12323399573677E-17,-0.866025403784439));
#5994=DIRECTION('ref_axis',(0.612372435695795,0.707106781186546,0.353553390593275));
#5995=DIRECTION('',(0.866025403784439,-1.06057523872491E-16,0.5));
#5996=DIRECTION('center_axis',(0.5,-6.12323399573677E-17,-0.866025403784439));
#5997=DIRECTION('ref_axis',(-0.612372435695794,0.707106781186547,-0.353553390593275));
#5998=DIRECTION('center_axis',(0.5,-6.12323399573677E-17,-0.866025403784439));
#5999=DIRECTION('ref_axis',(-0.866025403784439,1.06057523872491E-16,-0.5));
#6000=DIRECTION('center_axis',(0.5,-6.12323399573677E-17,-0.866025403784439));
#6001=DIRECTION('ref_axis',(-0.866025403784439,1.06057523872491E-16,-0.5));
#6002=DIRECTION('center_axis',(0.5,-6.12323399573677E-17,-0.866025403784439));
#6003=DIRECTION('ref_axis',(-0.866025403784439,1.06057523872491E-16,-0.5));
#6004=DIRECTION('center_axis',(0.5,-6.12323399573677E-17,-0.866025403784439));
#6005=DIRECTION('ref_axis',(-0.866025403784439,1.06057523872491E-16,-0.5));
#6006=DIRECTION('center_axis',(0.5,-6.12323399573677E-17,-0.866025403784439));
#6007=DIRECTION('ref_axis',(-0.866025403784439,1.06057523872491E-16,-0.5));
#6008=DIRECTION('center_axis',(0.5,-6.12323399573677E-17,-0.866025403784439));
#6009=DIRECTION('ref_axis',(-0.866025403784439,1.06057523872491E-16,-0.5));
#6010=DIRECTION('center_axis',(0.5,-6.12323399573677E-17,-0.866025403784439));
#6011=DIRECTION('ref_axis',(-0.866025403784439,1.06057523872491E-16,-0.5));
#6012=DIRECTION('center_axis',(0.5,-6.12323399573677E-17,-0.866025403784439));
#6013=DIRECTION('ref_axis',(-0.866025403784439,1.06057523872491E-16,-0.5));
#6014=DIRECTION('center_axis',(0.5,-6.12323399573677E-17,-0.866025403784439));
#6015=DIRECTION('ref_axis',(-0.866025403784439,1.06057523872491E-16,-0.5));
#6016=DIRECTION('center_axis',(0.5,-6.12323399573677E-17,-0.866025403784439));
#6017=DIRECTION('ref_axis',(-0.866025403784439,1.06057523872491E-16,-0.5));
#6018=DIRECTION('center_axis',(0.5,-6.12323399573677E-17,-0.866025403784439));
#6019=DIRECTION('ref_axis',(-0.866025403784439,1.06057523872491E-16,-0.5));
#6020=DIRECTION('center_axis',(0.5,-6.12323399573677E-17,-0.866025403784439));
#6021=DIRECTION('ref_axis',(-0.866025403784439,1.06057523872491E-16,-0.5));
#6022=DIRECTION('center_axis',(0.5,-6.12323399573677E-17,-0.866025403784439));
#6023=DIRECTION('ref_axis',(-0.866025403784439,1.06057523872491E-16,-0.5));
#6024=DIRECTION('center_axis',(0.5,-6.12323399573677E-17,-0.866025403784439));
#6025=DIRECTION('ref_axis',(-0.866025403784439,1.06057523872491E-16,-0.5));
#6026=DIRECTION('center_axis',(-0.5,6.12323399573677E-17,0.866025403784439));
#6027=DIRECTION('ref_axis',(-1.22464679914735E-16,-1.,0.));
#6028=DIRECTION('',(0.866025403784439,-1.06057523872491E-16,0.5));
#6029=DIRECTION('center_axis',(-0.5,6.12323399573677E-17,0.866025403784439));
#6030=DIRECTION('ref_axis',(-1.22464679914735E-16,-1.,0.));
#6031=DIRECTION('center_axis',(-0.5,6.12323399573677E-17,0.866025403784439));
#6032=DIRECTION('ref_axis',(-1.22464679914735E-16,-1.,0.));
#6033=DIRECTION('',(1.22464679914735E-16,1.,0.));
#6034=DIRECTION('center_axis',(-0.5,6.12323399573677E-17,0.866025403784439));
#6035=DIRECTION('ref_axis',(-1.22464679914735E-16,-1.,0.));
#6036=DIRECTION('center_axis',(-0.5,6.12323399573677E-17,0.866025403784439));
#6037=DIRECTION('ref_axis',(-1.22464679914735E-16,-1.,0.));
#6038=DIRECTION('center_axis',(-0.5,6.12323399573677E-17,0.866025403784439));
#6039=DIRECTION('ref_axis',(-1.22464679914735E-16,-1.,0.));
#6040=DIRECTION('center_axis',(-0.5,6.12323399573677E-17,0.866025403784439));
#6041=DIRECTION('ref_axis',(-1.22464679914735E-16,-1.,0.));
#6042=DIRECTION('center_axis',(-0.5,6.12323399573677E-17,0.866025403784439));
#6043=DIRECTION('ref_axis',(-1.22464679914735E-16,-1.,0.));
#6044=DIRECTION('',(-1.77995627868749E-16,-1.,-3.2060807749605E-17));
#6045=DIRECTION('center_axis',(-0.5,6.12323399573677E-17,0.866025403784439));
#6046=DIRECTION('ref_axis',(-1.22464679914735E-16,-1.,0.));
#6047=DIRECTION('center_axis',(-0.5,6.12323399573677E-17,0.866025403784439));
#6048=DIRECTION('ref_axis',(-1.22464679914735E-16,-1.,0.));
#6049=DIRECTION('',(-1.77995627868749E-16,-1.,-3.2060807749605E-17));
#6050=DIRECTION('center_axis',(-0.5,6.12323399573677E-17,0.866025403784439));
#6051=DIRECTION('ref_axis',(-1.22464679914735E-16,-1.,0.));
#6052=DIRECTION('center_axis',(-0.5,6.12323399573677E-17,0.866025403784439));
#6053=DIRECTION('ref_axis',(-1.22464679914735E-16,-1.,0.));
#6054=DIRECTION('center_axis',(-0.5,6.12323399573677E-17,0.866025403784439));
#6055=DIRECTION('ref_axis',(-1.22464679914735E-16,-1.,0.));
#6056=DIRECTION('center_axis',(-0.5,6.12323399573677E-17,0.866025403784439));
#6057=DIRECTION('ref_axis',(-1.22464679914735E-16,-1.,0.));
#6058=DIRECTION('center_axis',(-0.5,6.12323399573677E-17,0.866025403784439));
#6059=DIRECTION('ref_axis',(-1.22464679914735E-16,-1.,0.));
#6060=DIRECTION('',(0.866025403784439,-1.06057523872491E-16,0.5));
#6061=DIRECTION('center_axis',(-0.5,6.12323399573677E-17,0.866025403784439));
#6062=DIRECTION('ref_axis',(-1.22464679914735E-16,-1.,0.));
#6063=DIRECTION('center_axis',(-0.5,6.12323399573677E-17,0.866025403784439));
#6064=DIRECTION('ref_axis',(-1.22464679914735E-16,-1.,0.));
#6065=DIRECTION('',(-1.77995627868749E-16,-1.,-3.2060807749605E-17));
#6066=DIRECTION('center_axis',(-0.5,6.12323399573677E-17,0.866025403784439));
#6067=DIRECTION('ref_axis',(-1.22464679914735E-16,-1.,0.));
#6068=DIRECTION('center_axis',(-0.5,6.12323399573677E-17,0.866025403784439));
#6069=DIRECTION('ref_axis',(-1.22464679914735E-16,-1.,0.));
#6070=DIRECTION('',(-1.77995627868749E-16,-1.,-3.2060807749605E-17));
#6071=DIRECTION('center_axis',(-0.5,6.12323399573677E-17,0.866025403784439));
#6072=DIRECTION('ref_axis',(-1.22464679914735E-16,-1.,0.));
#6073=DIRECTION('center_axis',(-0.5,6.12323399573677E-17,0.866025403784439));
#6074=DIRECTION('ref_axis',(-1.22464679914735E-16,-1.,0.));
#6075=DIRECTION('',(1.22464679914735E-16,1.,0.));
#6076=DIRECTION('center_axis',(-0.5,6.12323399573677E-17,0.866025403784439));
#6077=DIRECTION('ref_axis',(-1.22464679914735E-16,-1.,0.));
#6078=DIRECTION('center_axis',(-0.5,6.12323399573677E-17,0.866025403784439));
#6079=DIRECTION('ref_axis',(-1.22464679914735E-16,-1.,0.));
#6080=DIRECTION('center_axis',(-0.5,6.12323399573677E-17,0.866025403784439));
#6081=DIRECTION('ref_axis',(-1.22464679914735E-16,-1.,0.));
#6082=DIRECTION('center_axis',(-0.5,6.12323399573677E-17,0.866025403784439));
#6083=DIRECTION('ref_axis',(-1.22464679914735E-16,-1.,0.));
#6084=DIRECTION('center_axis',(-0.5,6.12323399573677E-17,0.866025403784439));
#6085=DIRECTION('ref_axis',(-1.22464679914735E-16,-1.,0.));
#6086=DIRECTION('center_axis',(-0.5,6.12323399573677E-17,0.866025403784439));
#6087=DIRECTION('ref_axis',(-1.22464679914735E-16,-1.,0.));
#6088=DIRECTION('center_axis',(-0.5,6.12323399573677E-17,0.866025403784439));
#6089=DIRECTION('ref_axis',(-1.22464679914735E-16,-1.,0.));
#6090=DIRECTION('center_axis',(-0.5,6.12323399573677E-17,0.866025403784439));
#6091=DIRECTION('ref_axis',(-1.22464679914735E-16,-1.,0.));
#6092=DIRECTION('',(1.22464679914735E-16,1.,0.));
#6093=DIRECTION('center_axis',(-0.5,6.12323399573677E-17,0.866025403784439));
#6094=DIRECTION('ref_axis',(-1.22464679914735E-16,-1.,0.));
#6095=DIRECTION('center_axis',(-0.5,6.12323399573677E-17,0.866025403784439));
#6096=DIRECTION('ref_axis',(-1.22464679914735E-16,-1.,0.));
#6097=DIRECTION('',(1.22464679914735E-16,1.,0.));
#6098=DIRECTION('center_axis',(-0.5,6.12323399573677E-17,0.866025403784439));
#6099=DIRECTION('ref_axis',(-1.22464679914735E-16,-1.,0.));
#6100=DIRECTION('center_axis',(-0.5,6.12323399573677E-17,0.866025403784439));
#6101=DIRECTION('ref_axis',(-1.22464679914735E-16,-1.,0.));
#6102=DIRECTION('',(1.22464679914735E-16,1.,0.));
#6103=DIRECTION('center_axis',(-0.5,6.12323399573677E-17,0.866025403784439));
#6104=DIRECTION('ref_axis',(-1.22464679914735E-16,-1.,0.));
#6105=DIRECTION('',(-0.866025403784439,1.06057523872491E-16,-0.5));
#6106=DIRECTION('',(-0.866025403784439,1.06057523872491E-16,-0.5));
#6107=DIRECTION('center_axis',(-0.5,6.12323399573677E-17,0.866025403784439));
#6108=DIRECTION('ref_axis',(-1.22464679914735E-16,-1.,0.));
#6109=DIRECTION('center_axis',(-0.5,6.12323399573677E-17,0.866025403784439));
#6110=DIRECTION('ref_axis',(-1.22464679914735E-16,-1.,0.));
#6111=DIRECTION('center_axis',(-0.5,6.12323399573677E-17,0.866025403784439));
#6112=DIRECTION('ref_axis',(-1.22464679914735E-16,-1.,0.));
#6113=DIRECTION('center_axis',(-0.5,6.12323399573677E-17,0.866025403784439));
#6114=DIRECTION('ref_axis',(-1.22464679914735E-16,-1.,0.));
#6115=DIRECTION('center_axis',(-0.5,6.12323399573677E-17,0.866025403784439));
#6116=DIRECTION('ref_axis',(-1.22464679914735E-16,-1.,0.));
#6117=DIRECTION('',(-1.77995627868749E-16,-1.,-3.2060807749605E-17));
#6118=DIRECTION('center_axis',(-0.5,6.12323399573677E-17,0.866025403784439));
#6119=DIRECTION('ref_axis',(-1.22464679914735E-16,-1.,0.));
#6120=DIRECTION('center_axis',(-0.5,6.12323399573677E-17,0.866025403784439));
#6121=DIRECTION('ref_axis',(-1.22464679914735E-16,-1.,0.));
#6122=DIRECTION('center_axis',(-0.5,6.12323399573677E-17,0.866025403784439));
#6123=DIRECTION('ref_axis',(-1.22464679914735E-16,-1.,0.));
#6124=DIRECTION('center_axis',(-0.5,6.12323399573677E-17,0.866025403784439));
#6125=DIRECTION('ref_axis',(-1.22464679914735E-16,-1.,0.));
#6126=DIRECTION('center_axis',(-0.5,6.12323399573677E-17,0.866025403784439));
#6127=DIRECTION('ref_axis',(-1.22464679914735E-16,-1.,0.));
#6128=DIRECTION('',(-1.77995627868749E-16,-1.,-3.2060807749605E-17));
#6129=DIRECTION('center_axis',(-0.5,6.12323399573677E-17,0.866025403784439));
#6130=DIRECTION('ref_axis',(-1.22464679914735E-16,-1.,0.));
#6131=DIRECTION('center_axis',(-0.5,6.12323399573677E-17,0.866025403784439));
#6132=DIRECTION('ref_axis',(-1.22464679914735E-16,-1.,0.));
#6133=DIRECTION('',(-1.77995627868749E-16,-1.,-3.2060807749605E-17));
#6134=DIRECTION('center_axis',(-0.5,6.12323399573677E-17,0.866025403784439));
#6135=DIRECTION('ref_axis',(-1.22464679914735E-16,-1.,0.));
#6136=DIRECTION('center_axis',(-0.5,6.12323399573677E-17,0.866025403784439));
#6137=DIRECTION('ref_axis',(-1.22464679914735E-16,-1.,0.));
#6138=DIRECTION('',(-1.77995627868749E-16,-1.,-3.2060807749605E-17));
#6139=DIRECTION('center_axis',(-0.5,6.12323399573677E-17,0.866025403784439));
#6140=DIRECTION('ref_axis',(-1.22464679914735E-16,-1.,0.));
#6141=DIRECTION('center_axis',(-0.5,6.12323399573677E-17,0.866025403784439));
#6142=DIRECTION('ref_axis',(-1.22464679914735E-16,-1.,0.));
#6143=DIRECTION('center_axis',(-0.5,6.12323399573677E-17,0.866025403784439));
#6144=DIRECTION('ref_axis',(-1.22464679914735E-16,-1.,0.));
#6145=DIRECTION('center_axis',(-0.5,6.12323399573677E-17,0.866025403784439));
#6146=DIRECTION('ref_axis',(-1.22464679914735E-16,-1.,0.));
#6147=DIRECTION('center_axis',(-0.5,6.12323399573677E-17,0.866025403784439));
#6148=DIRECTION('ref_axis',(-1.22464679914735E-16,-1.,0.));
#6149=DIRECTION('',(1.22464679914735E-16,1.,0.));
#6150=DIRECTION('center_axis',(-0.5,6.12323399573677E-17,0.866025403784439));
#6151=DIRECTION('ref_axis',(-1.22464679914735E-16,-1.,0.));
#6152=DIRECTION('center_axis',(-0.5,6.12323399573677E-17,0.866025403784439));
#6153=DIRECTION('ref_axis',(-1.22464679914735E-16,-1.,0.));
#6154=DIRECTION('',(1.22464679914735E-16,1.,0.));
#6155=DIRECTION('center_axis',(-0.5,6.12323399573677E-17,0.866025403784439));
#6156=DIRECTION('ref_axis',(-1.22464679914735E-16,-1.,0.));
#6157=DIRECTION('center_axis',(-0.5,6.12323399573677E-17,0.866025403784439));
#6158=DIRECTION('ref_axis',(-1.22464679914735E-16,-1.,0.));
#6159=DIRECTION('',(1.22464679914735E-16,1.,0.));
#6160=DIRECTION('center_axis',(-0.5,6.12323399573677E-17,0.866025403784439));
#6161=DIRECTION('ref_axis',(-1.22464679914735E-16,-1.,0.));
#6162=DIRECTION('center_axis',(-2.24784489931169E-16,2.75281606092177E-32,
1.));
#6163=DIRECTION('ref_axis',(-0.707106781186549,0.707106781186547,0.));
#6164=DIRECTION('center_axis',(0.,0.,1.));
#6165=DIRECTION('ref_axis',(-0.707106781186549,0.707106781186547,0.));
#6166=DIRECTION('center_axis',(0.,0.,-1.));
#6167=DIRECTION('ref_axis',(-1.,0.,0.));
#6168=DIRECTION('',(2.24784489931169E-16,-2.75281606092177E-32,-1.));
#6169=DIRECTION('center_axis',(1.22464679914735E-16,1.,0.));
#6170=DIRECTION('ref_axis',(0.,0.,1.));
#6171=DIRECTION('center_axis',(0.5,0.,-0.866025403784438));
#6172=DIRECTION('ref_axis',(-0.866025403784438,0.,-0.5));
#6173=DIRECTION('center_axis',(1.22464679914735E-16,1.,0.));
#6174=DIRECTION('ref_axis',(0.965925826289068,-1.18291797137867E-16,0.258819045102522));
#6175=DIRECTION('center_axis',(-0.500000000000001,6.12323399573678E-17,
0.866025403784438));
#6176=DIRECTION('ref_axis',(-0.612372435695794,0.707106781186547,-0.353553390593275));
#6177=DIRECTION('',(0.500000000000001,-6.12323399573678E-17,-0.866025403784438));
#6178=DIRECTION('center_axis',(0.500000000000001,-6.12323399573678E-17,
-0.866025403784438));
#6179=DIRECTION('ref_axis',(0.612372435695795,0.707106781186546,0.353553390593275));
#6180=DIRECTION('',(0.500000000000001,-6.12323399573678E-17,-0.866025403784438));
#6181=DIRECTION('center_axis',(-0.500000000000001,0.,0.866025403784438));
#6182=DIRECTION('ref_axis',(0.866025403784438,0.,0.500000000000001));
#6183=DIRECTION('',(-0.500000000000001,6.12323399573678E-17,0.866025403784438));
#6184=DIRECTION('center_axis',(1.22464679914735E-16,1.,0.));
#6185=DIRECTION('ref_axis',(0.,0.,1.));
#6186=DIRECTION('center_axis',(-1.,0.,-8.74191357972567E-16));
#6187=DIRECTION('ref_axis',(-8.74191357972567E-16,0.,1.));
#6188=DIRECTION('center_axis',(1.22464679914735E-16,1.,0.));
#6189=DIRECTION('ref_axis',(-0.499999999999999,6.12323399573676E-17,-0.866025403784439));
#6190=DIRECTION('center_axis',(-1.22464679914735E-16,-1.,0.));
#6191=DIRECTION('ref_axis',(-0.499999999999999,0.,-0.866025403784439));
#6192=DIRECTION('center_axis',(1.,-1.22464679914735E-16,6.99353086378051E-16));
#6193=DIRECTION('ref_axis',(-4.94517309821662E-16,0.707106781186547,0.707106781186549));
#6194=DIRECTION('center_axis',(-1.,0.,-1.04902962956708E-15));
#6195=DIRECTION('ref_axis',(-1.04902962956708E-15,0.,1.));
#6196=DIRECTION('',(-1.,1.22464679914735E-16,-6.99353086378051E-16));
#6197=DIRECTION('',(1.,-1.22464679914735E-16,6.99353086378051E-16));
#6198=DIRECTION('center_axis',(1.22464679914735E-16,1.,0.));
#6199=DIRECTION('ref_axis',(0.,0.,1.));
#6200=DIRECTION('center_axis',(-0.500000000000001,0.,-0.866025403784438));
#6201=DIRECTION('ref_axis',(-0.866025403784438,0.,0.500000000000001));
#6202=DIRECTION('center_axis',(1.22464679914735E-16,1.,0.));
#6203=DIRECTION('ref_axis',(0.5,-6.12323399573676E-17,-0.866025403784439));
#6204=DIRECTION('center_axis',(-1.22464679914735E-16,-1.,0.));
#6205=DIRECTION('ref_axis',(0.5,0.,-0.866025403784439));
#6206=DIRECTION('center_axis',(0.500000000000001,-6.12323399573678E-17,
0.866025403784438));
#6207=DIRECTION('ref_axis',(-0.612372435695795,0.707106781186546,0.353553390593275));
#6208=DIRECTION('center_axis',(-0.5,0.,-0.866025403784439));
#6209=DIRECTION('ref_axis',(-0.612372435695795,0.707106781186546,0.353553390593275));
#6210=DIRECTION('',(-0.500000000000001,6.12323399573678E-17,-0.866025403784438));
#6211=DIRECTION('',(0.500000000000001,-6.12323399573678E-17,0.866025403784438));
#6212=DIRECTION('center_axis',(-1.22464679914735E-16,-1.,0.));
#6213=DIRECTION('ref_axis',(-1.,1.22464679914735E-16,0.));
#6214=DIRECTION('',(0.866025403784439,0.,-0.5));
#6215=DIRECTION('',(0.500000000000001,-6.12323399573678E-17,0.866025403784438));
#6216=DIRECTION('center_axis',(1.22464679914735E-16,1.,0.));
#6217=DIRECTION('ref_axis',(-0.965925826289068,1.18291797137867E-16,0.258819045102522));
#6218=DIRECTION('',(2.24784489931169E-16,-2.75281606092177E-32,1.));
#6219=DIRECTION('',(-1.,0.,0.));
#6220=DIRECTION('center_axis',(-1.22464679914735E-16,-1.,0.));
#6221=DIRECTION('ref_axis',(-1.,1.22464679914735E-16,0.));
#6222=DIRECTION('',(-1.,1.22464679914735E-16,0.));
#6223=DIRECTION('center_axis',(0.5,0.,0.866025403784439));
#6224=DIRECTION('ref_axis',(0.866025403784439,0.,-0.5));
#6225=DIRECTION('',(0.,1.,0.));
#6226=DIRECTION('center_axis',(-0.5,0.,-0.866025403784439));
#6227=DIRECTION('ref_axis',(-0.612372435695795,-0.707106781186546,0.353553390593275));
#6228=DIRECTION('',(-0.866025403784439,0.,0.5));
#6229=DIRECTION('center_axis',(-0.5,0.,-0.866025403784439));
#6230=DIRECTION('ref_axis',(0.612372435695794,-0.707106781186548,-0.353553390593274));
#6231=DIRECTION('',(0.,1.,0.));
#6232=DIRECTION('center_axis',(-0.5,0.,-0.866025403784439));
#6233=DIRECTION('ref_axis',(0.612372435695795,0.707106781186547,-0.353553390593274));
#6234=DIRECTION('center_axis',(-0.5,0.,-0.866025403784439));
#6235=DIRECTION('ref_axis',(0.866025403784439,0.,-0.5));
#6236=DIRECTION('center_axis',(-0.5,0.,-0.866025403784439));
#6237=DIRECTION('ref_axis',(0.866025403784439,0.,-0.5));
#6238=DIRECTION('center_axis',(-0.5,0.,-0.866025403784439));
#6239=DIRECTION('ref_axis',(0.866025403784439,0.,-0.5));
#6240=DIRECTION('center_axis',(-0.5,0.,-0.866025403784439));
#6241=DIRECTION('ref_axis',(0.866025403784439,0.,-0.5));
#6242=DIRECTION('center_axis',(-0.5,0.,-0.866025403784439));
#6243=DIRECTION('ref_axis',(0.866025403784439,0.,-0.5));
#6244=DIRECTION('center_axis',(-0.5,0.,-0.866025403784439));
#6245=DIRECTION('ref_axis',(0.866025403784439,0.,-0.5));
#6246=DIRECTION('center_axis',(-0.5,0.,-0.866025403784439));
#6247=DIRECTION('ref_axis',(0.866025403784439,0.,-0.5));
#6248=DIRECTION('center_axis',(-0.5,0.,-0.866025403784439));
#6249=DIRECTION('ref_axis',(0.866025403784439,0.,-0.5));
#6250=DIRECTION('center_axis',(-0.5,0.,-0.866025403784439));
#6251=DIRECTION('ref_axis',(0.866025403784439,0.,-0.5));
#6252=DIRECTION('center_axis',(-0.5,0.,-0.866025403784439));
#6253=DIRECTION('ref_axis',(0.866025403784439,0.,-0.5));
#6254=DIRECTION('center_axis',(-0.5,0.,-0.866025403784439));
#6255=DIRECTION('ref_axis',(0.866025403784439,0.,-0.5));
#6256=DIRECTION('center_axis',(-0.5,0.,-0.866025403784439));
#6257=DIRECTION('ref_axis',(0.866025403784439,0.,-0.5));
#6258=DIRECTION('center_axis',(-0.5,0.,-0.866025403784439));
#6259=DIRECTION('ref_axis',(0.866025403784439,0.,-0.5));
#6260=DIRECTION('center_axis',(-0.5,0.,-0.866025403784439));
#6261=DIRECTION('ref_axis',(0.866025403784439,0.,-0.5));
#6262=DIRECTION('center_axis',(0.5,0.,0.866025403784439));
#6263=DIRECTION('ref_axis',(0.,1.,0.));
#6264=DIRECTION('',(-0.866025403784439,0.,0.5));
#6265=DIRECTION('center_axis',(0.5,0.,0.866025403784439));
#6266=DIRECTION('ref_axis',(0.,1.,0.));
#6267=DIRECTION('center_axis',(0.5,0.,0.866025403784439));
#6268=DIRECTION('ref_axis',(0.,1.,0.));
#6269=DIRECTION('',(0.,-1.,0.));
#6270=DIRECTION('center_axis',(0.5,0.,0.866025403784439));
#6271=DIRECTION('ref_axis',(0.,1.,0.));
#6272=DIRECTION('center_axis',(0.5,0.,0.866025403784439));
#6273=DIRECTION('ref_axis',(0.,1.,0.));
#6274=DIRECTION('center_axis',(0.5,0.,0.866025403784439));
#6275=DIRECTION('ref_axis',(0.,1.,0.));
#6276=DIRECTION('center_axis',(0.5,0.,0.866025403784439));
#6277=DIRECTION('ref_axis',(0.,1.,0.));
#6278=DIRECTION('center_axis',(0.5,0.,0.866025403784439));
#6279=DIRECTION('ref_axis',(0.,1.,0.));
#6280=DIRECTION('',(5.55309479540139E-17,1.,-3.2060807749605E-17));
#6281=DIRECTION('center_axis',(0.5,0.,0.866025403784439));
#6282=DIRECTION('ref_axis',(0.,1.,0.));
#6283=DIRECTION('center_axis',(0.5,0.,0.866025403784439));
#6284=DIRECTION('ref_axis',(0.,1.,0.));
#6285=DIRECTION('',(5.55309479540139E-17,1.,-3.2060807749605E-17));
#6286=DIRECTION('center_axis',(0.5,0.,0.866025403784439));
#6287=DIRECTION('ref_axis',(0.,1.,0.));
#6288=DIRECTION('center_axis',(0.5,0.,0.866025403784439));
#6289=DIRECTION('ref_axis',(0.,1.,0.));
#6290=DIRECTION('center_axis',(0.5,0.,0.866025403784439));
#6291=DIRECTION('ref_axis',(0.,1.,0.));
#6292=DIRECTION('center_axis',(0.5,0.,0.866025403784439));
#6293=DIRECTION('ref_axis',(0.,1.,0.));
#6294=DIRECTION('center_axis',(0.5,0.,0.866025403784439));
#6295=DIRECTION('ref_axis',(0.,1.,0.));
#6296=DIRECTION('',(-0.866025403784439,0.,0.5));
#6297=DIRECTION('center_axis',(0.5,0.,0.866025403784439));
#6298=DIRECTION('ref_axis',(0.,1.,0.));
#6299=DIRECTION('center_axis',(0.5,0.,0.866025403784439));
#6300=DIRECTION('ref_axis',(0.,1.,0.));
#6301=DIRECTION('',(5.55309479540139E-17,1.,-3.2060807749605E-17));
#6302=DIRECTION('center_axis',(0.5,0.,0.866025403784439));
#6303=DIRECTION('ref_axis',(0.,1.,0.));
#6304=DIRECTION('center_axis',(0.5,0.,0.866025403784439));
#6305=DIRECTION('ref_axis',(0.,1.,0.));
#6306=DIRECTION('',(5.55309479540139E-17,1.,-3.2060807749605E-17));
#6307=DIRECTION('center_axis',(0.5,0.,0.866025403784439));
#6308=DIRECTION('ref_axis',(0.,1.,0.));
#6309=DIRECTION('center_axis',(0.5,0.,0.866025403784439));
#6310=DIRECTION('ref_axis',(0.,1.,0.));
#6311=DIRECTION('',(0.,-1.,0.));
#6312=DIRECTION('center_axis',(0.5,0.,0.866025403784439));
#6313=DIRECTION('ref_axis',(0.,1.,0.));
#6314=DIRECTION('center_axis',(0.5,0.,0.866025403784439));
#6315=DIRECTION('ref_axis',(0.,1.,0.));
#6316=DIRECTION('center_axis',(0.5,0.,0.866025403784439));
#6317=DIRECTION('ref_axis',(0.,1.,0.));
#6318=DIRECTION('center_axis',(0.5,0.,0.866025403784439));
#6319=DIRECTION('ref_axis',(0.,1.,0.));
#6320=DIRECTION('center_axis',(0.5,0.,0.866025403784439));
#6321=DIRECTION('ref_axis',(0.,1.,0.));
#6322=DIRECTION('center_axis',(0.5,0.,0.866025403784439));
#6323=DIRECTION('ref_axis',(0.,1.,0.));
#6324=DIRECTION('center_axis',(0.5,0.,0.866025403784439));
#6325=DIRECTION('ref_axis',(0.,1.,0.));
#6326=DIRECTION('center_axis',(0.5,0.,0.866025403784439));
#6327=DIRECTION('ref_axis',(0.,1.,0.));
#6328=DIRECTION('',(0.,-1.,0.));
#6329=DIRECTION('center_axis',(0.5,0.,0.866025403784439));
#6330=DIRECTION('ref_axis',(0.,1.,0.));
#6331=DIRECTION('center_axis',(0.5,0.,0.866025403784439));
#6332=DIRECTION('ref_axis',(0.,1.,0.));
#6333=DIRECTION('',(0.,-1.,0.));
#6334=DIRECTION('center_axis',(0.5,0.,0.866025403784439));
#6335=DIRECTION('ref_axis',(0.,1.,0.));
#6336=DIRECTION('center_axis',(0.5,0.,0.866025403784439));
#6337=DIRECTION('ref_axis',(0.,1.,0.));
#6338=DIRECTION('',(0.,-1.,0.));
#6339=DIRECTION('center_axis',(0.5,0.,0.866025403784439));
#6340=DIRECTION('ref_axis',(0.,1.,0.));
#6341=DIRECTION('',(0.866025403784439,0.,-0.5));
#6342=DIRECTION('',(0.866025403784439,0.,-0.5));
#6343=DIRECTION('center_axis',(0.5,0.,0.866025403784439));
#6344=DIRECTION('ref_axis',(0.,1.,0.));
#6345=DIRECTION('center_axis',(0.5,0.,0.866025403784439));
#6346=DIRECTION('ref_axis',(0.,1.,0.));
#6347=DIRECTION('center_axis',(0.5,0.,0.866025403784439));
#6348=DIRECTION('ref_axis',(0.,1.,0.));
#6349=DIRECTION('center_axis',(0.5,0.,0.866025403784439));
#6350=DIRECTION('ref_axis',(0.,1.,0.));
#6351=DIRECTION('center_axis',(0.5,0.,0.866025403784439));
#6352=DIRECTION('ref_axis',(0.,1.,0.));
#6353=DIRECTION('',(5.55309479540139E-17,1.,-3.2060807749605E-17));
#6354=DIRECTION('center_axis',(0.5,0.,0.866025403784439));
#6355=DIRECTION('ref_axis',(0.,1.,0.));
#6356=DIRECTION('center_axis',(0.5,0.,0.866025403784439));
#6357=DIRECTION('ref_axis',(0.,1.,0.));
#6358=DIRECTION('center_axis',(0.5,0.,0.866025403784439));
#6359=DIRECTION('ref_axis',(0.,1.,0.));
#6360=DIRECTION('center_axis',(0.5,0.,0.866025403784439));
#6361=DIRECTION('ref_axis',(0.,1.,0.));
#6362=DIRECTION('center_axis',(0.5,0.,0.866025403784439));
#6363=DIRECTION('ref_axis',(0.,1.,0.));
#6364=DIRECTION('',(5.55309479540139E-17,1.,-3.2060807749605E-17));
#6365=DIRECTION('center_axis',(0.5,0.,0.866025403784439));
#6366=DIRECTION('ref_axis',(0.,1.,0.));
#6367=DIRECTION('center_axis',(0.5,0.,0.866025403784439));
#6368=DIRECTION('ref_axis',(0.,1.,0.));
#6369=DIRECTION('',(5.55309479540139E-17,1.,-3.2060807749605E-17));
#6370=DIRECTION('center_axis',(0.5,0.,0.866025403784439));
#6371=DIRECTION('ref_axis',(0.,1.,0.));
#6372=DIRECTION('center_axis',(0.5,0.,0.866025403784439));
#6373=DIRECTION('ref_axis',(0.,1.,0.));
#6374=DIRECTION('',(5.55309479540139E-17,1.,-3.2060807749605E-17));
#6375=DIRECTION('center_axis',(0.5,0.,0.866025403784439));
#6376=DIRECTION('ref_axis',(0.,1.,0.));
#6377=DIRECTION('center_axis',(0.5,0.,0.866025403784439));
#6378=DIRECTION('ref_axis',(0.,1.,0.));
#6379=DIRECTION('center_axis',(0.5,0.,0.866025403784439));
#6380=DIRECTION('ref_axis',(0.,1.,0.));
#6381=DIRECTION('center_axis',(0.5,0.,0.866025403784439));
#6382=DIRECTION('ref_axis',(0.,1.,0.));
#6383=DIRECTION('center_axis',(0.5,0.,0.866025403784439));
#6384=DIRECTION('ref_axis',(0.,1.,0.));
#6385=DIRECTION('',(0.,-1.,0.));
#6386=DIRECTION('center_axis',(0.5,0.,0.866025403784439));
#6387=DIRECTION('ref_axis',(0.,1.,0.));
#6388=DIRECTION('center_axis',(0.5,0.,0.866025403784439));
#6389=DIRECTION('ref_axis',(0.,1.,0.));
#6390=DIRECTION('',(0.,-1.,0.));
#6391=DIRECTION('center_axis',(0.5,0.,0.866025403784439));
#6392=DIRECTION('ref_axis',(0.,1.,0.));
#6393=DIRECTION('center_axis',(0.5,0.,0.866025403784439));
#6394=DIRECTION('ref_axis',(0.,1.,0.));
#6395=DIRECTION('',(0.,-1.,0.));
#6396=DIRECTION('center_axis',(0.5,0.,0.866025403784439));
#6397=DIRECTION('ref_axis',(0.,1.,0.));
#6398=DIRECTION('center_axis',(-0.500000000000001,6.12323399573678E-17,
-0.866025403784438));
#6399=DIRECTION('ref_axis',(0.612372435695795,0.707106781186547,-0.353553390593274));
#6400=DIRECTION('',(-0.500000000000001,6.12323399573678E-17,-0.866025403784438));
#6401=DIRECTION('center_axis',(0.500000000000001,0.,0.866025403784438));
#6402=DIRECTION('ref_axis',(0.866025403784438,0.,-0.500000000000001));
#6403=DIRECTION('center_axis',(1.22464679914735E-16,1.,0.));
#6404=DIRECTION('ref_axis',(0.,0.,1.));
#6405=DIRECTION('center_axis',(0.,0.,1.));
#6406=DIRECTION('ref_axis',(1.,0.,0.));
#6407=DIRECTION('center_axis',(-1.22464679914735E-16,-1.,0.));
#6408=DIRECTION('ref_axis',(-0.965925826289068,1.74838271594513E-16,0.258819045102522));
#6409=DIRECTION('center_axis',(-2.24784489931169E-16,2.75281606092177E-32,
-1.));
#6410=DIRECTION('ref_axis',(0.707106781186549,0.707106781186547,0.));
#6411=DIRECTION('center_axis',(0.,0.,1.));
#6412=DIRECTION('ref_axis',(0.707106781186549,0.707106781186547,0.));
#6413=DIRECTION('',(-2.24784489931169E-16,2.75281606092177E-32,-1.));
#6414=DIRECTION('center_axis',(1.,0.,-2.24784489931169E-16));
#6415=DIRECTION('ref_axis',(-2.24784489931169E-16,0.,-1.));
#6416=DIRECTION('',(0.,1.,0.));
#6417=DIRECTION('',(2.24784489931169E-16,-2.75281606092177E-32,1.));
#6418=DIRECTION('',(0.,1.,0.));
#6419=DIRECTION('center_axis',(0.,1.,0.));
#6420=DIRECTION('ref_axis',(-0.965925826289068,0.,0.258819045102521));
#6421=DIRECTION('',(0.,-1.,0.));
#6422=DIRECTION('center_axis',(1.22464679914735E-16,1.,0.));
#6423=DIRECTION('ref_axis',(-0.965925826289068,1.74838271594513E-16,0.258819045102522));
#6424=DIRECTION('center_axis',(0.866025403784438,0.,-0.500000000000001));
#6425=DIRECTION('ref_axis',(-0.500000000000001,0.,-0.866025403784438));
#6426=DIRECTION('',(0.500000000000001,-6.12323399573678E-17,0.866025403784438));
#6427=DIRECTION('center_axis',(2.24784489931169E-16,-2.75281606092177E-32,
1.));
#6428=DIRECTION('ref_axis',(0.707106781186546,-0.707106781186549,0.));
#6429=DIRECTION('center_axis',(0.,0.,1.));
#6430=DIRECTION('ref_axis',(0.707106781186546,-0.707106781186549,0.));
#6431=DIRECTION('center_axis',(0.,0.,-1.));
#6432=DIRECTION('ref_axis',(1.,0.,0.));
#6433=DIRECTION('',(-2.24784489931169E-16,2.75281606092177E-32,-1.));
#6434=DIRECTION('center_axis',(-1.22464679914735E-16,-1.,0.));
#6435=DIRECTION('ref_axis',(0.,0.,-1.));
#6436=DIRECTION('center_axis',(-0.5,0.,-0.866025403784439));
#6437=DIRECTION('ref_axis',(0.866025403784438,0.,-0.5));
#6438=DIRECTION('center_axis',(-1.22464679914735E-16,-1.,0.));
#6439=DIRECTION('ref_axis',(-0.965925826289068,1.18291797137867E-16,0.258819045102522));
#6440=DIRECTION('center_axis',(0.500000000000001,-6.12323399573678E-17,
0.866025403784438));
#6441=DIRECTION('ref_axis',(0.612372435695794,-0.707106781186548,-0.353553390593274));
#6442=DIRECTION('',(-0.500000000000001,6.12323399573678E-17,-0.866025403784438));
#6443=DIRECTION('center_axis',(-0.500000000000001,6.12323399573678E-17,
-0.866025403784438));
#6444=DIRECTION('ref_axis',(-0.612372435695795,-0.707106781186546,0.353553390593275));
#6445=DIRECTION('',(-0.500000000000001,6.12323399573678E-17,-0.866025403784438));
#6446=DIRECTION('center_axis',(0.5,0.,0.866025403784439));
#6447=DIRECTION('ref_axis',(-0.866025403784439,0.,0.5));
#6448=DIRECTION('',(0.500000000000001,-6.12323399573678E-17,0.866025403784438));
#6449=DIRECTION('center_axis',(-1.22464679914735E-16,-1.,0.));
#6450=DIRECTION('ref_axis',(0.,0.,-1.));
#6451=DIRECTION('center_axis',(1.,0.,5.2451481478354E-16));
#6452=DIRECTION('ref_axis',(-5.2451481478354E-16,0.,1.));
#6453=DIRECTION('center_axis',(-1.22464679914735E-16,-1.,0.));
#6454=DIRECTION('ref_axis',(0.5,-6.12323399573676E-17,-0.866025403784439));
#6455=DIRECTION('center_axis',(1.22464679914735E-16,1.,0.));
#6456=DIRECTION('ref_axis',(0.5,0.,-0.866025403784439));
#6457=DIRECTION('center_axis',(-1.,1.22464679914735E-16,-6.99353086378051E-16));
#6458=DIRECTION('ref_axis',(-4.94517309821662E-16,-0.707106781186547,0.707106781186549));
#6459=DIRECTION('center_axis',(1.,0.,6.99353086378053E-16));
#6460=DIRECTION('ref_axis',(-6.99353086378053E-16,0.,1.));
#6461=DIRECTION('',(1.,-1.22464679914735E-16,6.99353086378051E-16));
#6462=DIRECTION('',(-1.,1.22464679914735E-16,-6.99353086378051E-16));
#6463=DIRECTION('center_axis',(-1.22464679914735E-16,-1.,0.));
#6464=DIRECTION('ref_axis',(0.,0.,-1.));
#6465=DIRECTION('center_axis',(0.500000000000002,-3.49676543189027E-16,
-0.866025403784438));
#6466=DIRECTION('ref_axis',(0.866025403784438,0.,0.500000000000002));
#6467=DIRECTION('center_axis',(-1.22464679914735E-16,-1.,0.));
#6468=DIRECTION('ref_axis',(-0.499999999999999,6.12323399573676E-17,-0.866025403784439));
#6469=DIRECTION('center_axis',(1.22464679914735E-16,1.,0.));
#6470=DIRECTION('ref_axis',(-0.499999999999999,0.,-0.866025403784439));
#6471=DIRECTION('center_axis',(-0.500000000000001,6.12323399573678E-17,
0.866025403784438));
#6472=DIRECTION('ref_axis',(0.612372435695795,-0.707106781186546,0.353553390593275));
#6473=DIRECTION('',(0.500000000000001,-6.12323399573678E-17,-0.866025403784438));
#6474=DIRECTION('',(-0.500000000000001,6.12323399573678E-17,0.866025403784438));
#6475=DIRECTION('center_axis',(0.866025403784438,-1.06057523872491E-16,
0.500000000000001));
#6476=DIRECTION('ref_axis',(-0.500000000000001,6.12323399573678E-17,0.866025403784438));
#6477=DIRECTION('',(-1.22464679914735E-16,-1.,0.));
#6478=DIRECTION('center_axis',(-1.22464679914735E-16,-1.,0.));
#6479=DIRECTION('ref_axis',(-0.499999999999999,6.12323399573676E-17,-0.866025403784439));
#6480=DIRECTION('',(1.22464679914735E-16,1.,0.));
#6481=DIRECTION('center_axis',(-6.99353086378051E-16,8.56460518706703E-32,
1.));
#6482=DIRECTION('ref_axis',(-1.,1.22464679914735E-16,-6.99353086378051E-16));
#6483=DIRECTION('',(4.94477711025603E-32,-1.,8.56460518706703E-32));
#6484=DIRECTION('center_axis',(-4.94477711025603E-32,1.,-8.56460518706703E-32));
#6485=DIRECTION('ref_axis',(0.499999999999999,-4.94477711025602E-32,-0.866025403784439));
#6486=DIRECTION('',(-4.94477711025603E-32,1.,-8.56460518706703E-32));
#6487=DIRECTION('center_axis',(-0.866025403784438,0.,0.500000000000001));
#6488=DIRECTION('ref_axis',(0.500000000000001,0.,0.866025403784438));
#6489=DIRECTION('center_axis',(0.,-1.,0.));
#6490=DIRECTION('ref_axis',(1.,0.,0.));
#6491=DIRECTION('',(1.,0.,0.));
#6492=DIRECTION('center_axis',(0.,1.,0.));
#6493=DIRECTION('ref_axis',(-1.,1.22464679914735E-16,0.));
#6494=DIRECTION('',(1.,0.,0.));
#6495=DIRECTION('',(3.31867144667641E-16,0.,1.));
#6496=DIRECTION('',(0.866025403784439,0.,0.5));
#6497=DIRECTION('',(0.866025403784439,0.,-0.5));
#6498=DIRECTION('',(0.,0.,-1.));
#6499=DIRECTION('center_axis',(-0.5,0.,0.866025403784439));
#6500=DIRECTION('ref_axis',(0.866025403784439,0.,0.5));
#6501=DIRECTION('',(0.,1.,0.));
#6502=DIRECTION('',(0.866025403784439,0.,0.5));
#6503=DIRECTION('',(0.,1.,0.));
#6504=DIRECTION('center_axis',(0.5,0.,-0.866025403784439));
#6505=DIRECTION('ref_axis',(-0.866025403784439,1.06057523872491E-16,-0.5));
#6506=DIRECTION('center_axis',(0.5,0.,-0.866025403784439));
#6507=DIRECTION('ref_axis',(-0.866025403784439,1.06057523872491E-16,-0.5));
#6508=DIRECTION('center_axis',(0.5,0.,-0.866025403784439));
#6509=DIRECTION('ref_axis',(-0.866025403784439,1.06057523872491E-16,-0.5));
#6510=DIRECTION('center_axis',(0.5,0.,-0.866025403784439));
#6511=DIRECTION('ref_axis',(-0.866025403784439,1.06057523872491E-16,-0.5));
#6512=DIRECTION('center_axis',(0.5,0.,0.866025403784439));
#6513=DIRECTION('ref_axis',(0.866025403784439,0.,-0.5));
#6514=DIRECTION('',(0.866025403784439,0.,-0.5));
#6515=DIRECTION('',(0.,1.,0.));
#6516=DIRECTION('center_axis',(-0.5,0.,-0.866025403784439));
#6517=DIRECTION('ref_axis',(0.866025403784439,0.,-0.5));
#6518=DIRECTION('center_axis',(-0.5,0.,-0.866025403784439));
#6519=DIRECTION('ref_axis',(0.866025403784439,0.,-0.5));
#6520=DIRECTION('center_axis',(-0.5,0.,-0.866025403784439));
#6521=DIRECTION('ref_axis',(0.866025403784439,0.,-0.5));
#6522=DIRECTION('center_axis',(-0.5,0.,-0.866025403784439));
#6523=DIRECTION('ref_axis',(0.866025403784439,0.,-0.5));
#6524=DIRECTION('center_axis',(1.,0.,0.));
#6525=DIRECTION('ref_axis',(0.,0.,-1.));
#6526=DIRECTION('',(0.,0.,-1.));
#6527=DIRECTION('',(0.,1.,0.));
#6528=DIRECTION('center_axis',(-1.,0.,3.31867144667641E-16));
#6529=DIRECTION('ref_axis',(3.31867144667641E-16,0.,1.));
#6530=DIRECTION('',(0.,-1.,0.));
#6531=DIRECTION('',(3.31867144667641E-16,0.,1.));
#6532=DIRECTION('center_axis',(0.,-1.,0.));
#6533=DIRECTION('ref_axis',(1.,0.,0.));
#6534=DIRECTION('',(-1.,0.,0.));
#6535=DIRECTION('',(-1.,0.,0.));
#6536=DIRECTION('center_axis',(0.,-1.,0.));
#6537=DIRECTION('ref_axis',(-1.,1.22464679914735E-16,0.));
#6538=DIRECTION('center_axis',(-1.22464679914735E-16,-1.,0.));
#6539=DIRECTION('ref_axis',(-1.,1.22464679914735E-16,0.));
#6540=DIRECTION('',(-1.22464679914735E-16,-1.,0.));
#6541=DIRECTION('',(0.,1.,0.));
#6542=DIRECTION('center_axis',(0.,0.,-1.));
#6543=DIRECTION('ref_axis',(1.,-1.22464679914735E-16,0.));
#6544=DIRECTION('',(-1.22464679914735E-16,-1.,0.));
#6545=DIRECTION('',(1.,-1.22464679914735E-16,0.));
#6546=DIRECTION('center_axis',(-0.5,0.,-0.866025403784439));
#6547=DIRECTION('ref_axis',(0.284507726680908,-0.944496587930214,-0.164260612585751));
#6548=DIRECTION('',(-0.5,0.,-0.866025403784439));
#6549=DIRECTION('center_axis',(0.5,0.,0.866025403784439));
#6550=DIRECTION('ref_axis',(0.,1.,0.));
#6551=DIRECTION('',(-0.5,0.,-0.866025403784439));
#6552=DIRECTION('center_axis',(-0.5,0.,-0.866025403784439));
#6553=DIRECTION('ref_axis',(0.,1.,0.));
#6554=DIRECTION('',(-0.5,0.,-0.866025403784439));
#6555=DIRECTION('center_axis',(0.5,0.,0.866025403784439));
#6556=DIRECTION('ref_axis',(0.,1.,0.));
#6557=DIRECTION('center_axis',(0.866025403784439,0.,-0.5));
#6558=DIRECTION('ref_axis',(0.,-1.,0.));
#6559=DIRECTION('',(0.,-1.,0.));
#6560=DIRECTION('center_axis',(0.5,0.,0.866025403784439));
#6561=DIRECTION('ref_axis',(0.,1.,0.));
#6562=DIRECTION('center_axis',(-0.5,0.,-0.866025403784439));
#6563=DIRECTION('ref_axis',(0.,1.,0.));
#6564=DIRECTION('',(-0.5,0.,-0.866025403784439));
#6565=DIRECTION('center_axis',(0.5,0.,0.866025403784439));
#6566=DIRECTION('ref_axis',(0.,1.,0.));
#6567=DIRECTION('',(-0.5,0.,-0.866025403784439));
#6568=DIRECTION('center_axis',(-0.5,0.,-0.866025403784439));
#6569=DIRECTION('ref_axis',(0.,1.,0.));
#6570=DIRECTION('',(-0.5,0.,-0.866025403784439));
#6571=DIRECTION('center_axis',(0.5,0.,0.866025403784439));
#6572=DIRECTION('ref_axis',(0.,1.,0.));
#6573=DIRECTION('center_axis',(0.866025403784439,0.,-0.5));
#6574=DIRECTION('ref_axis',(0.,-1.,0.));
#6575=DIRECTION('',(0.,-1.,0.));
#6576=DIRECTION('center_axis',(0.5,0.,0.866025403784439));
#6577=DIRECTION('ref_axis',(0.,1.,0.));
#6578=DIRECTION('center_axis',(-0.5,0.,-0.866025403784439));
#6579=DIRECTION('ref_axis',(0.,1.,0.));
#6580=DIRECTION('',(-0.5,0.,-0.866025403784439));
#6581=DIRECTION('center_axis',(0.5,0.,0.866025403784439));
#6582=DIRECTION('ref_axis',(0.,1.,0.));
#6583=DIRECTION('',(-0.5,0.,-0.866025403784439));
#6584=DIRECTION('center_axis',(-0.5,0.,-0.866025403784439));
#6585=DIRECTION('ref_axis',(0.,1.,0.));
#6586=DIRECTION('',(-0.5,0.,-0.866025403784439));
#6587=DIRECTION('center_axis',(0.5,0.,0.866025403784439));
#6588=DIRECTION('ref_axis',(0.,1.,0.));
#6589=DIRECTION('center_axis',(0.866025403784439,0.,-0.5));
#6590=DIRECTION('ref_axis',(0.,-1.,0.));
#6591=DIRECTION('',(0.,-1.,0.));
#6592=DIRECTION('center_axis',(0.5,0.,0.866025403784439));
#6593=DIRECTION('ref_axis',(0.,1.,0.));
#6594=DIRECTION('center_axis',(-0.5,0.,-0.866025403784439));
#6595=DIRECTION('ref_axis',(0.,1.,0.));
#6596=DIRECTION('',(-0.5,0.,-0.866025403784439));
#6597=DIRECTION('center_axis',(0.5,0.,0.866025403784439));
#6598=DIRECTION('ref_axis',(0.,1.,0.));
#6599=DIRECTION('',(-0.5,0.,-0.866025403784439));
#6600=DIRECTION('center_axis',(-0.5,0.,-0.866025403784439));
#6601=DIRECTION('ref_axis',(0.,1.,0.));
#6602=DIRECTION('',(-0.5,0.,-0.866025403784439));
#6603=DIRECTION('center_axis',(0.5,0.,0.866025403784439));
#6604=DIRECTION('ref_axis',(0.,1.,0.));
#6605=DIRECTION('center_axis',(-0.5,0.,-0.866025403784439));
#6606=DIRECTION('ref_axis',(0.,1.,0.));
#6607=DIRECTION('center_axis',(0.5,0.,0.866025403784439));
#6608=DIRECTION('ref_axis',(0.,1.,0.));
#6609=DIRECTION('center_axis',(0.5,0.,0.866025403784439));
#6610=DIRECTION('ref_axis',(0.,1.,0.));
#6611=DIRECTION('center_axis',(-0.5,0.,-0.866025403784439));
#6612=DIRECTION('ref_axis',(0.,1.,0.));
#6613=DIRECTION('',(-0.5,0.,-0.866025403784439));
#6614=DIRECTION('center_axis',(0.5,0.,0.866025403784439));
#6615=DIRECTION('ref_axis',(0.,1.,0.));
#6616=DIRECTION('',(-0.5,0.,-0.866025403784439));
#6617=DIRECTION('center_axis',(-0.5,0.,-0.866025403784439));
#6618=DIRECTION('ref_axis',(-0.284507726680912,-0.944496587930212,0.164260612585753));
#6619=DIRECTION('',(-0.5,0.,-0.866025403784439));
#6620=DIRECTION('center_axis',(0.5,0.,0.866025403784439));
#6621=DIRECTION('ref_axis',(0.,1.,0.));
#6622=DIRECTION('center_axis',(-0.866025403784439,6.41216154992101E-17,
0.5));
#6623=DIRECTION('ref_axis',(3.29500810056647E-17,1.,-7.11720165830988E-17));
#6624=DIRECTION('',(3.29500810056647E-17,1.,-7.11720165830988E-17));
#6625=DIRECTION('center_axis',(0.5,0.,0.866025403784439));
#6626=DIRECTION('ref_axis',(0.,1.,0.));
#6627=DIRECTION('center_axis',(-0.5,0.,-0.866025403784439));
#6628=DIRECTION('ref_axis',(0.,1.,0.));
#6629=DIRECTION('',(-0.5,0.,-0.866025403784439));
#6630=DIRECTION('center_axis',(0.5,0.,0.866025403784439));
#6631=DIRECTION('ref_axis',(0.,1.,0.));
#6632=DIRECTION('',(-0.5,0.,-0.866025403784439));
#6633=DIRECTION('center_axis',(-0.5,0.,-0.866025403784439));
#6634=DIRECTION('ref_axis',(0.,1.,0.));
#6635=DIRECTION('',(-0.5,0.,-0.866025403784439));
#6636=DIRECTION('center_axis',(0.5,0.,0.866025403784439));
#6637=DIRECTION('ref_axis',(0.,1.,0.));
#6638=DIRECTION('center_axis',(-0.866025403784439,6.41216154992101E-17,
0.5));
#6639=DIRECTION('ref_axis',(3.29500810056647E-17,1.,-7.11720165830988E-17));
#6640=DIRECTION('',(3.29500810056647E-17,1.,-7.11720165830988E-17));
#6641=DIRECTION('center_axis',(0.5,0.,0.866025403784439));
#6642=DIRECTION('ref_axis',(0.,1.,0.));
#6643=DIRECTION('center_axis',(-0.5,0.,-0.866025403784439));
#6644=DIRECTION('ref_axis',(0.,1.,0.));
#6645=DIRECTION('',(-0.5,0.,-0.866025403784439));
#6646=DIRECTION('center_axis',(0.5,0.,0.866025403784439));
#6647=DIRECTION('ref_axis',(0.,1.,0.));
#6648=DIRECTION('',(-0.5,0.,-0.866025403784439));
#6649=DIRECTION('center_axis',(-0.5,0.,-0.866025403784439));
#6650=DIRECTION('ref_axis',(-0.284507726680914,-0.944496587930211,0.164260612585754));
#6651=DIRECTION('',(-0.5,0.,-0.866025403784439));
#6652=DIRECTION('center_axis',(0.5,0.,0.866025403784439));
#6653=DIRECTION('ref_axis',(0.,1.,0.));
#6654=DIRECTION('center_axis',(-0.866025403784439,6.41216154992101E-17,
0.5));
#6655=DIRECTION('ref_axis',(3.29500810056647E-17,1.,-7.11720165830988E-17));
#6656=DIRECTION('',(3.29500810056647E-17,1.,-7.11720165830988E-17));
#6657=DIRECTION('center_axis',(0.5,0.,0.866025403784439));
#6658=DIRECTION('ref_axis',(0.,1.,0.));
#6659=DIRECTION('center_axis',(-0.5,0.,-0.866025403784439));
#6660=DIRECTION('ref_axis',(0.,1.,0.));
#6661=DIRECTION('',(-0.5,0.,-0.866025403784439));
#6662=DIRECTION('center_axis',(0.5,0.,0.866025403784439));
#6663=DIRECTION('ref_axis',(0.,1.,0.));
#6664=DIRECTION('',(-0.5,0.,-0.866025403784439));
#6665=DIRECTION('center_axis',(-0.5,0.,-0.866025403784439));
#6666=DIRECTION('ref_axis',(0.,1.,0.));
#6667=DIRECTION('',(-0.5,0.,-0.866025403784439));
#6668=DIRECTION('center_axis',(0.5,0.,0.866025403784439));
#6669=DIRECTION('ref_axis',(0.,1.,0.));
#6670=DIRECTION('center_axis',(-0.5,0.,-0.866025403784439));
#6671=DIRECTION('ref_axis',(0.,1.,0.));
#6672=DIRECTION('center_axis',(0.5,0.,0.866025403784439));
#6673=DIRECTION('ref_axis',(0.,1.,0.));
#6674=DIRECTION('center_axis',(0.5,0.,0.866025403784439));
#6675=DIRECTION('ref_axis',(0.,1.,0.));
#6676=DIRECTION('center_axis',(-0.5,0.,-0.866025403784439));
#6677=DIRECTION('ref_axis',(0.,1.,0.));
#6678=DIRECTION('',(-0.5,0.,-0.866025403784439));
#6679=DIRECTION('center_axis',(0.5,0.,0.866025403784439));
#6680=DIRECTION('ref_axis',(0.,1.,0.));
#6681=DIRECTION('',(-0.5,0.,-0.866025403784439));
#6682=DIRECTION('center_axis',(-0.5,0.,-0.866025403784439));
#6683=DIRECTION('ref_axis',(0.,1.,0.));
#6684=DIRECTION('',(-0.5,0.,-0.866025403784439));
#6685=DIRECTION('center_axis',(0.5,0.,0.866025403784439));
#6686=DIRECTION('ref_axis',(0.,1.,0.));
#6687=DIRECTION('center_axis',(-0.866025403784439,6.41216154992101E-17,
0.5));
#6688=DIRECTION('ref_axis',(3.29500810056647E-17,1.,-7.11720165830988E-17));
#6689=DIRECTION('',(3.29500810056647E-17,1.,-7.11720165830988E-17));
#6690=DIRECTION('center_axis',(0.5,0.,0.866025403784439));
#6691=DIRECTION('ref_axis',(0.,1.,0.));
#6692=DIRECTION('center_axis',(0.,1.,0.));
#6693=DIRECTION('ref_axis',(0.866025403784439,0.,-0.5));
#6694=DIRECTION('',(-0.5,0.,-0.866025403784439));
#6695=DIRECTION('',(0.866025403784439,0.,-0.5));
#6696=DIRECTION('',(-0.5,0.,-0.866025403784439));
#6697=DIRECTION('center_axis',(-0.5,0.,-0.866025403784439));
#6698=DIRECTION('ref_axis',(0.,1.,0.));
#6699=DIRECTION('',(-0.5,0.,-0.866025403784439));
#6700=DIRECTION('center_axis',(0.5,0.,0.866025403784439));
#6701=DIRECTION('ref_axis',(0.,1.,0.));
#6702=DIRECTION('center_axis',(-0.5,0.,-0.866025403784439));
#6703=DIRECTION('ref_axis',(0.,1.,0.));
#6704=DIRECTION('',(-0.5,0.,-0.866025403784439));
#6705=DIRECTION('center_axis',(0.5,0.,0.866025403784439));
#6706=DIRECTION('ref_axis',(0.,1.,0.));
#6707=DIRECTION('center_axis',(0.5,0.,0.866025403784439));
#6708=DIRECTION('ref_axis',(0.,1.,0.));
#6709=DIRECTION('center_axis',(0.,1.,0.));
#6710=DIRECTION('ref_axis',(0.866025403784439,0.,-0.5));
#6711=DIRECTION('',(0.866025403784439,0.,-0.5));
#6712=DIRECTION('',(-0.5,0.,-0.866025403784439));
#6713=DIRECTION('center_axis',(-0.5,0.,-0.866025403784439));
#6714=DIRECTION('ref_axis',(0.,1.,0.));
#6715=DIRECTION('',(-0.5,0.,-0.866025403784439));
#6716=DIRECTION('center_axis',(0.5,0.,0.866025403784439));
#6717=DIRECTION('ref_axis',(0.,1.,0.));
#6718=DIRECTION('center_axis',(-0.5,0.,-0.866025403784439));
#6719=DIRECTION('ref_axis',(0.,1.,0.));
#6720=DIRECTION('center_axis',(0.5,0.,0.866025403784439));
#6721=DIRECTION('ref_axis',(0.,1.,0.));
#6722=DIRECTION('center_axis',(0.5,0.,0.866025403784439));
#6723=DIRECTION('ref_axis',(0.,1.,0.));
#6724=DIRECTION('center_axis',(-0.5,0.,-0.866025403784439));
#6725=DIRECTION('ref_axis',(0.28450772668091,-0.944496587930213,-0.164260612585752));
#6726=DIRECTION('',(-0.5,0.,-0.866025403784439));
#6727=DIRECTION('center_axis',(0.5,0.,0.866025403784439));
#6728=DIRECTION('ref_axis',(0.,1.,0.));
#6729=DIRECTION('',(-0.5,0.,-0.866025403784439));
#6730=DIRECTION('center_axis',(-0.5,0.,-0.866025403784439));
#6731=DIRECTION('ref_axis',(0.,1.,0.));
#6732=DIRECTION('',(-0.5,0.,-0.866025403784439));
#6733=DIRECTION('center_axis',(0.5,0.,0.866025403784439));
#6734=DIRECTION('ref_axis',(0.,1.,0.));
#6735=DIRECTION('center_axis',(0.866025403784439,0.,-0.5));
#6736=DIRECTION('ref_axis',(0.,-1.,0.));
#6737=DIRECTION('',(0.,-1.,0.));
#6738=DIRECTION('center_axis',(0.5,0.,0.866025403784439));
#6739=DIRECTION('ref_axis',(0.,1.,0.));
#6740=DIRECTION('center_axis',(-0.5,0.,-0.866025403784439));
#6741=DIRECTION('ref_axis',(0.284507726680908,-0.944496587930213,-0.164260612585751));
#6742=DIRECTION('',(-0.5,0.,-0.866025403784439));
#6743=DIRECTION('center_axis',(0.5,0.,0.866025403784439));
#6744=DIRECTION('ref_axis',(0.,1.,0.));
#6745=DIRECTION('',(-0.5,0.,-0.866025403784439));
#6746=DIRECTION('center_axis',(-0.5,0.,-0.866025403784439));
#6747=DIRECTION('ref_axis',(0.,1.,0.));
#6748=DIRECTION('',(-0.5,0.,-0.866025403784439));
#6749=DIRECTION('center_axis',(0.5,0.,0.866025403784439));
#6750=DIRECTION('ref_axis',(0.,1.,0.));
#6751=DIRECTION('center_axis',(0.866025403784439,0.,-0.5));
#6752=DIRECTION('ref_axis',(0.,-1.,0.));
#6753=DIRECTION('',(0.,-1.,0.));
#6754=DIRECTION('center_axis',(0.5,0.,0.866025403784439));
#6755=DIRECTION('ref_axis',(0.,1.,0.));
#6756=DIRECTION('center_axis',(-0.5,0.,-0.866025403784439));
#6757=DIRECTION('ref_axis',(0.,1.,0.));
#6758=DIRECTION('',(-0.5,0.,-0.866025403784439));
#6759=DIRECTION('center_axis',(0.5,0.,0.866025403784439));
#6760=DIRECTION('ref_axis',(0.,1.,0.));
#6761=DIRECTION('',(-0.5,0.,-0.866025403784439));
#6762=DIRECTION('center_axis',(-0.5,0.,-0.866025403784439));
#6763=DIRECTION('ref_axis',(0.,1.,0.));
#6764=DIRECTION('',(-0.5,0.,-0.866025403784439));
#6765=DIRECTION('center_axis',(0.5,0.,0.866025403784439));
#6766=DIRECTION('ref_axis',(0.,1.,0.));
#6767=DIRECTION('center_axis',(0.866025403784439,0.,-0.5));
#6768=DIRECTION('ref_axis',(0.,-1.,0.));
#6769=DIRECTION('',(0.,-1.,0.));
#6770=DIRECTION('center_axis',(0.5,0.,0.866025403784439));
#6771=DIRECTION('ref_axis',(0.,1.,0.));
#6772=DIRECTION('center_axis',(-0.5,0.,-0.866025403784439));
#6773=DIRECTION('ref_axis',(0.,1.,0.));
#6774=DIRECTION('',(-0.5,0.,-0.866025403784439));
#6775=DIRECTION('center_axis',(0.5,0.,0.866025403784439));
#6776=DIRECTION('ref_axis',(0.,1.,0.));
#6777=DIRECTION('',(-0.5,0.,-0.866025403784439));
#6778=DIRECTION('center_axis',(-0.5,0.,-0.866025403784439));
#6779=DIRECTION('ref_axis',(0.,1.,0.));
#6780=DIRECTION('',(-0.5,0.,-0.866025403784439));
#6781=DIRECTION('center_axis',(0.5,0.,0.866025403784439));
#6782=DIRECTION('ref_axis',(0.,1.,0.));
#6783=DIRECTION('center_axis',(-0.5,0.,-0.866025403784439));
#6784=DIRECTION('ref_axis',(0.,1.,0.));
#6785=DIRECTION('center_axis',(0.5,0.,0.866025403784439));
#6786=DIRECTION('ref_axis',(0.,1.,0.));
#6787=DIRECTION('center_axis',(0.5,0.,0.866025403784439));
#6788=DIRECTION('ref_axis',(0.,1.,0.));
#6789=DIRECTION('center_axis',(-0.5,0.,-0.866025403784439));
#6790=DIRECTION('ref_axis',(0.,1.,0.));
#6791=DIRECTION('',(-0.5,0.,-0.866025403784439));
#6792=DIRECTION('center_axis',(0.5,0.,0.866025403784439));
#6793=DIRECTION('ref_axis',(0.,1.,0.));
#6794=DIRECTION('',(-0.5,0.,-0.866025403784439));
#6795=DIRECTION('center_axis',(-0.5,0.,-0.866025403784439));
#6796=DIRECTION('ref_axis',(0.,1.,0.));
#6797=DIRECTION('',(-0.5,0.,-0.866025403784439));
#6798=DIRECTION('center_axis',(0.5,0.,0.866025403784439));
#6799=DIRECTION('ref_axis',(0.,1.,0.));
#6800=DIRECTION('center_axis',(-0.5,0.,-0.866025403784439));
#6801=DIRECTION('ref_axis',(0.,1.,0.));
#6802=DIRECTION('center_axis',(0.5,0.,0.866025403784439));
#6803=DIRECTION('ref_axis',(0.,1.,0.));
#6804=DIRECTION('center_axis',(0.5,0.,0.866025403784439));
#6805=DIRECTION('ref_axis',(0.,1.,0.));
#6806=DIRECTION('center_axis',(-0.5,0.,-0.866025403784439));
#6807=DIRECTION('ref_axis',(0.284507726680906,-0.944496587930215,-0.164260612585749));
#6808=DIRECTION('',(-0.5,0.,-0.866025403784439));
#6809=DIRECTION('center_axis',(0.5,0.,0.866025403784439));
#6810=DIRECTION('ref_axis',(0.,1.,0.));
#6811=DIRECTION('',(-0.5,0.,-0.866025403784439));
#6812=DIRECTION('center_axis',(-0.5,0.,-0.866025403784439));
#6813=DIRECTION('ref_axis',(0.,1.,0.));
#6814=DIRECTION('',(-0.5,0.,-0.866025403784439));
#6815=DIRECTION('center_axis',(0.5,0.,0.866025403784439));
#6816=DIRECTION('ref_axis',(0.,1.,0.));
#6817=DIRECTION('center_axis',(0.866025403784439,0.,-0.5));
#6818=DIRECTION('ref_axis',(0.,-1.,0.));
#6819=DIRECTION('',(0.,-1.,0.));
#6820=DIRECTION('center_axis',(0.5,0.,0.866025403784439));
#6821=DIRECTION('ref_axis',(0.,1.,0.));
#6822=DIRECTION('center_axis',(-0.5,0.,-0.866025403784439));
#6823=DIRECTION('ref_axis',(0.,1.,0.));
#6824=DIRECTION('',(-0.5,0.,-0.866025403784439));
#6825=DIRECTION('center_axis',(0.5,0.,0.866025403784439));
#6826=DIRECTION('ref_axis',(0.,1.,0.));
#6827=DIRECTION('',(-0.5,0.,-0.866025403784439));
#6828=DIRECTION('center_axis',(-0.5,0.,-0.866025403784439));
#6829=DIRECTION('ref_axis',(-0.284507726680908,-0.944496587930213,0.164260612585751));
#6830=DIRECTION('',(-0.5,0.,-0.866025403784439));
#6831=DIRECTION('center_axis',(0.5,0.,0.866025403784439));
#6832=DIRECTION('ref_axis',(0.,1.,0.));
#6833=DIRECTION('center_axis',(-0.866025403784439,6.41216154992101E-17,
0.5));
#6834=DIRECTION('ref_axis',(3.29500810056647E-17,1.,-7.11720165830988E-17));
#6835=DIRECTION('',(3.29500810056647E-17,1.,-7.11720165830988E-17));
#6836=DIRECTION('center_axis',(0.5,0.,0.866025403784439));
#6837=DIRECTION('ref_axis',(0.,1.,0.));
#6838=DIRECTION('center_axis',(-0.5,0.,-0.866025403784439));
#6839=DIRECTION('ref_axis',(0.,1.,0.));
#6840=DIRECTION('',(-0.5,0.,-0.866025403784439));
#6841=DIRECTION('center_axis',(0.5,0.,0.866025403784439));
#6842=DIRECTION('ref_axis',(0.,1.,0.));
#6843=DIRECTION('',(-0.5,0.,-0.866025403784439));
#6844=DIRECTION('center_axis',(-0.5,0.,-0.866025403784439));
#6845=DIRECTION('ref_axis',(0.,1.,0.));
#6846=DIRECTION('',(-0.5,0.,-0.866025403784439));
#6847=DIRECTION('center_axis',(0.5,0.,0.866025403784439));
#6848=DIRECTION('ref_axis',(0.,1.,0.));
#6849=DIRECTION('center_axis',(-0.866025403784439,6.41216154992101E-17,
0.5));
#6850=DIRECTION('ref_axis',(3.29500810056647E-17,1.,-7.11720165830988E-17));
#6851=DIRECTION('',(3.29500810056647E-17,1.,-7.11720165830988E-17));
#6852=DIRECTION('center_axis',(0.5,0.,0.866025403784439));
#6853=DIRECTION('ref_axis',(0.,1.,0.));
#6854=DIRECTION('center_axis',(-0.5,0.,-0.866025403784439));
#6855=DIRECTION('ref_axis',(0.,1.,0.));
#6856=DIRECTION('',(-0.5,0.,-0.866025403784439));
#6857=DIRECTION('center_axis',(0.5,0.,0.866025403784439));
#6858=DIRECTION('ref_axis',(0.,1.,0.));
#6859=DIRECTION('',(-0.5,0.,-0.866025403784439));
#6860=DIRECTION('center_axis',(-0.5,0.,-0.866025403784439));
#6861=DIRECTION('ref_axis',(0.,1.,0.));
#6862=DIRECTION('',(-0.5,0.,-0.866025403784439));
#6863=DIRECTION('center_axis',(0.5,0.,0.866025403784439));
#6864=DIRECTION('ref_axis',(0.,1.,0.));
#6865=DIRECTION('center_axis',(0.,-1.,0.));
#6866=DIRECTION('ref_axis',(-0.866025403784439,0.,0.5));
#6867=DIRECTION('',(-0.866025403784439,0.,0.5));
#6868=DIRECTION('center_axis',(0.5,0.,0.866025403784439));
#6869=DIRECTION('ref_axis',(0.,1.,0.));
#6870=DIRECTION('center_axis',(-0.5,0.,-0.866025403784439));
#6871=DIRECTION('ref_axis',(0.,1.,0.));
#6872=DIRECTION('',(-0.5,0.,-0.866025403784439));
#6873=DIRECTION('center_axis',(0.5,0.,0.866025403784439));
#6874=DIRECTION('ref_axis',(0.,1.,0.));
#6875=DIRECTION('',(-0.5,0.,-0.866025403784439));
#6876=DIRECTION('center_axis',(-0.5,0.,-0.866025403784439));
#6877=DIRECTION('ref_axis',(0.,1.,0.));
#6878=DIRECTION('',(-0.5,0.,-0.866025403784439));
#6879=DIRECTION('center_axis',(0.5,0.,0.866025403784439));
#6880=DIRECTION('ref_axis',(0.,1.,0.));
#6881=DIRECTION('center_axis',(-0.5,0.,-0.866025403784439));
#6882=DIRECTION('ref_axis',(0.,1.,0.));
#6883=DIRECTION('center_axis',(0.5,0.,0.866025403784439));
#6884=DIRECTION('ref_axis',(0.,1.,0.));
#6885=DIRECTION('center_axis',(0.5,0.,0.866025403784439));
#6886=DIRECTION('ref_axis',(0.,1.,0.));
#6887=DIRECTION('center_axis',(-0.5,0.,-0.866025403784439));
#6888=DIRECTION('ref_axis',(0.,1.,0.));
#6889=DIRECTION('',(-0.5,0.,-0.866025403784439));
#6890=DIRECTION('center_axis',(0.5,0.,0.866025403784439));
#6891=DIRECTION('ref_axis',(0.,1.,0.));
#6892=DIRECTION('',(-0.5,0.,-0.866025403784439));
#6893=DIRECTION('center_axis',(-0.5,0.,-0.866025403784439));
#6894=DIRECTION('ref_axis',(0.,1.,0.));
#6895=DIRECTION('',(-0.5,0.,-0.866025403784439));
#6896=DIRECTION('center_axis',(0.5,0.,0.866025403784439));
#6897=DIRECTION('ref_axis',(0.,1.,0.));
#6898=DIRECTION('center_axis',(-0.866025403784439,6.41216154992101E-17,
0.5));
#6899=DIRECTION('ref_axis',(3.29500810056647E-17,1.,-7.11720165830988E-17));
#6900=DIRECTION('',(3.29500810056647E-17,1.,-7.11720165830988E-17));
#6901=DIRECTION('center_axis',(0.5,0.,0.866025403784439));
#6902=DIRECTION('ref_axis',(0.,1.,0.));
#6903=DIRECTION('center_axis',(-0.5,0.,-0.866025403784439));
#6904=DIRECTION('ref_axis',(0.,1.,0.));
#6905=DIRECTION('',(-0.5,0.,-0.866025403784439));
#6906=DIRECTION('center_axis',(0.5,0.,0.866025403784439));
#6907=DIRECTION('ref_axis',(0.,1.,0.));
#6908=DIRECTION('',(-0.5,0.,-0.866025403784439));
#6909=DIRECTION('center_axis',(-0.5,0.,-0.866025403784439));
#6910=DIRECTION('ref_axis',(-0.284507726680913,-0.944496587930212,0.164260612585753));
#6911=DIRECTION('',(-0.5,0.,-0.866025403784439));
#6912=DIRECTION('center_axis',(0.5,0.,0.866025403784439));
#6913=DIRECTION('ref_axis',(0.,1.,0.));
#6914=DIRECTION('center_axis',(-0.866025403784439,6.41216154992101E-17,
0.5));
#6915=DIRECTION('ref_axis',(3.29500810056647E-17,1.,-7.11720165830988E-17));
#6916=DIRECTION('',(3.29500810056647E-17,1.,-7.11720165830988E-17));
#6917=DIRECTION('center_axis',(0.5,0.,0.866025403784439));
#6918=DIRECTION('ref_axis',(0.,1.,0.));
#6919=DIRECTION('center_axis',(-0.5,0.,-0.866025403784439));
#6920=DIRECTION('ref_axis',(0.,1.,0.));
#6921=DIRECTION('',(-0.5,0.,-0.866025403784439));
#6922=DIRECTION('center_axis',(0.5,0.,0.866025403784439));
#6923=DIRECTION('ref_axis',(0.,1.,0.));
#6924=DIRECTION('',(-0.5,0.,-0.866025403784439));
#6925=DIRECTION('center_axis',(-0.5,0.,-0.866025403784439));
#6926=DIRECTION('ref_axis',(0.,1.,0.));
#6927=DIRECTION('',(-0.5,0.,-0.866025403784439));
#6928=DIRECTION('center_axis',(0.5,0.,0.866025403784439));
#6929=DIRECTION('ref_axis',(0.,1.,0.));
#6930=DIRECTION('center_axis',(-0.5,0.,-0.866025403784439));
#6931=DIRECTION('ref_axis',(0.,1.,0.));
#6932=DIRECTION('center_axis',(0.5,0.,0.866025403784439));
#6933=DIRECTION('ref_axis',(0.,1.,0.));
#6934=DIRECTION('center_axis',(0.5,0.,0.866025403784439));
#6935=DIRECTION('ref_axis',(0.,1.,0.));
#6936=DIRECTION('center_axis',(-0.5,0.,-0.866025403784439));
#6937=DIRECTION('ref_axis',(0.,1.,0.));
#6938=DIRECTION('',(-0.5,0.,-0.866025403784439));
#6939=DIRECTION('center_axis',(0.5,0.,0.866025403784439));
#6940=DIRECTION('ref_axis',(0.,1.,0.));
#6941=DIRECTION('',(-0.5,0.,-0.866025403784439));
#6942=DIRECTION('center_axis',(-0.5,0.,-0.866025403784439));
#6943=DIRECTION('ref_axis',(0.,1.,0.));
#6944=DIRECTION('',(-0.5,0.,-0.866025403784439));
#6945=DIRECTION('center_axis',(0.5,0.,0.866025403784439));
#6946=DIRECTION('ref_axis',(0.,1.,0.));
#6947=DIRECTION('center_axis',(0.866025403784439,0.,-0.5));
#6948=DIRECTION('ref_axis',(0.,-1.,0.));
#6949=DIRECTION('',(0.,-1.,0.));
#6950=DIRECTION('center_axis',(0.5,0.,0.866025403784439));
#6951=DIRECTION('ref_axis',(0.,1.,0.));
#6952=DIRECTION('center_axis',(-0.5,0.,-0.866025403784439));
#6953=DIRECTION('ref_axis',(0.,1.,0.));
#6954=DIRECTION('',(-0.5,0.,-0.866025403784439));
#6955=DIRECTION('center_axis',(0.5,0.,0.866025403784439));
#6956=DIRECTION('ref_axis',(0.,1.,0.));
#6957=DIRECTION('',(-0.5,0.,-0.866025403784439));
#6958=DIRECTION('center_axis',(-0.5,0.,-0.866025403784439));
#6959=DIRECTION('ref_axis',(0.,1.,0.));
#6960=DIRECTION('',(-0.5,0.,-0.866025403784439));
#6961=DIRECTION('center_axis',(0.5,0.,0.866025403784439));
#6962=DIRECTION('ref_axis',(0.,1.,0.));
#6963=DIRECTION('center_axis',(0.,-1.,0.));
#6964=DIRECTION('ref_axis',(-0.866025403784439,0.,0.5));
#6965=DIRECTION('',(-0.866025403784439,0.,0.5));
#6966=DIRECTION('center_axis',(0.5,0.,0.866025403784439));
#6967=DIRECTION('ref_axis',(0.,1.,0.));
#6968=DIRECTION('center_axis',(0.5,0.,0.866025403784439));
#6969=DIRECTION('ref_axis',(0.866025403784439,0.,-0.5));
#6970=DIRECTION('center_axis',(-0.5,0.,-0.866025403784439));
#6971=DIRECTION('ref_axis',(0.866025403784439,0.,-0.5));
#6972=DIRECTION('',(0.484809620246337,-1.04972719113862E-16,-0.874619707139396));
#6973=DIRECTION('center_axis',(-0.5,0.,-0.866025403784439));
#6974=DIRECTION('ref_axis',(0.866025403784439,0.,-0.5));
#6975=DIRECTION('center_axis',(0.5,0.,0.866025403784439));
#6976=DIRECTION('ref_axis',(0.866025403784439,0.,-0.5));
#6977=DIRECTION('',(-0.5,0.,-0.866025403784439));
#6978=DIRECTION('center_axis',(0.5,0.,0.866025403784439));
#6979=DIRECTION('ref_axis',(0.866025403784439,0.,-0.5));
#6980=DIRECTION('center_axis',(-0.5,0.,-0.866025403784439));
#6981=DIRECTION('ref_axis',(0.866025403784439,0.,-0.5));
#6982=DIRECTION('',(0.484809620246337,-1.04972719113862E-16,-0.874619707139396));
#6983=DIRECTION('center_axis',(-0.5,0.,-0.866025403784439));
#6984=DIRECTION('ref_axis',(0.866025403784439,0.,-0.5));
#6985=DIRECTION('center_axis',(0.5,0.,0.866025403784439));
#6986=DIRECTION('ref_axis',(0.866025403784439,0.,-0.5));
#6987=DIRECTION('',(-0.5,0.,-0.866025403784439));
#6988=DIRECTION('center_axis',(0.5,0.,0.866025403784439));
#6989=DIRECTION('ref_axis',(0.866025403784439,0.,-0.5));
#6990=DIRECTION('center_axis',(-0.5,0.,-0.866025403784439));
#6991=DIRECTION('ref_axis',(0.866025403784439,0.,-0.5));
#6992=DIRECTION('',(0.484809620246337,-1.04972719113862E-16,-0.874619707139396));
#6993=DIRECTION('center_axis',(-0.5,0.,-0.866025403784439));
#6994=DIRECTION('ref_axis',(0.866025403784439,0.,-0.5));
#6995=DIRECTION('center_axis',(0.5,0.,0.866025403784439));
#6996=DIRECTION('ref_axis',(0.866025403784439,0.,-0.5));
#6997=DIRECTION('',(-0.5,0.,-0.866025403784439));
#6998=DIRECTION('center_axis',(0.5,0.,0.866025403784439));
#6999=DIRECTION('ref_axis',(0.866025403784439,0.,-0.5));
#7000=DIRECTION('center_axis',(-0.5,0.,-0.866025403784439));
#7001=DIRECTION('ref_axis',(0.866025403784439,0.,-0.5));
#7002=DIRECTION('',(0.484809620246337,-1.04972719113862E-16,-0.874619707139396));
#7003=DIRECTION('center_axis',(-0.5,0.,-0.866025403784439));
#7004=DIRECTION('ref_axis',(0.866025403784439,0.,-0.5));
#7005=DIRECTION('center_axis',(0.5,0.,0.866025403784439));
#7006=DIRECTION('ref_axis',(0.866025403784439,0.,-0.5));
#7007=DIRECTION('',(-0.5,0.,-0.866025403784439));
#7008=DIRECTION('center_axis',(0.5,0.,0.866025403784439));
#7009=DIRECTION('ref_axis',(0.866025403784439,0.,-0.5));
#7010=DIRECTION('center_axis',(-0.5,0.,-0.866025403784439));
#7011=DIRECTION('ref_axis',(0.866025403784439,0.,-0.5));
#7012=DIRECTION('',(0.484809620246337,-1.04972719113862E-16,-0.874619707139396));
#7013=DIRECTION('center_axis',(-0.5,0.,-0.866025403784439));
#7014=DIRECTION('ref_axis',(0.866025403784439,0.,-0.5));
#7015=DIRECTION('center_axis',(0.5,0.,0.866025403784439));
#7016=DIRECTION('ref_axis',(0.866025403784439,0.,-0.5));
#7017=DIRECTION('',(-0.5,0.,-0.866025403784439));
#7018=DIRECTION('center_axis',(0.5,0.,0.866025403784439));
#7019=DIRECTION('ref_axis',(0.866025403784439,0.,-0.5));
#7020=DIRECTION('center_axis',(-0.5,0.,-0.866025403784439));
#7021=DIRECTION('ref_axis',(0.866025403784439,0.,-0.5));
#7022=DIRECTION('',(0.484809620246337,-1.04972719113862E-16,-0.874619707139396));
#7023=DIRECTION('center_axis',(-0.5,0.,-0.866025403784439));
#7024=DIRECTION('ref_axis',(0.866025403784439,0.,-0.5));
#7025=DIRECTION('center_axis',(0.5,0.,0.866025403784439));
#7026=DIRECTION('ref_axis',(0.866025403784439,0.,-0.5));
#7027=DIRECTION('',(-0.5,0.,-0.866025403784439));
#7028=DIRECTION('center_axis',(0.5,0.,0.866025403784439));
#7029=DIRECTION('ref_axis',(0.866025403784439,0.,-0.5));
#7030=DIRECTION('center_axis',(-0.5,0.,-0.866025403784439));
#7031=DIRECTION('ref_axis',(0.866025403784439,0.,-0.5));
#7032=DIRECTION('',(0.484809620246337,-1.04972719113862E-16,-0.874619707139396));
#7033=DIRECTION('center_axis',(-0.5,0.,-0.866025403784439));
#7034=DIRECTION('ref_axis',(0.866025403784439,0.,-0.5));
#7035=DIRECTION('center_axis',(0.5,0.,0.866025403784439));
#7036=DIRECTION('ref_axis',(0.866025403784439,0.,-0.5));
#7037=DIRECTION('',(-0.5,0.,-0.866025403784439));
#7038=DIRECTION('center_axis',(0.5,0.,0.866025403784439));
#7039=DIRECTION('ref_axis',(0.866025403784439,0.,-0.5));
#7040=DIRECTION('center_axis',(-0.5,0.,-0.866025403784439));
#7041=DIRECTION('ref_axis',(0.866025403784439,0.,-0.5));
#7042=DIRECTION('',(0.484809620246337,-1.04972719113862E-16,-0.874619707139396));
#7043=DIRECTION('center_axis',(-0.5,0.,-0.866025403784439));
#7044=DIRECTION('ref_axis',(0.866025403784439,0.,-0.5));
#7045=DIRECTION('center_axis',(0.5,0.,0.866025403784439));
#7046=DIRECTION('ref_axis',(0.866025403784439,0.,-0.5));
#7047=DIRECTION('',(-0.5,0.,-0.866025403784439));
#7048=DIRECTION('center_axis',(0.5,0.,0.866025403784439));
#7049=DIRECTION('ref_axis',(0.866025403784439,0.,-0.5));
#7050=DIRECTION('center_axis',(-0.5,0.,-0.866025403784439));
#7051=DIRECTION('ref_axis',(0.866025403784439,0.,-0.5));
#7052=DIRECTION('',(0.484809620246337,-1.04972719113862E-16,-0.874619707139396));
#7053=DIRECTION('center_axis',(-0.5,0.,-0.866025403784439));
#7054=DIRECTION('ref_axis',(0.866025403784439,0.,-0.5));
#7055=DIRECTION('center_axis',(0.5,0.,0.866025403784439));
#7056=DIRECTION('ref_axis',(0.866025403784439,0.,-0.5));
#7057=DIRECTION('',(-0.5,0.,-0.866025403784439));
#7058=DIRECTION('center_axis',(0.5,0.,0.866025403784439));
#7059=DIRECTION('ref_axis',(0.866025403784439,0.,-0.5));
#7060=DIRECTION('center_axis',(-0.5,0.,-0.866025403784439));
#7061=DIRECTION('ref_axis',(0.866025403784439,0.,-0.5));
#7062=DIRECTION('',(0.484809620246337,-1.04972719113862E-16,-0.874619707139396));
#7063=DIRECTION('center_axis',(-0.5,0.,-0.866025403784439));
#7064=DIRECTION('ref_axis',(0.866025403784439,0.,-0.5));
#7065=DIRECTION('center_axis',(0.5,0.,0.866025403784439));
#7066=DIRECTION('ref_axis',(0.866025403784439,0.,-0.5));
#7067=DIRECTION('',(-0.5,0.,-0.866025403784439));
#7068=DIRECTION('center_axis',(0.5,0.,0.866025403784439));
#7069=DIRECTION('ref_axis',(0.866025403784439,0.,-0.5));
#7070=DIRECTION('',(0.258819045102521,-8.65956056235493E-17,-0.965925826289068));
#7071=DIRECTION('center_axis',(0.5,0.,0.866025403784439));
#7072=DIRECTION('ref_axis',(0.866025403784439,0.,-0.5));
#7073=DIRECTION('',(0.258819045102521,-8.65956056235493E-17,-0.965925826289068));
#7074=DIRECTION('center_axis',(0.5,0.,0.866025403784439));
#7075=DIRECTION('ref_axis',(0.866025403784439,0.,-0.5));
#7076=DIRECTION('',(0.258819045102521,-8.65956056235493E-17,-0.965925826289068));
#7077=DIRECTION('center_axis',(0.5,0.,0.866025403784439));
#7078=DIRECTION('ref_axis',(0.866025403784439,0.,-0.5));
#7079=DIRECTION('',(0.258819045102521,-8.65956056235493E-17,-0.965925826289068));
#7080=DIRECTION('center_axis',(0.5,0.,0.866025403784439));
#7081=DIRECTION('ref_axis',(0.866025403784439,0.,-0.5));
#7082=DIRECTION('',(0.258819045102521,-8.65956056235493E-17,-0.965925826289068));
#7083=DIRECTION('center_axis',(0.5,0.,0.866025403784439));
#7084=DIRECTION('ref_axis',(0.866025403784439,0.,-0.5));
#7085=DIRECTION('',(0.258819045102521,-8.65956056235493E-17,-0.965925826289068));
#7086=DIRECTION('center_axis',(0.5,0.,0.866025403784439));
#7087=DIRECTION('ref_axis',(0.866025403784439,0.,-0.5));
#7088=DIRECTION('',(0.258819045102521,-8.65956056235493E-17,-0.965925826289068));
#7089=DIRECTION('center_axis',(0.5,0.,0.866025403784439));
#7090=DIRECTION('ref_axis',(0.866025403784439,0.,-0.5));
#7091=DIRECTION('',(0.258819045102521,-8.65956056235493E-17,-0.965925826289068));
#7092=DIRECTION('center_axis',(0.5,0.,0.866025403784439));
#7093=DIRECTION('ref_axis',(0.866025403784439,0.,-0.5));
#7094=DIRECTION('',(0.258819045102521,-8.65956056235493E-17,-0.965925826289068));
#7095=DIRECTION('center_axis',(0.5,0.,0.866025403784439));
#7096=DIRECTION('ref_axis',(0.866025403784439,0.,-0.5));
#7097=DIRECTION('',(0.258819045102521,-8.65956056235493E-17,-0.965925826289068));
#7098=DIRECTION('center_axis',(-0.5,0.,-0.866025403784439));
#7099=DIRECTION('ref_axis',(0.866025403784439,0.,-0.5));
#7100=DIRECTION('',(-0.5,0.,-0.866025403784439));
#7101=DIRECTION('center_axis',(-0.5,0.,-0.866025403784439));
#7102=DIRECTION('ref_axis',(0.866025403784439,0.,-0.5));
#7103=DIRECTION('',(-0.5,0.,-0.866025403784439));
#7104=DIRECTION('center_axis',(-0.5,0.,-0.866025403784439));
#7105=DIRECTION('ref_axis',(0.866025403784439,0.,-0.5));
#7106=DIRECTION('',(-0.5,0.,-0.866025403784439));
#7107=DIRECTION('center_axis',(-0.5,0.,-0.866025403784439));
#7108=DIRECTION('ref_axis',(0.866025403784439,0.,-0.5));
#7109=DIRECTION('',(-0.5,0.,-0.866025403784439));
#7110=DIRECTION('center_axis',(0.,0.,-1.));
#7111=DIRECTION('ref_axis',(-1.,0.,0.));
#7112=DIRECTION('',(1.,0.,0.));
#7113=DIRECTION('',(0.,1.,0.));
#7114=DIRECTION('center_axis',(0.5,-6.12323399573676E-17,-0.866025403784439));
#7115=DIRECTION('ref_axis',(-0.284507726680908,0.944496587930214,-0.164260612585751));
#7116=DIRECTION('',(0.5,-6.12323399573676E-17,-0.866025403784439));
#7117=DIRECTION('center_axis',(-0.5,6.12323399573676E-17,0.866025403784439));
#7118=DIRECTION('ref_axis',(-1.22464679914735E-16,-1.,0.));
#7119=DIRECTION('',(0.5,-6.12323399573676E-17,-0.866025403784439));
#7120=DIRECTION('center_axis',(0.5,-6.12323399573676E-17,-0.866025403784439));
#7121=DIRECTION('ref_axis',(-1.22464679914735E-16,-1.,0.));
#7122=DIRECTION('',(0.5,-6.12323399573676E-17,-0.866025403784439));
#7123=DIRECTION('center_axis',(-0.5,6.12323399573676E-17,0.866025403784439));
#7124=DIRECTION('ref_axis',(-1.22464679914735E-16,-1.,0.));
#7125=DIRECTION('center_axis',(-0.866025403784439,1.06057523872491E-16,
-0.5));
#7126=DIRECTION('ref_axis',(1.22464679914735E-16,1.,0.));
#7127=DIRECTION('',(1.22464679914735E-16,1.,0.));
#7128=DIRECTION('center_axis',(-0.5,6.12323399573676E-17,0.866025403784439));
#7129=DIRECTION('ref_axis',(-1.22464679914735E-16,-1.,0.));
#7130=DIRECTION('center_axis',(0.5,-6.12323399573676E-17,-0.866025403784439));
#7131=DIRECTION('ref_axis',(-1.22464679914735E-16,-1.,0.));
#7132=DIRECTION('',(0.5,-6.12323399573676E-17,-0.866025403784439));
#7133=DIRECTION('center_axis',(-0.5,6.12323399573676E-17,0.866025403784439));
#7134=DIRECTION('ref_axis',(-1.22464679914735E-16,-1.,0.));
#7135=DIRECTION('',(0.5,-6.12323399573676E-17,-0.866025403784439));
#7136=DIRECTION('center_axis',(0.5,-6.12323399573676E-17,-0.866025403784439));
#7137=DIRECTION('ref_axis',(-1.22464679914735E-16,-1.,0.));
#7138=DIRECTION('',(0.5,-6.12323399573676E-17,-0.866025403784439));
#7139=DIRECTION('center_axis',(-0.5,6.12323399573676E-17,0.866025403784439));
#7140=DIRECTION('ref_axis',(-1.22464679914735E-16,-1.,0.));
#7141=DIRECTION('center_axis',(-0.866025403784439,1.06057523872491E-16,
-0.5));
#7142=DIRECTION('ref_axis',(1.22464679914735E-16,1.,0.));
#7143=DIRECTION('',(1.22464679914735E-16,1.,0.));
#7144=DIRECTION('center_axis',(-0.5,6.12323399573676E-17,0.866025403784439));
#7145=DIRECTION('ref_axis',(-1.22464679914735E-16,-1.,0.));
#7146=DIRECTION('center_axis',(0.5,-6.12323399573676E-17,-0.866025403784439));
#7147=DIRECTION('ref_axis',(-1.22464679914735E-16,-1.,0.));
#7148=DIRECTION('',(0.5,-6.12323399573676E-17,-0.866025403784439));
#7149=DIRECTION('center_axis',(-0.5,6.12323399573676E-17,0.866025403784439));
#7150=DIRECTION('ref_axis',(-1.22464679914735E-16,-1.,0.));
#7151=DIRECTION('',(0.5,-6.12323399573676E-17,-0.866025403784439));
#7152=DIRECTION('center_axis',(0.5,-6.12323399573676E-17,-0.866025403784439));
#7153=DIRECTION('ref_axis',(-1.22464679914735E-16,-1.,0.));
#7154=DIRECTION('',(0.5,-6.12323399573676E-17,-0.866025403784439));
#7155=DIRECTION('center_axis',(-0.5,6.12323399573676E-17,0.866025403784439));
#7156=DIRECTION('ref_axis',(-1.22464679914735E-16,-1.,0.));
#7157=DIRECTION('center_axis',(-0.866025403784439,1.06057523872491E-16,
-0.5));
#7158=DIRECTION('ref_axis',(1.22464679914735E-16,1.,0.));
#7159=DIRECTION('',(1.22464679914735E-16,1.,0.));
#7160=DIRECTION('center_axis',(-0.5,6.12323399573676E-17,0.866025403784439));
#7161=DIRECTION('ref_axis',(-1.22464679914735E-16,-1.,0.));
#7162=DIRECTION('center_axis',(0.5,-6.12323399573676E-17,-0.866025403784439));
#7163=DIRECTION('ref_axis',(-1.22464679914735E-16,-1.,0.));
#7164=DIRECTION('',(0.5,-6.12323399573676E-17,-0.866025403784439));
#7165=DIRECTION('center_axis',(-0.5,6.12323399573676E-17,0.866025403784439));
#7166=DIRECTION('ref_axis',(-1.22464679914735E-16,-1.,0.));
#7167=DIRECTION('',(0.5,-6.12323399573676E-17,-0.866025403784439));
#7168=DIRECTION('center_axis',(0.5,-6.12323399573676E-17,-0.866025403784439));
#7169=DIRECTION('ref_axis',(-1.22464679914735E-16,-1.,0.));
#7170=DIRECTION('',(0.5,-6.12323399573676E-17,-0.866025403784439));
#7171=DIRECTION('center_axis',(-0.5,6.12323399573676E-17,0.866025403784439));
#7172=DIRECTION('ref_axis',(-1.22464679914735E-16,-1.,0.));
#7173=DIRECTION('center_axis',(0.5,-6.12323399573676E-17,-0.866025403784439));
#7174=DIRECTION('ref_axis',(-1.22464679914735E-16,-1.,0.));
#7175=DIRECTION('center_axis',(-0.5,6.12323399573676E-17,0.866025403784439));
#7176=DIRECTION('ref_axis',(-1.22464679914735E-16,-1.,0.));
#7177=DIRECTION('center_axis',(-0.5,6.12323399573676E-17,0.866025403784439));
#7178=DIRECTION('ref_axis',(-1.22464679914735E-16,-1.,0.));
#7179=DIRECTION('center_axis',(0.5,-6.12323399573676E-17,-0.866025403784439));
#7180=DIRECTION('ref_axis',(-1.22464679914735E-16,-1.,0.));
#7181=DIRECTION('',(0.5,-6.12323399573676E-17,-0.866025403784439));
#7182=DIRECTION('center_axis',(-0.5,6.12323399573676E-17,0.866025403784439));
#7183=DIRECTION('ref_axis',(-1.22464679914735E-16,-1.,0.));
#7184=DIRECTION('',(0.5,-6.12323399573676E-17,-0.866025403784439));
#7185=DIRECTION('center_axis',(0.5,-6.12323399573676E-17,-0.866025403784439));
#7186=DIRECTION('ref_axis',(0.284507726680912,0.944496587930212,0.164260612585753));
#7187=DIRECTION('',(0.5,-6.12323399573676E-17,-0.866025403784439));
#7188=DIRECTION('center_axis',(-0.5,6.12323399573676E-17,0.866025403784439));
#7189=DIRECTION('ref_axis',(-1.22464679914735E-16,-1.,0.));
#7190=DIRECTION('center_axis',(0.866025403784439,-1.70179139371701E-16,
0.5));
#7191=DIRECTION('ref_axis',(-1.554147609204E-16,-1.,-7.11720165830988E-17));
#7192=DIRECTION('',(-1.554147609204E-16,-1.,-7.11720165830988E-17));
#7193=DIRECTION('center_axis',(-0.5,6.12323399573676E-17,0.866025403784439));
#7194=DIRECTION('ref_axis',(-1.22464679914735E-16,-1.,0.));
#7195=DIRECTION('center_axis',(0.5,-6.12323399573676E-17,-0.866025403784439));
#7196=DIRECTION('ref_axis',(-1.22464679914735E-16,-1.,0.));
#7197=DIRECTION('',(0.5,-6.12323399573676E-17,-0.866025403784439));
#7198=DIRECTION('center_axis',(-0.5,6.12323399573676E-17,0.866025403784439));
#7199=DIRECTION('ref_axis',(-1.22464679914735E-16,-1.,0.));
#7200=DIRECTION('',(0.5,-6.12323399573676E-17,-0.866025403784439));
#7201=DIRECTION('center_axis',(0.5,-6.12323399573676E-17,-0.866025403784439));
#7202=DIRECTION('ref_axis',(-1.22464679914735E-16,-1.,0.));
#7203=DIRECTION('',(0.5,-6.12323399573676E-17,-0.866025403784439));
#7204=DIRECTION('center_axis',(-0.5,6.12323399573676E-17,0.866025403784439));
#7205=DIRECTION('ref_axis',(-1.22464679914735E-16,-1.,0.));
#7206=DIRECTION('center_axis',(0.866025403784439,-1.70179139371701E-16,
0.5));
#7207=DIRECTION('ref_axis',(-1.554147609204E-16,-1.,-7.11720165830988E-17));
#7208=DIRECTION('',(-1.554147609204E-16,-1.,-7.11720165830988E-17));
#7209=DIRECTION('center_axis',(-0.5,6.12323399573676E-17,0.866025403784439));
#7210=DIRECTION('ref_axis',(-1.22464679914735E-16,-1.,0.));
#7211=DIRECTION('center_axis',(0.5,-6.12323399573676E-17,-0.866025403784439));
#7212=DIRECTION('ref_axis',(-1.22464679914735E-16,-1.,0.));
#7213=DIRECTION('',(0.5,-6.12323399573676E-17,-0.866025403784439));
#7214=DIRECTION('center_axis',(-0.5,6.12323399573676E-17,0.866025403784439));
#7215=DIRECTION('ref_axis',(-1.22464679914735E-16,-1.,0.));
#7216=DIRECTION('',(0.5,-6.12323399573676E-17,-0.866025403784439));
#7217=DIRECTION('center_axis',(0.5,-6.12323399573676E-17,-0.866025403784439));
#7218=DIRECTION('ref_axis',(0.284507726680915,0.944496587930211,0.164260612585754));
#7219=DIRECTION('',(0.5,-6.12323399573676E-17,-0.866025403784439));
#7220=DIRECTION('center_axis',(-0.5,6.12323399573676E-17,0.866025403784439));
#7221=DIRECTION('ref_axis',(-1.22464679914735E-16,-1.,0.));
#7222=DIRECTION('center_axis',(0.866025403784439,-1.70179139371701E-16,
0.5));
#7223=DIRECTION('ref_axis',(-1.554147609204E-16,-1.,-7.11720165830988E-17));
#7224=DIRECTION('',(-1.554147609204E-16,-1.,-7.11720165830988E-17));
#7225=DIRECTION('center_axis',(-0.5,6.12323399573676E-17,0.866025403784439));
#7226=DIRECTION('ref_axis',(-1.22464679914735E-16,-1.,0.));
#7227=DIRECTION('center_axis',(0.5,-6.12323399573676E-17,-0.866025403784439));
#7228=DIRECTION('ref_axis',(-1.22464679914735E-16,-1.,0.));
#7229=DIRECTION('',(0.5,-6.12323399573676E-17,-0.866025403784439));
#7230=DIRECTION('center_axis',(-0.5,6.12323399573676E-17,0.866025403784439));
#7231=DIRECTION('ref_axis',(-1.22464679914735E-16,-1.,0.));
#7232=DIRECTION('',(0.5,-6.12323399573676E-17,-0.866025403784439));
#7233=DIRECTION('center_axis',(0.5,-6.12323399573676E-17,-0.866025403784439));
#7234=DIRECTION('ref_axis',(-1.22464679914735E-16,-1.,0.));
#7235=DIRECTION('',(0.5,-6.12323399573676E-17,-0.866025403784439));
#7236=DIRECTION('center_axis',(-0.5,6.12323399573676E-17,0.866025403784439));
#7237=DIRECTION('ref_axis',(-1.22464679914735E-16,-1.,0.));
#7238=DIRECTION('center_axis',(0.5,-6.12323399573676E-17,-0.866025403784439));
#7239=DIRECTION('ref_axis',(-1.22464679914735E-16,-1.,0.));
#7240=DIRECTION('center_axis',(-0.5,6.12323399573676E-17,0.866025403784439));
#7241=DIRECTION('ref_axis',(-1.22464679914735E-16,-1.,0.));
#7242=DIRECTION('center_axis',(-0.5,6.12323399573676E-17,0.866025403784439));
#7243=DIRECTION('ref_axis',(-1.22464679914735E-16,-1.,0.));
#7244=DIRECTION('center_axis',(0.5,-6.12323399573676E-17,-0.866025403784439));
#7245=DIRECTION('ref_axis',(-1.22464679914735E-16,-1.,0.));
#7246=DIRECTION('',(0.5,-6.12323399573676E-17,-0.866025403784439));
#7247=DIRECTION('center_axis',(-0.5,6.12323399573676E-17,0.866025403784439));
#7248=DIRECTION('ref_axis',(-1.22464679914735E-16,-1.,0.));
#7249=DIRECTION('',(0.5,-6.12323399573676E-17,-0.866025403784439));
#7250=DIRECTION('center_axis',(0.5,-6.12323399573676E-17,-0.866025403784439));
#7251=DIRECTION('ref_axis',(-1.22464679914735E-16,-1.,0.));
#7252=DIRECTION('',(0.5,-6.12323399573676E-17,-0.866025403784439));
#7253=DIRECTION('center_axis',(-0.5,6.12323399573676E-17,0.866025403784439));
#7254=DIRECTION('ref_axis',(-1.22464679914735E-16,-1.,0.));
#7255=DIRECTION('center_axis',(0.866025403784439,-1.70179139371701E-16,
0.5));
#7256=DIRECTION('ref_axis',(-1.554147609204E-16,-1.,-7.11720165830988E-17));
#7257=DIRECTION('',(-1.554147609204E-16,-1.,-7.11720165830988E-17));
#7258=DIRECTION('center_axis',(-0.5,6.12323399573676E-17,0.866025403784439));
#7259=DIRECTION('ref_axis',(-1.22464679914735E-16,-1.,0.));
#7260=DIRECTION('center_axis',(-1.22464679914735E-16,-1.,0.));
#7261=DIRECTION('ref_axis',(-0.866025403784439,1.06057523872491E-16,-0.5));
#7262=DIRECTION('',(0.5,-6.12323399573676E-17,-0.866025403784439));
#7263=DIRECTION('',(-0.866025403784439,1.06057523872491E-16,-0.5));
#7264=DIRECTION('',(0.5,-6.12323399573676E-17,-0.866025403784439));
#7265=DIRECTION('center_axis',(0.5,-6.12323399573676E-17,-0.866025403784439));
#7266=DIRECTION('ref_axis',(-1.22464679914735E-16,-1.,0.));
#7267=DIRECTION('',(0.5,-6.12323399573676E-17,-0.866025403784439));
#7268=DIRECTION('center_axis',(-0.5,6.12323399573676E-17,0.866025403784439));
#7269=DIRECTION('ref_axis',(-1.22464679914735E-16,-1.,0.));
#7270=DIRECTION('center_axis',(0.5,-6.12323399573676E-17,-0.866025403784439));
#7271=DIRECTION('ref_axis',(-1.22464679914735E-16,-1.,0.));
#7272=DIRECTION('',(0.5,-6.12323399573676E-17,-0.866025403784439));
#7273=DIRECTION('center_axis',(-0.5,6.12323399573676E-17,0.866025403784439));
#7274=DIRECTION('ref_axis',(-1.22464679914735E-16,-1.,0.));
#7275=DIRECTION('center_axis',(-0.5,6.12323399573676E-17,0.866025403784439));
#7276=DIRECTION('ref_axis',(-1.22464679914735E-16,-1.,0.));
#7277=DIRECTION('center_axis',(-1.22464679914735E-16,-1.,0.));
#7278=DIRECTION('ref_axis',(-0.866025403784439,1.06057523872491E-16,-0.5));
#7279=DIRECTION('',(-0.866025403784439,1.06057523872491E-16,-0.5));
#7280=DIRECTION('',(0.5,-6.12323399573676E-17,-0.866025403784439));
#7281=DIRECTION('center_axis',(0.5,-6.12323399573676E-17,-0.866025403784439));
#7282=DIRECTION('ref_axis',(-1.22464679914735E-16,-1.,0.));
#7283=DIRECTION('',(0.5,-6.12323399573676E-17,-0.866025403784439));
#7284=DIRECTION('center_axis',(-0.5,6.12323399573676E-17,0.866025403784439));
#7285=DIRECTION('ref_axis',(-1.22464679914735E-16,-1.,0.));
#7286=DIRECTION('center_axis',(0.5,-6.12323399573676E-17,-0.866025403784439));
#7287=DIRECTION('ref_axis',(-1.22464679914735E-16,-1.,0.));
#7288=DIRECTION('center_axis',(-0.5,6.12323399573676E-17,0.866025403784439));
#7289=DIRECTION('ref_axis',(-1.22464679914735E-16,-1.,0.));
#7290=DIRECTION('center_axis',(-0.5,6.12323399573676E-17,0.866025403784439));
#7291=DIRECTION('ref_axis',(-1.22464679914735E-16,-1.,0.));
#7292=DIRECTION('center_axis',(0.5,-6.12323399573676E-17,-0.866025403784439));
#7293=DIRECTION('ref_axis',(-0.28450772668091,0.944496587930213,-0.164260612585752));
#7294=DIRECTION('',(0.5,-6.12323399573676E-17,-0.866025403784439));
#7295=DIRECTION('center_axis',(-0.5,6.12323399573676E-17,0.866025403784439));
#7296=DIRECTION('ref_axis',(-1.22464679914735E-16,-1.,0.));
#7297=DIRECTION('',(0.5,-6.12323399573676E-17,-0.866025403784439));
#7298=DIRECTION('center_axis',(0.5,-6.12323399573676E-17,-0.866025403784439));
#7299=DIRECTION('ref_axis',(-1.22464679914735E-16,-1.,0.));
#7300=DIRECTION('',(0.5,-6.12323399573676E-17,-0.866025403784439));
#7301=DIRECTION('center_axis',(-0.5,6.12323399573676E-17,0.866025403784439));
#7302=DIRECTION('ref_axis',(-1.22464679914735E-16,-1.,0.));
#7303=DIRECTION('center_axis',(-0.866025403784439,1.06057523872491E-16,
-0.5));
#7304=DIRECTION('ref_axis',(1.22464679914735E-16,1.,0.));
#7305=DIRECTION('',(1.22464679914735E-16,1.,0.));
#7306=DIRECTION('center_axis',(-0.5,6.12323399573676E-17,0.866025403784439));
#7307=DIRECTION('ref_axis',(-1.22464679914735E-16,-1.,0.));
#7308=DIRECTION('center_axis',(0.5,-6.12323399573676E-17,-0.866025403784439));
#7309=DIRECTION('ref_axis',(-0.284507726680907,0.944496587930214,-0.16426061258575));
#7310=DIRECTION('',(0.5,-6.12323399573676E-17,-0.866025403784439));
#7311=DIRECTION('center_axis',(-0.5,6.12323399573676E-17,0.866025403784439));
#7312=DIRECTION('ref_axis',(-1.22464679914735E-16,-1.,0.));
#7313=DIRECTION('',(0.5,-6.12323399573676E-17,-0.866025403784439));
#7314=DIRECTION('center_axis',(0.5,-6.12323399573676E-17,-0.866025403784439));
#7315=DIRECTION('ref_axis',(-1.22464679914735E-16,-1.,0.));
#7316=DIRECTION('',(0.5,-6.12323399573676E-17,-0.866025403784439));
#7317=DIRECTION('center_axis',(-0.5,6.12323399573676E-17,0.866025403784439));
#7318=DIRECTION('ref_axis',(-1.22464679914735E-16,-1.,0.));
#7319=DIRECTION('center_axis',(-0.866025403784439,1.06057523872491E-16,
-0.5));
#7320=DIRECTION('ref_axis',(1.22464679914735E-16,1.,0.));
#7321=DIRECTION('',(1.22464679914735E-16,1.,0.));
#7322=DIRECTION('center_axis',(-0.5,6.12323399573676E-17,0.866025403784439));
#7323=DIRECTION('ref_axis',(-1.22464679914735E-16,-1.,0.));
#7324=DIRECTION('center_axis',(0.5,-6.12323399573676E-17,-0.866025403784439));
#7325=DIRECTION('ref_axis',(-1.22464679914735E-16,-1.,0.));
#7326=DIRECTION('',(0.5,-6.12323399573676E-17,-0.866025403784439));
#7327=DIRECTION('center_axis',(-0.5,6.12323399573676E-17,0.866025403784439));
#7328=DIRECTION('ref_axis',(-1.22464679914735E-16,-1.,0.));
#7329=DIRECTION('',(0.5,-6.12323399573676E-17,-0.866025403784439));
#7330=DIRECTION('center_axis',(0.5,-6.12323399573676E-17,-0.866025403784439));
#7331=DIRECTION('ref_axis',(-1.22464679914735E-16,-1.,0.));
#7332=DIRECTION('',(0.5,-6.12323399573676E-17,-0.866025403784439));
#7333=DIRECTION('center_axis',(-0.5,6.12323399573676E-17,0.866025403784439));
#7334=DIRECTION('ref_axis',(-1.22464679914735E-16,-1.,0.));
#7335=DIRECTION('center_axis',(-0.866025403784439,1.06057523872491E-16,
-0.5));
#7336=DIRECTION('ref_axis',(1.22464679914735E-16,1.,0.));
#7337=DIRECTION('',(1.22464679914735E-16,1.,0.));
#7338=DIRECTION('center_axis',(-0.5,6.12323399573676E-17,0.866025403784439));
#7339=DIRECTION('ref_axis',(-1.22464679914735E-16,-1.,0.));
#7340=DIRECTION('center_axis',(0.5,-6.12323399573676E-17,-0.866025403784439));
#7341=DIRECTION('ref_axis',(-1.22464679914735E-16,-1.,0.));
#7342=DIRECTION('',(0.5,-6.12323399573676E-17,-0.866025403784439));
#7343=DIRECTION('center_axis',(-0.5,6.12323399573676E-17,0.866025403784439));
#7344=DIRECTION('ref_axis',(-1.22464679914735E-16,-1.,0.));
#7345=DIRECTION('',(0.5,-6.12323399573676E-17,-0.866025403784439));
#7346=DIRECTION('center_axis',(0.5,-6.12323399573676E-17,-0.866025403784439));
#7347=DIRECTION('ref_axis',(-1.22464679914735E-16,-1.,0.));
#7348=DIRECTION('',(0.5,-6.12323399573676E-17,-0.866025403784439));
#7349=DIRECTION('center_axis',(-0.5,6.12323399573676E-17,0.866025403784439));
#7350=DIRECTION('ref_axis',(-1.22464679914735E-16,-1.,0.));
#7351=DIRECTION('center_axis',(0.5,-6.12323399573676E-17,-0.866025403784439));
#7352=DIRECTION('ref_axis',(-1.22464679914735E-16,-1.,0.));
#7353=DIRECTION('center_axis',(-0.5,6.12323399573676E-17,0.866025403784439));
#7354=DIRECTION('ref_axis',(-1.22464679914735E-16,-1.,0.));
#7355=DIRECTION('center_axis',(-0.5,6.12323399573676E-17,0.866025403784439));
#7356=DIRECTION('ref_axis',(-1.22464679914735E-16,-1.,0.));
#7357=DIRECTION('center_axis',(0.5,-6.12323399573676E-17,-0.866025403784439));
#7358=DIRECTION('ref_axis',(-1.22464679914735E-16,-1.,0.));
#7359=DIRECTION('',(0.5,-6.12323399573676E-17,-0.866025403784439));
#7360=DIRECTION('center_axis',(-0.5,6.12323399573676E-17,0.866025403784439));
#7361=DIRECTION('ref_axis',(-1.22464679914735E-16,-1.,0.));
#7362=DIRECTION('',(0.5,-6.12323399573676E-17,-0.866025403784439));
#7363=DIRECTION('center_axis',(0.5,-6.12323399573676E-17,-0.866025403784439));
#7364=DIRECTION('ref_axis',(-1.22464679914735E-16,-1.,0.));
#7365=DIRECTION('',(0.5,-6.12323399573676E-17,-0.866025403784439));
#7366=DIRECTION('center_axis',(-0.5,6.12323399573676E-17,0.866025403784439));
#7367=DIRECTION('ref_axis',(-1.22464679914735E-16,-1.,0.));
#7368=DIRECTION('center_axis',(0.5,-6.12323399573676E-17,-0.866025403784439));
#7369=DIRECTION('ref_axis',(-1.22464679914735E-16,-1.,0.));
#7370=DIRECTION('center_axis',(-0.5,6.12323399573676E-17,0.866025403784439));
#7371=DIRECTION('ref_axis',(-1.22464679914735E-16,-1.,0.));
#7372=DIRECTION('center_axis',(-0.5,6.12323399573676E-17,0.866025403784439));
#7373=DIRECTION('ref_axis',(-1.22464679914735E-16,-1.,0.));
#7374=DIRECTION('center_axis',(0.5,-6.12323399573676E-17,-0.866025403784439));
#7375=DIRECTION('ref_axis',(-0.284507726680906,0.944496587930215,-0.164260612585749));
#7376=DIRECTION('',(0.5,-6.12323399573676E-17,-0.866025403784439));
#7377=DIRECTION('center_axis',(-0.5,6.12323399573676E-17,0.866025403784439));
#7378=DIRECTION('ref_axis',(-1.22464679914735E-16,-1.,0.));
#7379=DIRECTION('',(0.5,-6.12323399573676E-17,-0.866025403784439));
#7380=DIRECTION('center_axis',(0.5,-6.12323399573676E-17,-0.866025403784439));
#7381=DIRECTION('ref_axis',(-1.22464679914735E-16,-1.,0.));
#7382=DIRECTION('',(0.5,-6.12323399573676E-17,-0.866025403784439));
#7383=DIRECTION('center_axis',(-0.5,6.12323399573676E-17,0.866025403784439));
#7384=DIRECTION('ref_axis',(-1.22464679914735E-16,-1.,0.));
#7385=DIRECTION('center_axis',(-0.866025403784439,1.06057523872491E-16,
-0.5));
#7386=DIRECTION('ref_axis',(1.22464679914735E-16,1.,0.));
#7387=DIRECTION('',(1.22464679914735E-16,1.,0.));
#7388=DIRECTION('center_axis',(-0.5,6.12323399573676E-17,0.866025403784439));
#7389=DIRECTION('ref_axis',(-1.22464679914735E-16,-1.,0.));
#7390=DIRECTION('center_axis',(0.5,-6.12323399573676E-17,-0.866025403784439));
#7391=DIRECTION('ref_axis',(-1.22464679914735E-16,-1.,0.));
#7392=DIRECTION('',(0.5,-6.12323399573676E-17,-0.866025403784439));
#7393=DIRECTION('center_axis',(-0.5,6.12323399573676E-17,0.866025403784439));
#7394=DIRECTION('ref_axis',(-1.22464679914735E-16,-1.,0.));
#7395=DIRECTION('',(0.5,-6.12323399573676E-17,-0.866025403784439));
#7396=DIRECTION('center_axis',(0.5,-6.12323399573676E-17,-0.866025403784439));
#7397=DIRECTION('ref_axis',(0.284507726680909,0.944496587930213,0.164260612585751));
#7398=DIRECTION('',(0.5,-6.12323399573676E-17,-0.866025403784439));
#7399=DIRECTION('center_axis',(-0.5,6.12323399573676E-17,0.866025403784439));
#7400=DIRECTION('ref_axis',(-1.22464679914735E-16,-1.,0.));
#7401=DIRECTION('center_axis',(0.866025403784439,-1.70179139371701E-16,
0.5));
#7402=DIRECTION('ref_axis',(-1.554147609204E-16,-1.,-7.11720165830988E-17));
#7403=DIRECTION('',(-1.554147609204E-16,-1.,-7.11720165830988E-17));
#7404=DIRECTION('center_axis',(-0.5,6.12323399573676E-17,0.866025403784439));
#7405=DIRECTION('ref_axis',(-1.22464679914735E-16,-1.,0.));
#7406=DIRECTION('center_axis',(0.5,-6.12323399573676E-17,-0.866025403784439));
#7407=DIRECTION('ref_axis',(-1.22464679914735E-16,-1.,0.));
#7408=DIRECTION('',(0.5,-6.12323399573676E-17,-0.866025403784439));
#7409=DIRECTION('center_axis',(-0.5,6.12323399573676E-17,0.866025403784439));
#7410=DIRECTION('ref_axis',(-1.22464679914735E-16,-1.,0.));
#7411=DIRECTION('',(0.5,-6.12323399573676E-17,-0.866025403784439));
#7412=DIRECTION('center_axis',(0.5,-6.12323399573676E-17,-0.866025403784439));
#7413=DIRECTION('ref_axis',(-1.22464679914735E-16,-1.,0.));
#7414=DIRECTION('',(0.5,-6.12323399573676E-17,-0.866025403784439));
#7415=DIRECTION('center_axis',(-0.5,6.12323399573676E-17,0.866025403784439));
#7416=DIRECTION('ref_axis',(-1.22464679914735E-16,-1.,0.));
#7417=DIRECTION('center_axis',(0.866025403784439,-1.70179139371701E-16,
0.5));
#7418=DIRECTION('ref_axis',(-1.554147609204E-16,-1.,-7.11720165830988E-17));
#7419=DIRECTION('',(-1.554147609204E-16,-1.,-7.11720165830988E-17));
#7420=DIRECTION('center_axis',(-0.5,6.12323399573676E-17,0.866025403784439));
#7421=DIRECTION('ref_axis',(-1.22464679914735E-16,-1.,0.));
#7422=DIRECTION('center_axis',(0.5,-6.12323399573676E-17,-0.866025403784439));
#7423=DIRECTION('ref_axis',(-1.22464679914735E-16,-1.,0.));
#7424=DIRECTION('',(0.5,-6.12323399573676E-17,-0.866025403784439));
#7425=DIRECTION('center_axis',(-0.5,6.12323399573676E-17,0.866025403784439));
#7426=DIRECTION('ref_axis',(-1.22464679914735E-16,-1.,0.));
#7427=DIRECTION('',(0.5,-6.12323399573676E-17,-0.866025403784439));
#7428=DIRECTION('center_axis',(0.5,-6.12323399573676E-17,-0.866025403784439));
#7429=DIRECTION('ref_axis',(-1.22464679914735E-16,-1.,0.));
#7430=DIRECTION('',(0.5,-6.12323399573676E-17,-0.866025403784439));
#7431=DIRECTION('center_axis',(-0.5,6.12323399573676E-17,0.866025403784439));
#7432=DIRECTION('ref_axis',(-1.22464679914735E-16,-1.,0.));
#7433=DIRECTION('center_axis',(1.22464679914735E-16,1.,0.));
#7434=DIRECTION('ref_axis',(0.866025403784439,-1.06057523872491E-16,0.5));
#7435=DIRECTION('',(0.866025403784439,-1.06057523872491E-16,0.5));
#7436=DIRECTION('center_axis',(-0.5,6.12323399573676E-17,0.866025403784439));
#7437=DIRECTION('ref_axis',(-1.22464679914735E-16,-1.,0.));
#7438=DIRECTION('center_axis',(0.5,-6.12323399573676E-17,-0.866025403784439));
#7439=DIRECTION('ref_axis',(-1.22464679914735E-16,-1.,0.));
#7440=DIRECTION('',(0.5,-6.12323399573676E-17,-0.866025403784439));
#7441=DIRECTION('center_axis',(-0.5,6.12323399573676E-17,0.866025403784439));
#7442=DIRECTION('ref_axis',(-1.22464679914735E-16,-1.,0.));
#7443=DIRECTION('',(0.5,-6.12323399573676E-17,-0.866025403784439));
#7444=DIRECTION('center_axis',(0.5,-6.12323399573676E-17,-0.866025403784439));
#7445=DIRECTION('ref_axis',(-1.22464679914735E-16,-1.,0.));
#7446=DIRECTION('',(0.5,-6.12323399573676E-17,-0.866025403784439));
#7447=DIRECTION('center_axis',(-0.5,6.12323399573676E-17,0.866025403784439));
#7448=DIRECTION('ref_axis',(-1.22464679914735E-16,-1.,0.));
#7449=DIRECTION('center_axis',(0.5,-6.12323399573676E-17,-0.866025403784439));
#7450=DIRECTION('ref_axis',(-1.22464679914735E-16,-1.,0.));
#7451=DIRECTION('center_axis',(-0.5,6.12323399573676E-17,0.866025403784439));
#7452=DIRECTION('ref_axis',(-1.22464679914735E-16,-1.,0.));
#7453=DIRECTION('center_axis',(-0.5,6.12323399573676E-17,0.866025403784439));
#7454=DIRECTION('ref_axis',(-1.22464679914735E-16,-1.,0.));
#7455=DIRECTION('center_axis',(0.5,-6.12323399573676E-17,-0.866025403784439));
#7456=DIRECTION('ref_axis',(-1.22464679914735E-16,-1.,0.));
#7457=DIRECTION('',(0.5,-6.12323399573676E-17,-0.866025403784439));
#7458=DIRECTION('center_axis',(-0.5,6.12323399573676E-17,0.866025403784439));
#7459=DIRECTION('ref_axis',(-1.22464679914735E-16,-1.,0.));
#7460=DIRECTION('',(0.5,-6.12323399573676E-17,-0.866025403784439));
#7461=DIRECTION('center_axis',(0.5,-6.12323399573676E-17,-0.866025403784439));
#7462=DIRECTION('ref_axis',(-1.22464679914735E-16,-1.,0.));
#7463=DIRECTION('',(0.5,-6.12323399573676E-17,-0.866025403784439));
#7464=DIRECTION('center_axis',(-0.5,6.12323399573676E-17,0.866025403784439));
#7465=DIRECTION('ref_axis',(-1.22464679914735E-16,-1.,0.));
#7466=DIRECTION('center_axis',(0.866025403784439,-1.70179139371701E-16,
0.5));
#7467=DIRECTION('ref_axis',(-1.554147609204E-16,-1.,-7.11720165830988E-17));
#7468=DIRECTION('',(-1.554147609204E-16,-1.,-7.11720165830988E-17));
#7469=DIRECTION('center_axis',(-0.5,6.12323399573676E-17,0.866025403784439));
#7470=DIRECTION('ref_axis',(-1.22464679914735E-16,-1.,0.));
#7471=DIRECTION('center_axis',(0.5,-6.12323399573676E-17,-0.866025403784439));
#7472=DIRECTION('ref_axis',(-1.22464679914735E-16,-1.,0.));
#7473=DIRECTION('',(0.5,-6.12323399573676E-17,-0.866025403784439));
#7474=DIRECTION('center_axis',(-0.5,6.12323399573676E-17,0.866025403784439));
#7475=DIRECTION('ref_axis',(-1.22464679914735E-16,-1.,0.));
#7476=DIRECTION('',(0.5,-6.12323399573676E-17,-0.866025403784439));
#7477=DIRECTION('center_axis',(0.5,-6.12323399573676E-17,-0.866025403784439));
#7478=DIRECTION('ref_axis',(0.284507726680913,0.944496587930212,0.164260612585753));
#7479=DIRECTION('',(0.5,-6.12323399573676E-17,-0.866025403784439));
#7480=DIRECTION('center_axis',(-0.5,6.12323399573676E-17,0.866025403784439));
#7481=DIRECTION('ref_axis',(-1.22464679914735E-16,-1.,0.));
#7482=DIRECTION('center_axis',(0.866025403784439,-1.70179139371701E-16,
0.5));
#7483=DIRECTION('ref_axis',(-1.554147609204E-16,-1.,-7.11720165830988E-17));
#7484=DIRECTION('',(-1.554147609204E-16,-1.,-7.11720165830988E-17));
#7485=DIRECTION('center_axis',(-0.5,6.12323399573676E-17,0.866025403784439));
#7486=DIRECTION('ref_axis',(-1.22464679914735E-16,-1.,0.));
#7487=DIRECTION('center_axis',(0.5,-6.12323399573676E-17,-0.866025403784439));
#7488=DIRECTION('ref_axis',(-1.22464679914735E-16,-1.,0.));
#7489=DIRECTION('',(0.5,-6.12323399573676E-17,-0.866025403784439));
#7490=DIRECTION('center_axis',(-0.5,6.12323399573676E-17,0.866025403784439));
#7491=DIRECTION('ref_axis',(-1.22464679914735E-16,-1.,0.));
#7492=DIRECTION('',(0.5,-6.12323399573676E-17,-0.866025403784439));
#7493=DIRECTION('center_axis',(0.5,-6.12323399573676E-17,-0.866025403784439));
#7494=DIRECTION('ref_axis',(-1.22464679914735E-16,-1.,0.));
#7495=DIRECTION('',(0.5,-6.12323399573676E-17,-0.866025403784439));
#7496=DIRECTION('center_axis',(-0.5,6.12323399573676E-17,0.866025403784439));
#7497=DIRECTION('ref_axis',(-1.22464679914735E-16,-1.,0.));
#7498=DIRECTION('center_axis',(0.5,-6.12323399573676E-17,-0.866025403784439));
#7499=DIRECTION('ref_axis',(-1.22464679914735E-16,-1.,0.));
#7500=DIRECTION('center_axis',(-0.5,6.12323399573676E-17,0.866025403784439));
#7501=DIRECTION('ref_axis',(-1.22464679914735E-16,-1.,0.));
#7502=DIRECTION('center_axis',(-0.5,6.12323399573676E-17,0.866025403784439));
#7503=DIRECTION('ref_axis',(-1.22464679914735E-16,-1.,0.));
#7504=DIRECTION('center_axis',(0.5,-6.12323399573676E-17,-0.866025403784439));
#7505=DIRECTION('ref_axis',(-1.22464679914735E-16,-1.,0.));
#7506=DIRECTION('',(0.5,-6.12323399573676E-17,-0.866025403784439));
#7507=DIRECTION('center_axis',(-0.5,6.12323399573676E-17,0.866025403784439));
#7508=DIRECTION('ref_axis',(-1.22464679914735E-16,-1.,0.));
#7509=DIRECTION('',(0.5,-6.12323399573676E-17,-0.866025403784439));
#7510=DIRECTION('center_axis',(0.5,-6.12323399573676E-17,-0.866025403784439));
#7511=DIRECTION('ref_axis',(-1.22464679914735E-16,-1.,0.));
#7512=DIRECTION('',(0.5,-6.12323399573676E-17,-0.866025403784439));
#7513=DIRECTION('center_axis',(-0.5,6.12323399573676E-17,0.866025403784439));
#7514=DIRECTION('ref_axis',(-1.22464679914735E-16,-1.,0.));
#7515=DIRECTION('center_axis',(-0.866025403784439,1.06057523872491E-16,
-0.5));
#7516=DIRECTION('ref_axis',(1.22464679914735E-16,1.,0.));
#7517=DIRECTION('',(1.22464679914735E-16,1.,0.));
#7518=DIRECTION('center_axis',(-0.5,6.12323399573676E-17,0.866025403784439));
#7519=DIRECTION('ref_axis',(-1.22464679914735E-16,-1.,0.));
#7520=DIRECTION('center_axis',(0.5,-6.12323399573676E-17,-0.866025403784439));
#7521=DIRECTION('ref_axis',(-1.22464679914735E-16,-1.,0.));
#7522=DIRECTION('',(0.5,-6.12323399573676E-17,-0.866025403784439));
#7523=DIRECTION('center_axis',(-0.5,6.12323399573676E-17,0.866025403784439));
#7524=DIRECTION('ref_axis',(-1.22464679914735E-16,-1.,0.));
#7525=DIRECTION('',(0.5,-6.12323399573676E-17,-0.866025403784439));
#7526=DIRECTION('center_axis',(0.5,-6.12323399573676E-17,-0.866025403784439));
#7527=DIRECTION('ref_axis',(-1.22464679914735E-16,-1.,0.));
#7528=DIRECTION('',(0.5,-6.12323399573676E-17,-0.866025403784439));
#7529=DIRECTION('center_axis',(-0.5,6.12323399573676E-17,0.866025403784439));
#7530=DIRECTION('ref_axis',(-1.22464679914735E-16,-1.,0.));
#7531=DIRECTION('center_axis',(1.22464679914735E-16,1.,0.));
#7532=DIRECTION('ref_axis',(0.866025403784439,-1.06057523872491E-16,0.5));
#7533=DIRECTION('',(0.866025403784439,-1.06057523872491E-16,0.5));
#7534=DIRECTION('center_axis',(-0.5,6.12323399573676E-17,0.866025403784439));
#7535=DIRECTION('ref_axis',(-1.22464679914735E-16,-1.,0.));
#7536=DIRECTION('center_axis',(-0.5,6.12323399573677E-17,0.866025403784439));
#7537=DIRECTION('ref_axis',(-0.866025403784439,1.06057523872491E-16,-0.5));
#7538=DIRECTION('center_axis',(0.5,-6.12323399573677E-17,-0.866025403784439));
#7539=DIRECTION('ref_axis',(-0.866025403784439,1.06057523872491E-16,-0.5));
#7540=DIRECTION('',(-0.484809620246337,1.64344774076914E-16,-0.874619707139396));
#7541=DIRECTION('center_axis',(0.5,-6.12323399573677E-17,-0.866025403784439));
#7542=DIRECTION('ref_axis',(-0.866025403784439,1.06057523872491E-16,-0.5));
#7543=DIRECTION('center_axis',(-0.5,6.12323399573677E-17,0.866025403784439));
#7544=DIRECTION('ref_axis',(-0.866025403784439,1.06057523872491E-16,-0.5));
#7545=DIRECTION('',(0.5,-6.12323399573677E-17,-0.866025403784439));
#7546=DIRECTION('center_axis',(-0.5,6.12323399573677E-17,0.866025403784439));
#7547=DIRECTION('ref_axis',(-0.866025403784439,1.06057523872491E-16,-0.5));
#7548=DIRECTION('center_axis',(0.5,-6.12323399573677E-17,-0.866025403784439));
#7549=DIRECTION('ref_axis',(-0.866025403784439,1.06057523872491E-16,-0.5));
#7550=DIRECTION('',(-0.484809620246337,1.64344774076914E-16,-0.874619707139396));
#7551=DIRECTION('center_axis',(0.5,-6.12323399573677E-17,-0.866025403784439));
#7552=DIRECTION('ref_axis',(-0.866025403784439,1.06057523872491E-16,-0.5));
#7553=DIRECTION('center_axis',(-0.5,6.12323399573677E-17,0.866025403784439));
#7554=DIRECTION('ref_axis',(-0.866025403784439,1.06057523872491E-16,-0.5));
#7555=DIRECTION('',(0.5,-6.12323399573677E-17,-0.866025403784439));
#7556=DIRECTION('center_axis',(-0.5,6.12323399573677E-17,0.866025403784439));
#7557=DIRECTION('ref_axis',(-0.866025403784439,1.06057523872491E-16,-0.5));
#7558=DIRECTION('center_axis',(0.5,-6.12323399573677E-17,-0.866025403784439));
#7559=DIRECTION('ref_axis',(-0.866025403784439,1.06057523872491E-16,-0.5));
#7560=DIRECTION('',(-0.484809620246337,1.64344774076914E-16,-0.874619707139396));
#7561=DIRECTION('center_axis',(0.5,-6.12323399573677E-17,-0.866025403784439));
#7562=DIRECTION('ref_axis',(-0.866025403784439,1.06057523872491E-16,-0.5));
#7563=DIRECTION('center_axis',(-0.5,6.12323399573677E-17,0.866025403784439));
#7564=DIRECTION('ref_axis',(-0.866025403784439,1.06057523872491E-16,-0.5));
#7565=DIRECTION('',(0.5,-6.12323399573677E-17,-0.866025403784439));
#7566=DIRECTION('center_axis',(-0.5,6.12323399573677E-17,0.866025403784439));
#7567=DIRECTION('ref_axis',(-0.866025403784439,1.06057523872491E-16,-0.5));
#7568=DIRECTION('center_axis',(0.5,-6.12323399573677E-17,-0.866025403784439));
#7569=DIRECTION('ref_axis',(-0.866025403784439,1.06057523872491E-16,-0.5));
#7570=DIRECTION('',(-0.484809620246337,1.64344774076914E-16,-0.874619707139396));
#7571=DIRECTION('center_axis',(0.5,-6.12323399573677E-17,-0.866025403784439));
#7572=DIRECTION('ref_axis',(-0.866025403784439,1.06057523872491E-16,-0.5));
#7573=DIRECTION('center_axis',(-0.5,6.12323399573677E-17,0.866025403784439));
#7574=DIRECTION('ref_axis',(-0.866025403784439,1.06057523872491E-16,-0.5));
#7575=DIRECTION('',(0.5,-6.12323399573677E-17,-0.866025403784439));
#7576=DIRECTION('center_axis',(-0.5,6.12323399573677E-17,0.866025403784439));
#7577=DIRECTION('ref_axis',(-0.866025403784439,1.06057523872491E-16,-0.5));
#7578=DIRECTION('center_axis',(0.5,-6.12323399573677E-17,-0.866025403784439));
#7579=DIRECTION('ref_axis',(-0.866025403784439,1.06057523872491E-16,-0.5));
#7580=DIRECTION('',(-0.484809620246337,1.64344774076914E-16,-0.874619707139396));
#7581=DIRECTION('center_axis',(0.5,-6.12323399573677E-17,-0.866025403784439));
#7582=DIRECTION('ref_axis',(-0.866025403784439,1.06057523872491E-16,-0.5));
#7583=DIRECTION('center_axis',(-0.5,6.12323399573677E-17,0.866025403784439));
#7584=DIRECTION('ref_axis',(-0.866025403784439,1.06057523872491E-16,-0.5));
#7585=DIRECTION('',(0.5,-6.12323399573677E-17,-0.866025403784439));
#7586=DIRECTION('center_axis',(-0.5,6.12323399573677E-17,0.866025403784439));
#7587=DIRECTION('ref_axis',(-0.866025403784439,1.06057523872491E-16,-0.5));
#7588=DIRECTION('center_axis',(0.5,-6.12323399573677E-17,-0.866025403784439));
#7589=DIRECTION('ref_axis',(-0.866025403784439,1.06057523872491E-16,-0.5));
#7590=DIRECTION('',(-0.484809620246337,1.64344774076914E-16,-0.874619707139396));
#7591=DIRECTION('center_axis',(0.5,-6.12323399573677E-17,-0.866025403784439));
#7592=DIRECTION('ref_axis',(-0.866025403784439,1.06057523872491E-16,-0.5));
#7593=DIRECTION('center_axis',(-0.5,6.12323399573677E-17,0.866025403784439));
#7594=DIRECTION('ref_axis',(-0.866025403784439,1.06057523872491E-16,-0.5));
#7595=DIRECTION('',(0.5,-6.12323399573677E-17,-0.866025403784439));
#7596=DIRECTION('center_axis',(-0.5,6.12323399573677E-17,0.866025403784439));
#7597=DIRECTION('ref_axis',(-0.866025403784439,1.06057523872491E-16,-0.5));
#7598=DIRECTION('center_axis',(0.5,-6.12323399573677E-17,-0.866025403784439));
#7599=DIRECTION('ref_axis',(-0.866025403784439,1.06057523872491E-16,-0.5));
#7600=DIRECTION('',(-0.484809620246337,1.64344774076914E-16,-0.874619707139396));
#7601=DIRECTION('center_axis',(0.5,-6.12323399573677E-17,-0.866025403784439));
#7602=DIRECTION('ref_axis',(-0.866025403784439,1.06057523872491E-16,-0.5));
#7603=DIRECTION('center_axis',(-0.5,6.12323399573677E-17,0.866025403784439));
#7604=DIRECTION('ref_axis',(-0.866025403784439,1.06057523872491E-16,-0.5));
#7605=DIRECTION('',(0.5,-6.12323399573677E-17,-0.866025403784439));
#7606=DIRECTION('center_axis',(-0.5,6.12323399573677E-17,0.866025403784439));
#7607=DIRECTION('ref_axis',(-0.866025403784439,1.06057523872491E-16,-0.5));
#7608=DIRECTION('center_axis',(0.5,-6.12323399573677E-17,-0.866025403784439));
#7609=DIRECTION('ref_axis',(-0.866025403784439,1.06057523872491E-16,-0.5));
#7610=DIRECTION('',(-0.484809620246337,1.64344774076914E-16,-0.874619707139396));
#7611=DIRECTION('center_axis',(0.5,-6.12323399573677E-17,-0.866025403784439));
#7612=DIRECTION('ref_axis',(-0.866025403784439,1.06057523872491E-16,-0.5));
#7613=DIRECTION('center_axis',(-0.5,6.12323399573677E-17,0.866025403784439));
#7614=DIRECTION('ref_axis',(-0.866025403784439,1.06057523872491E-16,-0.5));
#7615=DIRECTION('',(0.5,-6.12323399573677E-17,-0.866025403784439));
#7616=DIRECTION('center_axis',(-0.5,6.12323399573677E-17,0.866025403784439));
#7617=DIRECTION('ref_axis',(-0.866025403784439,1.06057523872491E-16,-0.5));
#7618=DIRECTION('center_axis',(0.5,-6.12323399573677E-17,-0.866025403784439));
#7619=DIRECTION('ref_axis',(-0.866025403784439,1.06057523872491E-16,-0.5));
#7620=DIRECTION('',(-0.484809620246337,1.64344774076914E-16,-0.874619707139396));
#7621=DIRECTION('center_axis',(0.5,-6.12323399573677E-17,-0.866025403784439));
#7622=DIRECTION('ref_axis',(-0.866025403784439,1.06057523872491E-16,-0.5));
#7623=DIRECTION('center_axis',(-0.5,6.12323399573677E-17,0.866025403784439));
#7624=DIRECTION('ref_axis',(-0.866025403784439,1.06057523872491E-16,-0.5));
#7625=DIRECTION('',(0.5,-6.12323399573677E-17,-0.866025403784439));
#7626=DIRECTION('center_axis',(-0.5,6.12323399573677E-17,0.866025403784439));
#7627=DIRECTION('ref_axis',(-0.866025403784439,1.06057523872491E-16,-0.5));
#7628=DIRECTION('center_axis',(0.5,-6.12323399573677E-17,-0.866025403784439));
#7629=DIRECTION('ref_axis',(-0.866025403784439,1.06057523872491E-16,-0.5));
#7630=DIRECTION('',(-0.484809620246337,1.64344774076914E-16,-0.874619707139396));
#7631=DIRECTION('center_axis',(0.5,-6.12323399573677E-17,-0.866025403784439));
#7632=DIRECTION('ref_axis',(-0.866025403784439,1.06057523872491E-16,-0.5));
#7633=DIRECTION('center_axis',(-0.5,6.12323399573677E-17,0.866025403784439));
#7634=DIRECTION('ref_axis',(-0.866025403784439,1.06057523872491E-16,-0.5));
#7635=DIRECTION('',(0.5,-6.12323399573677E-17,-0.866025403784439));
#7636=DIRECTION('center_axis',(-0.5,6.12323399573677E-17,0.866025403784439));
#7637=DIRECTION('ref_axis',(-0.866025403784439,1.06057523872491E-16,-0.5));
#7638=DIRECTION('',(-0.258819045102521,1.18291797137867E-16,-0.965925826289068));
#7639=DIRECTION('center_axis',(-0.5,6.12323399573677E-17,0.866025403784439));
#7640=DIRECTION('ref_axis',(-0.866025403784439,1.06057523872491E-16,-0.5));
#7641=DIRECTION('',(-0.258819045102521,1.18291797137867E-16,-0.965925826289068));
#7642=DIRECTION('center_axis',(-0.5,6.12323399573677E-17,0.866025403784439));
#7643=DIRECTION('ref_axis',(-0.866025403784439,1.06057523872491E-16,-0.5));
#7644=DIRECTION('',(-0.258819045102521,1.18291797137867E-16,-0.965925826289068));
#7645=DIRECTION('center_axis',(-0.5,6.12323399573677E-17,0.866025403784439));
#7646=DIRECTION('ref_axis',(-0.866025403784439,1.06057523872491E-16,-0.5));
#7647=DIRECTION('',(-0.258819045102521,1.18291797137867E-16,-0.965925826289068));
#7648=DIRECTION('center_axis',(-0.5,6.12323399573677E-17,0.866025403784439));
#7649=DIRECTION('ref_axis',(-0.866025403784439,1.06057523872491E-16,-0.5));
#7650=DIRECTION('',(-0.258819045102521,1.18291797137867E-16,-0.965925826289068));
#7651=DIRECTION('center_axis',(-0.5,6.12323399573677E-17,0.866025403784439));
#7652=DIRECTION('ref_axis',(-0.866025403784439,1.06057523872491E-16,-0.5));
#7653=DIRECTION('',(-0.258819045102521,1.18291797137867E-16,-0.965925826289068));
#7654=DIRECTION('center_axis',(-0.5,6.12323399573677E-17,0.866025403784439));
#7655=DIRECTION('ref_axis',(-0.866025403784439,1.06057523872491E-16,-0.5));
#7656=DIRECTION('',(-0.258819045102521,1.18291797137867E-16,-0.965925826289068));
#7657=DIRECTION('center_axis',(-0.5,6.12323399573677E-17,0.866025403784439));
#7658=DIRECTION('ref_axis',(-0.866025403784439,1.06057523872491E-16,-0.5));
#7659=DIRECTION('',(-0.258819045102521,1.18291797137867E-16,-0.965925826289068));
#7660=DIRECTION('center_axis',(-0.5,6.12323399573677E-17,0.866025403784439));
#7661=DIRECTION('ref_axis',(-0.866025403784439,1.06057523872491E-16,-0.5));
#7662=DIRECTION('',(-0.258819045102521,1.18291797137867E-16,-0.965925826289068));
#7663=DIRECTION('center_axis',(-0.5,6.12323399573677E-17,0.866025403784439));
#7664=DIRECTION('ref_axis',(-0.866025403784439,1.06057523872491E-16,-0.5));
#7665=DIRECTION('',(-0.258819045102521,1.18291797137867E-16,-0.965925826289068));
#7666=DIRECTION('center_axis',(0.5,-6.12323399573677E-17,-0.866025403784439));
#7667=DIRECTION('ref_axis',(-0.866025403784439,1.06057523872491E-16,-0.5));
#7668=DIRECTION('',(0.5,-6.12323399573676E-17,-0.866025403784439));
#7669=DIRECTION('center_axis',(0.5,-6.12323399573677E-17,-0.866025403784439));
#7670=DIRECTION('ref_axis',(-0.866025403784439,1.06057523872491E-16,-0.5));
#7671=DIRECTION('',(0.5,-6.12323399573676E-17,-0.866025403784439));
#7672=DIRECTION('center_axis',(0.5,-6.12323399573677E-17,-0.866025403784439));
#7673=DIRECTION('ref_axis',(-0.866025403784439,1.06057523872491E-16,-0.5));
#7674=DIRECTION('',(0.5,-6.12323399573676E-17,-0.866025403784439));
#7675=DIRECTION('center_axis',(0.5,-6.12323399573677E-17,-0.866025403784439));
#7676=DIRECTION('ref_axis',(-0.866025403784439,1.06057523872491E-16,-0.5));
#7677=DIRECTION('',(0.5,-6.12323399573676E-17,-0.866025403784439));
#7678=DIRECTION('center_axis',(-1.22464679914735E-16,-1.,0.));
#7679=DIRECTION('ref_axis',(-1.,1.22464679914735E-16,0.));
#7680=DIRECTION('center_axis',(1.22464679914735E-16,1.,0.));
#7681=DIRECTION('ref_axis',(-1.,1.22464679914735E-16,0.));
#7682=DIRECTION('center_axis',(-1.22464679914735E-16,-1.,0.));
#7683=DIRECTION('ref_axis',(-1.,1.22464679914735E-16,0.));
#7684=CARTESIAN_POINT('',(0.,0.,0.));
#7685=CARTESIAN_POINT('Origin',(-2.31866463951498,-4.,2.39104496135332));
#7686=CARTESIAN_POINT('',(-2.70364564057486,-4.25,3.05785161513775));
#7687=CARTESIAN_POINT('',(-2.92015199152097,-4.,2.93285161513775));
#7688=CARTESIAN_POINT('Origin',(-2.70364564057486,-4.,3.05785161513775));
#7689=CARTESIAN_POINT('',(-2.15849364905389,-4.,1.61362066797609));
#7690=CARTESIAN_POINT('',(-2.53517099046109,-4.,2.26604496135332));
#7691=CARTESIAN_POINT('',(-1.94198729810778,-4.25,1.73862066797609));
#7692=CARTESIAN_POINT('Origin',(-1.94198729810778,-4.,1.73862066797609));
#7693=CARTESIAN_POINT('',(-2.31866463951498,-4.25,2.39104496135332));
#7694=CARTESIAN_POINT('Origin',(-2.375,-4.,1.48862066797609));
#7695=CARTESIAN_POINT('',(-2.125,-4.,1.48862066797609));
#7696=CARTESIAN_POINT('',(-1.875,-4.25,1.48862066797609));
#7697=CARTESIAN_POINT('Origin',(-1.875,-4.,1.48862066797609));
#7698=CARTESIAN_POINT('Origin',(-2.375,-4.25,1.48862066797609));
#7699=CARTESIAN_POINT('Origin',(-2.375,-4.,1.48862066797609));
#7700=CARTESIAN_POINT('Origin',(-1.875,-4.,1.77664188682637));
#7701=CARTESIAN_POINT('',(-2.125,-4.,0.));
#7702=CARTESIAN_POINT('',(-1.875,-4.25,0.));
#7703=CARTESIAN_POINT('Origin',(-1.875,-4.,0.));
#7704=CARTESIAN_POINT('',(-1.875,-4.25,1.77664188682637));
#7705=CARTESIAN_POINT('',(-2.125,-4.,1.77664188682637));
#7706=CARTESIAN_POINT('Origin',(-2.125,2.60237444818813E-16,1.55560796608387));
#7707=CARTESIAN_POINT('',(-2.125,4.,1.48862066797609));
#7708=CARTESIAN_POINT('',(-2.125,2.60237444818813E-16,1.48862066797609));
#7709=CARTESIAN_POINT('',(-2.125,4.,0.));
#7710=CARTESIAN_POINT('',(-2.125,4.,1.77664188682637));
#7711=CARTESIAN_POINT('',(-2.125,2.60237444818812E-16,0.));
#7712=CARTESIAN_POINT('Origin',(-2.375,2.90853614797496E-16,1.48862066797609));
#7713=CARTESIAN_POINT('',(-2.15849364905389,4.,1.61362066797609));
#7714=CARTESIAN_POINT('',(-2.15849364905389,2.64339233829374E-16,1.61362066797609));
#7715=CARTESIAN_POINT('Origin',(-2.375,4.,1.48862066797609));
#7716=CARTESIAN_POINT('Origin',(-2.92015199152097,3.57615478943992E-16,
2.93285161513775));
#7717=CARTESIAN_POINT('',(-2.92015199152097,4.,2.93285161513775));
#7718=CARTESIAN_POINT('',(-2.92015199152097,3.57615478943992E-16,2.93285161513775));
#7719=CARTESIAN_POINT('',(-2.53517099046109,4.,2.26604496135332));
#7720=CARTESIAN_POINT('Origin',(-1.07984800847903,1.32243240714949E-16,
3.99535161513775));
#7721=CARTESIAN_POINT('',(-1.29635435942514,-4.25,3.87035161513775));
#7722=CARTESIAN_POINT('',(-2.92015199152097,-4.25,2.93285161513775));
#7723=CARTESIAN_POINT('',(-1.07984800847903,-4.,3.99535161513775));
#7724=CARTESIAN_POINT('Origin',(-1.29635435942514,-4.,3.87035161513775));
#7725=CARTESIAN_POINT('',(-1.07984800847903,4.,3.99535161513775));
#7726=CARTESIAN_POINT('',(-1.07984800847903,1.32243240714949E-16,3.99535161513775));
#7727=CARTESIAN_POINT('',(-1.29635435942514,4.25,3.87035161513775));
#7728=CARTESIAN_POINT('Origin',(-1.29635435942514,4.,3.87035161513775));
#7729=CARTESIAN_POINT('',(-2.70364564057486,4.25,3.05785161513775));
#7730=CARTESIAN_POINT('',(-2.92015199152097,4.25,2.93285161513775));
#7731=CARTESIAN_POINT('Origin',(-2.70364564057486,4.,3.05785161513775));
#7732=CARTESIAN_POINT('',(-1.24222777168862,-2.5625,3.90160161513776));
#7733=CARTESIAN_POINT('Origin',(-2.,-2.5625,3.46410161513775));
#7734=CARTESIAN_POINT('',(-1.24222777168862,1.1875,3.90160161513776));
#7735=CARTESIAN_POINT('Origin',(-2.,1.1875,3.46410161513775));
#7736=CARTESIAN_POINT('',(-1.24222777168862,3.0625,3.90160161513776));
#7737=CARTESIAN_POINT('Origin',(-2.,3.0625,3.46410161513775));
#7738=CARTESIAN_POINT('',(-1.24222777168862,-0.6875,3.90160161513776));
#7739=CARTESIAN_POINT('Origin',(-2.,-0.6875,3.46410161513775));
#7740=CARTESIAN_POINT('',(-2.54126587736527,4.,3.15160161513775));
#7741=CARTESIAN_POINT('Origin',(-2.64951905283833,4.,3.08910161513775));
#7742=CARTESIAN_POINT('',(-2.54126587736527,0.25,3.15160161513775));
#7743=CARTESIAN_POINT('Origin',(-2.64951905283833,0.25,3.08910161513775));
#7744=CARTESIAN_POINT('',(-2.54126587736527,-3.5,3.15160161513775));
#7745=CARTESIAN_POINT('Origin',(-2.64951905283833,-3.5,3.08910161513775));
#7746=CARTESIAN_POINT('',(-1.24222777168862,-1.625,3.90160161513775));
#7747=CARTESIAN_POINT('Origin',(-1.35048094716167,-1.625,3.83910161513775));
#7748=CARTESIAN_POINT('',(-1.24222777168862,2.125,3.90160161513775));
#7749=CARTESIAN_POINT('Origin',(-1.35048094716167,2.125,3.83910161513775));
#7750=CARTESIAN_POINT('',(-1.24222777168862,4.,3.90160161513775));
#7751=CARTESIAN_POINT('Origin',(-1.35048094716167,4.,3.83910161513775));
#7752=CARTESIAN_POINT('',(-1.24222777168862,0.25,3.90160161513775));
#7753=CARTESIAN_POINT('Origin',(-1.35048094716167,0.25,3.83910161513775));
#7754=CARTESIAN_POINT('',(-1.24222777168862,-3.5,3.90160161513775));
#7755=CARTESIAN_POINT('Origin',(-1.35048094716167,-3.5,3.83910161513775));
#7756=CARTESIAN_POINT('',(-2.54126587736527,-1.625,3.15160161513775));
#7757=CARTESIAN_POINT('Origin',(-2.64951905283833,-1.625,3.08910161513775));
#7758=CARTESIAN_POINT('',(-2.54126587736527,2.125,3.15160161513775));
#7759=CARTESIAN_POINT('Origin',(-2.64951905283833,2.125,3.08910161513775));
#7760=CARTESIAN_POINT('',(-2.50714981640446,3.9098284005004,3.17129853211717));
#7761=CARTESIAN_POINT('',(-2.50706840348916,4.09,3.17134553588573));
#7762=CARTESIAN_POINT('Origin',(-2.64951905283833,4.,3.08910161513775));
#7763=CARTESIAN_POINT('',(-2.06211129124403,4.09,3.4282416444183));
#7764=CARTESIAN_POINT('',(-1.7934582059841,4.09,3.58334857551174));
#7765=CARTESIAN_POINT('Origin',(-2.,3.0625,3.46410161513775));
#7766=CARTESIAN_POINT('',(-2.60458459657597,1.94482200600367,3.11504453555671));
#7767=CARTESIAN_POINT('',(-2.78158792691546,1.68388065030781,3.01285161513775));
#7768=CARTESIAN_POINT('Origin',(-2.,1.1875,3.46410161513775));
#7769=CARTESIAN_POINT('',(-2.78158792691546,2.01591287885364,3.01285161513775));
#7770=CARTESIAN_POINT('',(-2.78158792691546,0.841940325153903,3.01285161513775));
#7771=CARTESIAN_POINT('Origin',(-2.64951905283833,2.125,3.08910161513775));
#7772=CARTESIAN_POINT('',(-2.50714981640446,-1.5348284005004,3.17129853211717));
#7773=CARTESIAN_POINT('',(-2.36945272024983,-1.625,3.25079798764868));
#7774=CARTESIAN_POINT('Origin',(-2.,-0.6875,3.46410161513775));
#7775=CARTESIAN_POINT('',(-2.50714981640446,-1.7151715994996,3.17129853211717));
#7776=CARTESIAN_POINT('Origin',(-2.,-2.5625,3.46410161513775));
#7777=CARTESIAN_POINT('Origin',(-2.64951905283833,-1.625,3.08910161513775));
#7778=CARTESIAN_POINT('',(-1.39541540342402,-3.31982200600367,3.8131586947188));
#7779=CARTESIAN_POINT('',(-1.21841207308454,-3.05888065030781,3.91535161513775));
#7780=CARTESIAN_POINT('Origin',(-2.,-2.5625,3.46410161513775));
#7781=CARTESIAN_POINT('',(-1.21841207308454,-3.39091287885364,3.91535161513775));
#7782=CARTESIAN_POINT('',(-1.21841207308454,-1.5294403251539,3.91535161513775));
#7783=CARTESIAN_POINT('Origin',(-1.35048094716167,-3.5,3.83910161513775));
#7784=CARTESIAN_POINT('',(-1.39541540342402,0.0698220060036682,3.8131586947188));
#7785=CARTESIAN_POINT('',(-1.21841207308454,0.140912878853643,3.91535161513775));
#7786=CARTESIAN_POINT('Origin',(-1.35048094716167,0.25,3.83910161513775));
#7787=CARTESIAN_POINT('',(-1.21841207308454,-0.191119349692193,3.91535161513775));
#7788=CARTESIAN_POINT('',(-1.21841207308454,0.0704564394268216,3.91535161513775));
#7789=CARTESIAN_POINT('Origin',(-2.,-0.6875,3.46410161513775));
#7790=CARTESIAN_POINT('',(-1.49285018359554,2.0348284005004,3.75690469815834));
#7791=CARTESIAN_POINT('',(-1.63054727975017,2.125,3.67740524262683));
#7792=CARTESIAN_POINT('Origin',(-2.,1.1875,3.46410161513775));
#7793=CARTESIAN_POINT('',(-1.49285018359554,2.2151715994996,3.75690469815834));
#7794=CARTESIAN_POINT('Origin',(-2.,3.0625,3.46410161513775));
#7795=CARTESIAN_POINT('Origin',(-1.35048094716167,2.125,3.83910161513775));
#7796=CARTESIAN_POINT('',(-1.49285018359554,3.9098284005004,3.75690469815834));
#7797=CARTESIAN_POINT('',(-1.93788870875597,4.09,3.49996158585721));
#7798=CARTESIAN_POINT('Origin',(-2.,3.0625,3.46410161513775));
#7799=CARTESIAN_POINT('',(-1.49293159651084,4.09,3.75685769438978));
#7800=CARTESIAN_POINT('',(-1.5088683586175,4.09,3.74765660049748));
#7801=CARTESIAN_POINT('Origin',(-1.35048094716167,4.,3.83910161513775));
#7802=CARTESIAN_POINT('',(-1.39541540342402,1.94482200600367,3.8131586947188));
#7803=CARTESIAN_POINT('',(-1.21841207308454,2.01591287885364,3.91535161513775));
#7804=CARTESIAN_POINT('Origin',(-1.35048094716167,2.125,3.83910161513775));
#7805=CARTESIAN_POINT('',(-1.21841207308454,1.68388065030781,3.91535161513775));
#7806=CARTESIAN_POINT('',(-1.21841207308454,1.00795643942682,3.91535161513775));
#7807=CARTESIAN_POINT('Origin',(-2.,1.1875,3.46410161513775));
#7808=CARTESIAN_POINT('',(-1.39541540342403,-1.44482200600367,3.81315869471879));
#7809=CARTESIAN_POINT('',(-1.21841207308454,-1.18388065030781,3.91535161513775));
#7810=CARTESIAN_POINT('Origin',(-2.,-0.6875,3.46410161513775));
#7811=CARTESIAN_POINT('',(-1.21841207308454,-1.51591287885364,3.91535161513775));
#7812=CARTESIAN_POINT('',(-1.21841207308454,-0.591940325153903,3.91535161513775));
#7813=CARTESIAN_POINT('Origin',(-1.35048094716167,-1.625,3.83910161513775));
#7814=CARTESIAN_POINT('',(-2.60458459657598,-3.31982200600367,3.11504453555671));
#7815=CARTESIAN_POINT('',(-2.78158792691546,-3.39091287885364,3.01285161513776));
#7816=CARTESIAN_POINT('Origin',(-2.64951905283833,-3.5,3.08910161513775));
#7817=CARTESIAN_POINT('',(-2.78158792691546,-3.05888065030781,3.01285161513775));
#7818=CARTESIAN_POINT('',(-2.78158792691546,-1.69545643942682,3.01285161513775));
#7819=CARTESIAN_POINT('Origin',(-2.,-2.5625,3.46410161513775));
#7820=CARTESIAN_POINT('',(-2.50714981640446,0.340171599499604,3.17129853211717));
#7821=CARTESIAN_POINT('',(-2.36945272024983,0.25,3.25079798764868));
#7822=CARTESIAN_POINT('Origin',(-2.,1.1875,3.46410161513775));
#7823=CARTESIAN_POINT('',(-2.50714981640446,0.159828400500397,3.17129853211717));
#7824=CARTESIAN_POINT('Origin',(-2.,-0.6875,3.46410161513775));
#7825=CARTESIAN_POINT('Origin',(-2.64951905283833,0.25,3.08910161513775));
#7826=CARTESIAN_POINT('',(-2.50714981640446,2.2151715994996,3.17129853211717));
#7827=CARTESIAN_POINT('',(-2.36945272024983,2.125,3.25079798764868));
#7828=CARTESIAN_POINT('Origin',(-2.,3.0625,3.46410161513775));
#7829=CARTESIAN_POINT('',(-2.50714981640446,2.0348284005004,3.17129853211717));
#7830=CARTESIAN_POINT('Origin',(-2.,1.1875,3.46410161513775));
#7831=CARTESIAN_POINT('Origin',(-2.64951905283833,2.125,3.08910161513775));
#7832=CARTESIAN_POINT('',(-2.60458459657598,3.81982200600367,3.11504453555671));
#7833=CARTESIAN_POINT('',(-2.78158792691546,3.55888065030781,3.01285161513775));
#7834=CARTESIAN_POINT('Origin',(-2.,3.0625,3.46410161513775));
#7835=CARTESIAN_POINT('',(-2.78158792691546,3.89091287885364,3.01285161513775));
#7836=CARTESIAN_POINT('',(-2.78158792691546,1.7794403251539,3.01285161513775));
#7837=CARTESIAN_POINT('Origin',(-2.64951905283833,4.,3.08910161513775));
#7838=CARTESIAN_POINT('',(-2.60458459657598,0.430177993996332,3.11504453555671));
#7839=CARTESIAN_POINT('',(-2.78158792691546,0.359087121146359,3.01285161513776));
#7840=CARTESIAN_POINT('Origin',(-2.64951905283833,0.25,3.08910161513775));
#7841=CARTESIAN_POINT('',(-2.78158792691546,0.691119349692195,3.01285161513775));
#7842=CARTESIAN_POINT('',(-2.78158792691546,0.179543560573179,3.01285161513775));
#7843=CARTESIAN_POINT('Origin',(-2.,1.1875,3.46410161513775));
#7844=CARTESIAN_POINT('',(-2.60458459657598,-1.44482200600367,3.11504453555671));
#7845=CARTESIAN_POINT('',(-2.78158792691546,-1.51591287885364,3.01285161513775));
#7846=CARTESIAN_POINT('Origin',(-2.64951905283833,-1.625,3.08910161513775));
#7847=CARTESIAN_POINT('',(-2.78158792691546,-1.18388065030781,3.01285161513775));
#7848=CARTESIAN_POINT('',(-2.78158792691546,-0.757956439426821,3.01285161513775));
#7849=CARTESIAN_POINT('Origin',(-2.,-0.6875,3.46410161513775));
#7850=CARTESIAN_POINT('',(-1.49172541607993,-3.5925,3.75755408298625));
#7851=CARTESIAN_POINT('',(-2.,-3.5925,3.46410161513775));
#7852=CARTESIAN_POINT('',(-1.28578671227948,-3.5925,3.876452849062));
#7853=CARTESIAN_POINT('',(-2.50827458392007,-3.5925,3.17064914728926));
#7854=CARTESIAN_POINT('',(-1.53992400423952,-3.5925,3.72972661513775));
#7855=CARTESIAN_POINT('',(-2.50714981640446,-3.4098284005004,3.17129853211717));
#7856=CARTESIAN_POINT('Origin',(-2.64951905283833,-3.5,3.08910161513775));
#7857=CARTESIAN_POINT('Origin',(-2.,-2.5625,3.46410161513775));
#7858=CARTESIAN_POINT('',(-1.49285018359554,-3.4098284005004,3.75690469815834));
#7859=CARTESIAN_POINT('Origin',(-2.,-2.5625,3.46410161513775));
#7860=CARTESIAN_POINT('Origin',(-1.35048094716167,-3.5,3.83910161513775));
#7861=CARTESIAN_POINT('',(-1.39541540342402,-1.80517799399633,3.8131586947188));
#7862=CARTESIAN_POINT('',(-1.21841207308454,-1.73408712114636,3.91535161513775));
#7863=CARTESIAN_POINT('Origin',(-1.35048094716167,-1.625,3.83910161513775));
#7864=CARTESIAN_POINT('',(-1.21841207308454,-2.06611934969219,3.91535161513775));
#7865=CARTESIAN_POINT('',(-1.21841207308454,-0.867043560573179,3.91535161513775));
#7866=CARTESIAN_POINT('Origin',(-2.,-2.5625,3.46410161513775));
#7867=CARTESIAN_POINT('',(-1.49285018359554,0.159828400500397,3.75690469815834));
#7868=CARTESIAN_POINT('',(-1.63054727975017,0.25,3.67740524262683));
#7869=CARTESIAN_POINT('Origin',(-2.,-0.6875,3.46410161513775));
#7870=CARTESIAN_POINT('',(-1.49285018359554,0.340171599499604,3.75690469815834));
#7871=CARTESIAN_POINT('Origin',(-2.,1.1875,3.46410161513775));
#7872=CARTESIAN_POINT('Origin',(-1.35048094716167,0.25,3.83910161513775));
#7873=CARTESIAN_POINT('',(-1.39541540342402,2.30517799399633,3.8131586947188));
#7874=CARTESIAN_POINT('',(-1.21841207308454,2.56611934969219,3.91535161513775));
#7875=CARTESIAN_POINT('Origin',(-2.,3.0625,3.46410161513775));
#7876=CARTESIAN_POINT('',(-1.21841207308454,2.23408712114636,3.91535161513776));
#7877=CARTESIAN_POINT('',(-1.21841207308454,1.2830596748461,3.91535161513775));
#7878=CARTESIAN_POINT('Origin',(-1.35048094716167,2.125,3.83910161513775));
#7879=CARTESIAN_POINT('',(-1.39541540342402,3.81982200600367,3.8131586947188));
#7880=CARTESIAN_POINT('',(-1.21841207308454,3.89091287885364,3.91535161513775));
#7881=CARTESIAN_POINT('Origin',(-1.35048094716167,4.,3.83910161513775));
#7882=CARTESIAN_POINT('',(-1.21841207308454,3.55888065030781,3.91535161513775));
#7883=CARTESIAN_POINT('',(-1.21841207308454,1.94545643942682,3.91535161513775));
#7884=CARTESIAN_POINT('Origin',(-2.,3.0625,3.46410161513775));
#7885=CARTESIAN_POINT('',(-1.39541540342402,0.430177993996332,3.8131586947188));
#7886=CARTESIAN_POINT('',(-1.21841207308454,0.691119349692194,3.91535161513775));
#7887=CARTESIAN_POINT('Origin',(-2.,1.1875,3.46410161513775));
#7888=CARTESIAN_POINT('',(-1.21841207308454,0.359087121146357,3.91535161513775));
#7889=CARTESIAN_POINT('',(-1.21841207308454,0.345559674846097,3.91535161513775));
#7890=CARTESIAN_POINT('Origin',(-1.35048094716167,0.25,3.83910161513775));
#7891=CARTESIAN_POINT('',(-1.49285018359554,-1.7151715994996,3.75690469815834));
#7892=CARTESIAN_POINT('',(-1.63054727975017,-1.625,3.67740524262683));
#7893=CARTESIAN_POINT('Origin',(-2.,-2.5625,3.46410161513775));
#7894=CARTESIAN_POINT('',(-1.49285018359554,-1.5348284005004,3.75690469815834));
#7895=CARTESIAN_POINT('Origin',(-2.,-0.6875,3.46410161513775));
#7896=CARTESIAN_POINT('Origin',(-1.35048094716167,-1.625,3.83910161513775));
#7897=CARTESIAN_POINT('',(-2.60458459657598,-1.80517799399633,3.11504453555671));
#7898=CARTESIAN_POINT('',(-2.78158792691546,-2.06611934969219,3.01285161513775));
#7899=CARTESIAN_POINT('Origin',(-2.,-2.5625,3.46410161513775));
#7900=CARTESIAN_POINT('',(-2.78158792691546,-1.73408712114636,3.01285161513775));
#7901=CARTESIAN_POINT('',(-2.78158792691546,-1.0330596748461,3.01285161513775));
#7902=CARTESIAN_POINT('Origin',(-2.64951905283833,-1.625,3.08910161513775));
#7903=CARTESIAN_POINT('',(-2.60458459657598,0.0698220060036685,3.11504453555671));
#7904=CARTESIAN_POINT('',(-2.78158792691546,-0.191119349692193,3.01285161513775));
#7905=CARTESIAN_POINT('Origin',(-2.,-0.6875,3.46410161513775));
#7906=CARTESIAN_POINT('',(-2.78158792691546,0.140912878853642,3.01285161513776));
#7907=CARTESIAN_POINT('',(-2.78158792691546,-0.0955596748460962,3.01285161513775));
#7908=CARTESIAN_POINT('Origin',(-2.64951905283833,0.25,3.08910161513775));
#7909=CARTESIAN_POINT('',(-2.60458459657597,2.30517799399633,3.11504453555671));
#7910=CARTESIAN_POINT('',(-2.78158792691546,2.23408712114636,3.01285161513776));
#7911=CARTESIAN_POINT('Origin',(-2.64951905283833,2.125,3.08910161513775));
#7912=CARTESIAN_POINT('',(-2.78158792691546,2.56611934969219,3.01285161513775));
#7913=CARTESIAN_POINT('',(-2.78158792691546,1.11704356057318,3.01285161513775));
#7914=CARTESIAN_POINT('Origin',(-2.,3.0625,3.46410161513775));
#7915=CARTESIAN_POINT('Origin',(-1.875,4.,1.77664188682637));
#7916=CARTESIAN_POINT('',(-1.875,4.25,0.));
#7917=CARTESIAN_POINT('Origin',(-1.875,4.,0.));
#7918=CARTESIAN_POINT('',(-1.875,4.25,1.48862066797609));
#7919=CARTESIAN_POINT('Origin',(-1.875,4.,1.48862066797609));
#7920=CARTESIAN_POINT('',(-1.875,4.25,1.77664188682637));
#7921=CARTESIAN_POINT('Origin',(-2.375,4.,1.48862066797609));
#7922=CARTESIAN_POINT('',(-1.94198729810778,4.25,1.73862066797609));
#7923=CARTESIAN_POINT('Origin',(-1.94198729810778,4.,1.73862066797609));
#7924=CARTESIAN_POINT('Origin',(-2.375,4.25,1.48862066797609));
#7925=CARTESIAN_POINT('Origin',(-2.31866463951498,4.,2.39104496135332));
#7926=CARTESIAN_POINT('',(-2.31866463951498,4.25,2.39104496135332));
#7927=CARTESIAN_POINT('Origin',(-0.621449354125746,4.,2.70138185567666));
#7928=CARTESIAN_POINT('',(-0.572168783648703,4.,3.11602540378444));
#7929=CARTESIAN_POINT('',(-0.404943003179637,4.,2.82638185567666));
#7930=CARTESIAN_POINT('',(-0.788675134594813,4.25,2.99102540378444));
#7931=CARTESIAN_POINT('Origin',(-0.788675134594813,4.,2.99102540378444));
#7932=CARTESIAN_POINT('',(-0.621449354125746,4.25,2.70138185567666));
#7933=CARTESIAN_POINT('Origin',(-0.355662432702594,4.,3.24102540378444));
#7934=CARTESIAN_POINT('',(-0.355662432702593,4.,2.99102540378444));
#7935=CARTESIAN_POINT('',(-0.355662432702593,4.25,2.74102540378444));
#7936=CARTESIAN_POINT('Origin',(-0.355662432702593,4.,2.74102540378444));
#7937=CARTESIAN_POINT('Origin',(-0.355662432702594,4.25,3.24102540378444));
#7938=CARTESIAN_POINT('Origin',(-0.355662432702594,4.,3.24102540378444));
#7939=CARTESIAN_POINT('Origin',(-0.730037997880241,4.,2.74102540378444));
#7940=CARTESIAN_POINT('',(0.355662432702595,4.,2.99102540378444));
#7941=CARTESIAN_POINT('',(0.355662432702595,4.25,2.74102540378444));
#7942=CARTESIAN_POINT('Origin',(0.355662432702595,4.,2.74102540378444));
#7943=CARTESIAN_POINT('',(-0.730037997880241,4.25,2.74102540378444));
#7944=CARTESIAN_POINT('',(-0.730037997880241,4.,2.99102540378444));
#7945=CARTESIAN_POINT('Origin',(0.355662432702595,4.,3.24102540378444));
#7946=CARTESIAN_POINT('',(0.572168783648704,4.,3.11602540378444));
#7947=CARTESIAN_POINT('',(0.788675134594814,4.25,2.99102540378444));
#7948=CARTESIAN_POINT('Origin',(0.788675134594814,4.,2.99102540378444));
#7949=CARTESIAN_POINT('Origin',(0.355662432702595,4.25,3.24102540378444));
#7950=CARTESIAN_POINT('Origin',(0.355662432702595,4.,3.24102540378444));
#7951=CARTESIAN_POINT('Origin',(0.256430355185625,4.,2.06915040378444));
#7952=CARTESIAN_POINT('',(1.07984800847903,4.,3.99535161513775));
#7953=CARTESIAN_POINT('',(1.29635435942514,4.25,3.87035161513775));
#7954=CARTESIAN_POINT('Origin',(1.29635435942514,4.,3.87035161513775));
#7955=CARTESIAN_POINT('',(0.256430355185625,4.25,2.06915040378444));
#7956=CARTESIAN_POINT('',(0.0399240042395154,4.,2.19415040378444));
#7957=CARTESIAN_POINT('Origin',(-1.46007599576048,4.25,1.99767580756888));
#7958=CARTESIAN_POINT('',(2.70364564057486,4.25,3.05785161513775));
#7959=CARTESIAN_POINT('',(2.92015199152097,4.25,2.93285161513775));
#7960=CARTESIAN_POINT('',(1.94198729810778,4.25,1.73862066797609));
#7961=CARTESIAN_POINT('',(1.95364564057486,4.25,1.7588135094611));
#7962=CARTESIAN_POINT('',(1.875,4.25,1.48862066797609));
#7963=CARTESIAN_POINT('Origin',(2.375,4.25,1.48862066797609));
#7964=CARTESIAN_POINT('',(1.875,4.25,0.));
#7965=CARTESIAN_POINT('',(1.875,4.25,1.77664188682637));
#7966=CARTESIAN_POINT('',(0.875,4.25,0.));
#7967=CARTESIAN_POINT('',(0.,4.25,0.));
#7968=CARTESIAN_POINT('',(-0.874999999999999,4.25,0.));
#7969=CARTESIAN_POINT('Origin',(5.20474889637625E-16,4.25,0.));
#7970=CARTESIAN_POINT('',(5.20474889637625E-16,4.25,0.));
#7971=CARTESIAN_POINT('Origin',(1.07984800847903,0.,3.99535161513775));
#7972=CARTESIAN_POINT('',(1.07984800847903,-4.,3.99535161513775));
#7973=CARTESIAN_POINT('',(1.07984800847903,0.,3.99535161513775));
#7974=CARTESIAN_POINT('',(1.29635435942514,-4.25,3.87035161513775));
#7975=CARTESIAN_POINT('Origin',(1.29635435942514,-4.,3.87035161513775));
#7976=CARTESIAN_POINT('',(2.70364564057486,-4.25,3.05785161513775));
#7977=CARTESIAN_POINT('',(2.92015199152097,-4.25,2.93285161513775));
#7978=CARTESIAN_POINT('',(2.92015199152097,-4.,2.93285161513775));
#7979=CARTESIAN_POINT('Origin',(2.70364564057486,-4.,3.05785161513775));
#7980=CARTESIAN_POINT('',(2.92015199152097,4.,2.93285161513775));
#7981=CARTESIAN_POINT('',(2.92015199152097,0.,2.93285161513775));
#7982=CARTESIAN_POINT('Origin',(2.70364564057486,4.,3.05785161513775));
#7983=CARTESIAN_POINT('',(1.24222777168862,2.5625,3.90160161513776));
#7984=CARTESIAN_POINT('Origin',(2.,2.5625,3.46410161513775));
#7985=CARTESIAN_POINT('',(1.24222777168862,-1.1875,3.90160161513776));
#7986=CARTESIAN_POINT('Origin',(2.,-1.1875,3.46410161513775));
#7987=CARTESIAN_POINT('',(1.24222777168862,-3.0625,3.90160161513776));
#7988=CARTESIAN_POINT('Origin',(2.,-3.0625,3.46410161513775));
#7989=CARTESIAN_POINT('',(1.24222777168862,0.6875,3.90160161513776));
#7990=CARTESIAN_POINT('Origin',(2.,0.6875,3.46410161513775));
#7991=CARTESIAN_POINT('',(2.54126587736527,-4.,3.15160161513775));
#7992=CARTESIAN_POINT('Origin',(2.64951905283833,-4.,3.08910161513775));
#7993=CARTESIAN_POINT('',(2.54126587736527,-0.25,3.15160161513775));
#7994=CARTESIAN_POINT('Origin',(2.64951905283833,-0.25,3.08910161513775));
#7995=CARTESIAN_POINT('',(2.54126587736527,3.5,3.15160161513775));
#7996=CARTESIAN_POINT('Origin',(2.64951905283833,3.5,3.08910161513775));
#7997=CARTESIAN_POINT('',(1.24222777168862,1.625,3.90160161513775));
#7998=CARTESIAN_POINT('Origin',(1.35048094716167,1.625,3.83910161513775));
#7999=CARTESIAN_POINT('',(1.24222777168862,-2.125,3.90160161513775));
#8000=CARTESIAN_POINT('Origin',(1.35048094716167,-2.125,3.83910161513775));
#8001=CARTESIAN_POINT('',(1.24222777168862,-4.,3.90160161513775));
#8002=CARTESIAN_POINT('Origin',(1.35048094716167,-4.,3.83910161513775));
#8003=CARTESIAN_POINT('',(1.24222777168862,-0.25,3.90160161513775));
#8004=CARTESIAN_POINT('Origin',(1.35048094716167,-0.25,3.83910161513775));
#8005=CARTESIAN_POINT('',(1.24222777168862,3.5,3.90160161513775));
#8006=CARTESIAN_POINT('Origin',(1.35048094716167,3.5,3.83910161513775));
#8007=CARTESIAN_POINT('',(2.54126587736527,1.625,3.15160161513775));
#8008=CARTESIAN_POINT('Origin',(2.64951905283833,1.625,3.08910161513775));
#8009=CARTESIAN_POINT('',(2.54126587736527,-2.125,3.15160161513775));
#8010=CARTESIAN_POINT('Origin',(2.64951905283833,-2.125,3.08910161513775));
#8011=CARTESIAN_POINT('',(2.50714981640446,-3.9098284005004,3.17129853211717));
#8012=CARTESIAN_POINT('',(2.50706840348916,-4.09,3.17134553588573));
#8013=CARTESIAN_POINT('Origin',(2.64951905283833,-4.,3.08910161513775));
#8014=CARTESIAN_POINT('',(2.06211129124403,-4.09,3.4282416444183));
#8015=CARTESIAN_POINT('',(1.7934582059841,-4.09,3.58334857551174));
#8016=CARTESIAN_POINT('Origin',(2.,-3.0625,3.46410161513775));
#8017=CARTESIAN_POINT('',(2.60458459657598,-1.94482200600367,3.11504453555671));
#8018=CARTESIAN_POINT('',(2.78158792691546,-1.68388065030781,3.01285161513775));
#8019=CARTESIAN_POINT('Origin',(2.,-1.1875,3.46410161513775));
#8020=CARTESIAN_POINT('',(2.78158792691546,-2.01591287885364,3.01285161513775));
#8021=CARTESIAN_POINT('',(2.78158792691546,-0.841940325153903,3.01285161513775));
#8022=CARTESIAN_POINT('Origin',(2.64951905283833,-2.125,3.08910161513775));
#8023=CARTESIAN_POINT('',(2.50714981640446,1.5348284005004,3.17129853211717));
#8024=CARTESIAN_POINT('',(2.36945272024983,1.625,3.25079798764868));
#8025=CARTESIAN_POINT('Origin',(2.,0.6875,3.46410161513775));
#8026=CARTESIAN_POINT('',(2.50714981640446,1.7151715994996,3.17129853211717));
#8027=CARTESIAN_POINT('Origin',(2.,2.5625,3.46410161513775));
#8028=CARTESIAN_POINT('Origin',(2.64951905283833,1.625,3.08910161513775));
#8029=CARTESIAN_POINT('',(1.39541540342402,3.31982200600367,3.8131586947188));
#8030=CARTESIAN_POINT('',(1.21841207308454,3.05888065030781,3.91535161513775));
#8031=CARTESIAN_POINT('Origin',(2.,2.5625,3.46410161513775));
#8032=CARTESIAN_POINT('',(1.21841207308454,3.39091287885364,3.91535161513775));
#8033=CARTESIAN_POINT('',(1.21841207308454,1.5294403251539,3.91535161513775));
#8034=CARTESIAN_POINT('Origin',(1.35048094716167,3.5,3.83910161513775));
#8035=CARTESIAN_POINT('',(1.39541540342402,-0.0698220060036681,3.8131586947188));
#8036=CARTESIAN_POINT('',(1.21841207308454,-0.140912878853643,3.91535161513775));
#8037=CARTESIAN_POINT('Origin',(1.35048094716167,-0.25,3.83910161513775));
#8038=CARTESIAN_POINT('',(1.21841207308454,0.191119349692193,3.91535161513775));
#8039=CARTESIAN_POINT('',(1.21841207308454,-0.0704564394268214,3.91535161513775));
#8040=CARTESIAN_POINT('Origin',(2.,0.6875,3.46410161513775));
#8041=CARTESIAN_POINT('',(1.49285018359554,-2.0348284005004,3.75690469815834));
#8042=CARTESIAN_POINT('',(1.63054727975017,-2.125,3.67740524262683));
#8043=CARTESIAN_POINT('Origin',(2.,-1.1875,3.46410161513775));
#8044=CARTESIAN_POINT('',(1.49285018359554,-2.2151715994996,3.75690469815834));
#8045=CARTESIAN_POINT('Origin',(2.,-3.0625,3.46410161513775));
#8046=CARTESIAN_POINT('Origin',(1.35048094716167,-2.125,3.83910161513775));
#8047=CARTESIAN_POINT('',(1.49285018359554,-3.9098284005004,3.75690469815834));
#8048=CARTESIAN_POINT('',(1.93788870875597,-4.09,3.49996158585721));
#8049=CARTESIAN_POINT('Origin',(2.,-3.0625,3.46410161513775));
#8050=CARTESIAN_POINT('',(1.49293159651084,-4.09,3.75685769438978));
#8051=CARTESIAN_POINT('',(1.5088683586175,-4.09,3.74765660049748));
#8052=CARTESIAN_POINT('Origin',(1.35048094716167,-4.,3.83910161513775));
#8053=CARTESIAN_POINT('',(1.39541540342402,-1.94482200600367,3.8131586947188));
#8054=CARTESIAN_POINT('',(1.21841207308454,-2.01591287885364,3.91535161513775));
#8055=CARTESIAN_POINT('Origin',(1.35048094716167,-2.125,3.83910161513775));
#8056=CARTESIAN_POINT('',(1.21841207308454,-1.68388065030781,3.91535161513775));
#8057=CARTESIAN_POINT('',(1.21841207308454,-1.00795643942682,3.91535161513775));
#8058=CARTESIAN_POINT('Origin',(2.,-1.1875,3.46410161513775));
#8059=CARTESIAN_POINT('',(1.39541540342402,1.44482200600367,3.81315869471879));
#8060=CARTESIAN_POINT('',(1.21841207308454,1.18388065030781,3.91535161513775));
#8061=CARTESIAN_POINT('Origin',(2.,0.6875,3.46410161513775));
#8062=CARTESIAN_POINT('',(1.21841207308454,1.51591287885364,3.91535161513775));
#8063=CARTESIAN_POINT('',(1.21841207308454,0.591940325153903,3.91535161513775));
#8064=CARTESIAN_POINT('Origin',(1.35048094716167,1.625,3.83910161513775));
#8065=CARTESIAN_POINT('',(2.60458459657598,3.31982200600367,3.11504453555671));
#8066=CARTESIAN_POINT('',(2.78158792691545,3.39091287885364,3.01285161513776));
#8067=CARTESIAN_POINT('Origin',(2.64951905283833,3.5,3.08910161513775));
#8068=CARTESIAN_POINT('',(2.78158792691546,3.05888065030781,3.01285161513775));
#8069=CARTESIAN_POINT('',(2.78158792691546,1.69545643942682,3.01285161513775));
#8070=CARTESIAN_POINT('Origin',(2.,2.5625,3.46410161513775));
#8071=CARTESIAN_POINT('',(2.50714981640446,-0.340171599499604,3.17129853211717));
#8072=CARTESIAN_POINT('',(2.36945272024983,-0.25,3.25079798764868));
#8073=CARTESIAN_POINT('Origin',(2.,-1.1875,3.46410161513775));
#8074=CARTESIAN_POINT('',(2.50714981640446,-0.159828400500397,3.17129853211717));
#8075=CARTESIAN_POINT('Origin',(2.,0.6875,3.46410161513775));
#8076=CARTESIAN_POINT('Origin',(2.64951905283833,-0.25,3.08910161513775));
#8077=CARTESIAN_POINT('',(2.50714981640446,-2.2151715994996,3.17129853211717));
#8078=CARTESIAN_POINT('',(2.36945272024983,-2.125,3.25079798764868));
#8079=CARTESIAN_POINT('Origin',(2.,-3.0625,3.46410161513775));
#8080=CARTESIAN_POINT('',(2.50714981640446,-2.0348284005004,3.17129853211717));
#8081=CARTESIAN_POINT('Origin',(2.,-1.1875,3.46410161513775));
#8082=CARTESIAN_POINT('Origin',(2.64951905283833,-2.125,3.08910161513775));
#8083=CARTESIAN_POINT('',(2.60458459657598,-3.81982200600367,3.11504453555671));
#8084=CARTESIAN_POINT('',(2.78158792691546,-3.55888065030781,3.01285161513775));
#8085=CARTESIAN_POINT('Origin',(2.,-3.0625,3.46410161513775));
#8086=CARTESIAN_POINT('',(2.78158792691546,-3.89091287885364,3.01285161513775));
#8087=CARTESIAN_POINT('',(2.78158792691546,-1.7794403251539,3.01285161513775));
#8088=CARTESIAN_POINT('Origin',(2.64951905283833,-4.,3.08910161513775));
#8089=CARTESIAN_POINT('',(2.60458459657598,-0.430177993996331,3.11504453555671));
#8090=CARTESIAN_POINT('',(2.78158792691546,-0.359087121146358,3.01285161513776));
#8091=CARTESIAN_POINT('Origin',(2.64951905283833,-0.25,3.08910161513775));
#8092=CARTESIAN_POINT('',(2.78158792691546,-0.691119349692194,3.01285161513775));
#8093=CARTESIAN_POINT('',(2.78158792691546,-0.179543560573179,3.01285161513775));
#8094=CARTESIAN_POINT('Origin',(2.,-1.1875,3.46410161513775));
#8095=CARTESIAN_POINT('',(2.60458459657598,1.44482200600367,3.11504453555671));
#8096=CARTESIAN_POINT('',(2.78158792691546,1.51591287885364,3.01285161513775));
#8097=CARTESIAN_POINT('Origin',(2.64951905283833,1.625,3.08910161513775));
#8098=CARTESIAN_POINT('',(2.78158792691546,1.18388065030781,3.01285161513775));
#8099=CARTESIAN_POINT('',(2.78158792691546,0.757956439426821,3.01285161513775));
#8100=CARTESIAN_POINT('Origin',(2.,0.6875,3.46410161513775));
#8101=CARTESIAN_POINT('',(1.49172541607993,3.5925,3.75755408298625));
#8102=CARTESIAN_POINT('',(2.,3.5925,3.46410161513775));
#8103=CARTESIAN_POINT('',(1.28578671227948,3.5925,3.876452849062));
#8104=CARTESIAN_POINT('',(2.50827458392007,3.5925,3.17064914728926));
#8105=CARTESIAN_POINT('',(1.53992400423952,3.5925,3.72972661513775));
#8106=CARTESIAN_POINT('',(2.50714981640446,3.4098284005004,3.17129853211717));
#8107=CARTESIAN_POINT('Origin',(2.64951905283833,3.5,3.08910161513775));
#8108=CARTESIAN_POINT('Origin',(2.,2.5625,3.46410161513775));
#8109=CARTESIAN_POINT('',(1.49285018359554,3.4098284005004,3.75690469815834));
#8110=CARTESIAN_POINT('Origin',(2.,2.5625,3.46410161513775));
#8111=CARTESIAN_POINT('Origin',(1.35048094716167,3.5,3.83910161513775));
#8112=CARTESIAN_POINT('',(1.39541540342402,1.80517799399633,3.8131586947188));
#8113=CARTESIAN_POINT('',(1.21841207308454,1.73408712114636,3.91535161513775));
#8114=CARTESIAN_POINT('Origin',(1.35048094716167,1.625,3.83910161513775));
#8115=CARTESIAN_POINT('',(1.21841207308454,2.06611934969219,3.91535161513775));
#8116=CARTESIAN_POINT('',(1.21841207308454,0.867043560573179,3.91535161513775));
#8117=CARTESIAN_POINT('Origin',(2.,2.5625,3.46410161513775));
#8118=CARTESIAN_POINT('',(1.49285018359554,-0.159828400500397,3.75690469815834));
#8119=CARTESIAN_POINT('',(1.63054727975017,-0.25,3.67740524262683));
#8120=CARTESIAN_POINT('Origin',(2.,0.6875,3.46410161513775));
#8121=CARTESIAN_POINT('',(1.49285018359554,-0.340171599499603,3.75690469815834));
#8122=CARTESIAN_POINT('Origin',(2.,-1.1875,3.46410161513775));
#8123=CARTESIAN_POINT('Origin',(1.35048094716167,-0.25,3.83910161513775));
#8124=CARTESIAN_POINT('',(1.39541540342402,-2.30517799399633,3.8131586947188));
#8125=CARTESIAN_POINT('',(1.21841207308454,-2.56611934969219,3.91535161513775));
#8126=CARTESIAN_POINT('Origin',(2.,-3.0625,3.46410161513775));
#8127=CARTESIAN_POINT('',(1.21841207308454,-2.23408712114636,3.91535161513776));
#8128=CARTESIAN_POINT('',(1.21841207308454,-1.2830596748461,3.91535161513775));
#8129=CARTESIAN_POINT('Origin',(1.35048094716167,-2.125,3.83910161513775));
#8130=CARTESIAN_POINT('',(1.39541540342402,-3.81982200600367,3.8131586947188));
#8131=CARTESIAN_POINT('',(1.21841207308454,-3.89091287885364,3.91535161513775));
#8132=CARTESIAN_POINT('Origin',(1.35048094716167,-4.,3.83910161513775));
#8133=CARTESIAN_POINT('',(1.21841207308454,-3.55888065030781,3.91535161513775));
#8134=CARTESIAN_POINT('',(1.21841207308454,-1.94545643942682,3.91535161513775));
#8135=CARTESIAN_POINT('Origin',(2.,-3.0625,3.46410161513775));
#8136=CARTESIAN_POINT('',(1.39541540342402,-0.430177993996332,3.8131586947188));
#8137=CARTESIAN_POINT('',(1.21841207308454,-0.691119349692193,3.91535161513775));
#8138=CARTESIAN_POINT('Origin',(2.,-1.1875,3.46410161513775));
#8139=CARTESIAN_POINT('',(1.21841207308454,-0.359087121146357,3.91535161513775));
#8140=CARTESIAN_POINT('',(1.21841207308454,-0.345559674846097,3.91535161513775));
#8141=CARTESIAN_POINT('Origin',(1.35048094716167,-0.25,3.83910161513775));
#8142=CARTESIAN_POINT('',(1.49285018359554,1.7151715994996,3.75690469815834));
#8143=CARTESIAN_POINT('',(1.63054727975017,1.625,3.67740524262683));
#8144=CARTESIAN_POINT('Origin',(2.,2.5625,3.46410161513775));
#8145=CARTESIAN_POINT('',(1.49285018359554,1.5348284005004,3.75690469815834));
#8146=CARTESIAN_POINT('Origin',(2.,0.6875,3.46410161513775));
#8147=CARTESIAN_POINT('Origin',(1.35048094716167,1.625,3.83910161513775));
#8148=CARTESIAN_POINT('',(2.60458459657598,1.80517799399633,3.11504453555671));
#8149=CARTESIAN_POINT('',(2.78158792691546,2.06611934969219,3.01285161513775));
#8150=CARTESIAN_POINT('Origin',(2.,2.5625,3.46410161513775));
#8151=CARTESIAN_POINT('',(2.78158792691546,1.73408712114636,3.01285161513775));
#8152=CARTESIAN_POINT('',(2.78158792691546,1.0330596748461,3.01285161513775));
#8153=CARTESIAN_POINT('Origin',(2.64951905283833,1.625,3.08910161513775));
#8154=CARTESIAN_POINT('',(2.60458459657598,-0.0698220060036682,3.11504453555671));
#8155=CARTESIAN_POINT('',(2.78158792691546,0.191119349692193,3.01285161513775));
#8156=CARTESIAN_POINT('Origin',(2.,0.6875,3.46410161513775));
#8157=CARTESIAN_POINT('',(2.78158792691546,-0.140912878853642,3.01285161513776));
#8158=CARTESIAN_POINT('',(2.78158792691546,0.0955596748460965,3.01285161513775));
#8159=CARTESIAN_POINT('Origin',(2.64951905283833,-0.25,3.08910161513775));
#8160=CARTESIAN_POINT('',(2.60458459657597,-2.30517799399633,3.11504453555671));
#8161=CARTESIAN_POINT('',(2.78158792691546,-2.23408712114636,3.01285161513776));
#8162=CARTESIAN_POINT('Origin',(2.64951905283833,-2.125,3.08910161513775));
#8163=CARTESIAN_POINT('',(2.78158792691546,-2.56611934969219,3.01285161513775));
#8164=CARTESIAN_POINT('',(2.78158792691546,-1.11704356057318,3.01285161513775));
#8165=CARTESIAN_POINT('Origin',(2.,-3.0625,3.46410161513775));
#8166=CARTESIAN_POINT('Origin',(1.95364564057486,4.,1.7588135094611));
#8167=CARTESIAN_POINT('',(2.15849364905389,4.,1.61362066797609));
#8168=CARTESIAN_POINT('',(2.17015199152096,4.,1.6338135094611));
#8169=CARTESIAN_POINT('Origin',(1.94198729810778,4.,1.73862066797609));
#8170=CARTESIAN_POINT('Origin',(2.375,4.,1.48862066797609));
#8171=CARTESIAN_POINT('',(2.125,4.,1.48862066797609));
#8172=CARTESIAN_POINT('Origin',(1.875,4.,1.48862066797609));
#8173=CARTESIAN_POINT('Origin',(2.375,4.,1.48862066797609));
#8174=CARTESIAN_POINT('Origin',(1.875,4.,1.77664188682637));
#8175=CARTESIAN_POINT('',(2.125,4.,0.));
#8176=CARTESIAN_POINT('Origin',(1.875,4.,0.));
#8177=CARTESIAN_POINT('',(2.125,4.,1.77664188682637));
#8178=CARTESIAN_POINT('Origin',(2.125,0.,1.55560796608387));
#8179=CARTESIAN_POINT('',(2.125,-4.,1.48862066797609));
#8180=CARTESIAN_POINT('',(2.125,0.,1.48862066797609));
#8181=CARTESIAN_POINT('',(2.125,-4.,0.));
#8182=CARTESIAN_POINT('',(2.125,-4.,1.77664188682637));
#8183=CARTESIAN_POINT('',(2.125,0.,0.));
#8184=CARTESIAN_POINT('Origin',(2.375,0.,1.48862066797609));
#8185=CARTESIAN_POINT('',(2.15849364905389,-4.,1.61362066797609));
#8186=CARTESIAN_POINT('',(2.15849364905389,0.,1.61362066797609));
#8187=CARTESIAN_POINT('Origin',(2.375,-4.,1.48862066797609));
#8188=CARTESIAN_POINT('Origin',(2.92015199152097,0.,2.93285161513775));
#8189=CARTESIAN_POINT('',(2.17015199152096,-4.,1.6338135094611));
#8190=CARTESIAN_POINT('Origin',(1.875,-4.,1.77664188682637));
#8191=CARTESIAN_POINT('',(1.875,-4.25,0.));
#8192=CARTESIAN_POINT('Origin',(1.875,-4.,0.));
#8193=CARTESIAN_POINT('',(1.875,-4.25,1.48862066797609));
#8194=CARTESIAN_POINT('Origin',(1.875,-4.,1.48862066797609));
#8195=CARTESIAN_POINT('',(1.875,-4.25,1.77664188682637));
#8196=CARTESIAN_POINT('Origin',(2.375,-4.,1.48862066797609));
#8197=CARTESIAN_POINT('',(1.94198729810778,-4.25,1.73862066797609));
#8198=CARTESIAN_POINT('Origin',(1.94198729810778,-4.,1.73862066797609));
#8199=CARTESIAN_POINT('Origin',(2.375,-4.25,1.48862066797609));
#8200=CARTESIAN_POINT('Origin',(1.95364564057485,-4.,1.7588135094611));
#8201=CARTESIAN_POINT('',(1.95364564057485,-4.25,1.7588135094611));
#8202=CARTESIAN_POINT('Origin',(0.256430355185625,-4.,2.06915040378444));
#8203=CARTESIAN_POINT('',(0.572168783648704,-4.,3.11602540378444));
#8204=CARTESIAN_POINT('',(0.0399240042395152,-4.,2.19415040378444));
#8205=CARTESIAN_POINT('',(0.788675134594814,-4.25,2.99102540378444));
#8206=CARTESIAN_POINT('Origin',(0.788675134594814,-4.,2.99102540378444));
#8207=CARTESIAN_POINT('',(0.256430355185625,-4.25,2.06915040378444));
#8208=CARTESIAN_POINT('Origin',(0.355662432702595,-4.,3.24102540378444));
#8209=CARTESIAN_POINT('',(0.355662432702595,-4.,2.99102540378444));
#8210=CARTESIAN_POINT('',(0.355662432702595,-4.25,2.74102540378444));
#8211=CARTESIAN_POINT('Origin',(0.355662432702595,-4.,2.74102540378444));
#8212=CARTESIAN_POINT('Origin',(0.355662432702595,-4.25,3.24102540378444));
#8213=CARTESIAN_POINT('Origin',(0.355662432702595,-4.,3.24102540378444));
#8214=CARTESIAN_POINT('Origin',(-0.730037997880242,-4.,2.74102540378444));
#8215=CARTESIAN_POINT('',(-0.355662432702594,-4.,2.99102540378444));
#8216=CARTESIAN_POINT('',(-0.355662432702594,-4.25,2.74102540378444));
#8217=CARTESIAN_POINT('Origin',(-0.355662432702594,-4.,2.74102540378444));
#8218=CARTESIAN_POINT('',(-0.730037997880242,-4.25,2.74102540378444));
#8219=CARTESIAN_POINT('',(-0.730037997880242,-4.,2.99102540378444));
#8220=CARTESIAN_POINT('Origin',(-0.355662432702595,-4.,3.24102540378444));
#8221=CARTESIAN_POINT('',(-0.572168783648704,-4.,3.11602540378444));
#8222=CARTESIAN_POINT('',(-0.788675134594814,-4.25,2.99102540378444));
#8223=CARTESIAN_POINT('Origin',(-0.788675134594813,-4.,2.99102540378444));
#8224=CARTESIAN_POINT('Origin',(-0.355662432702595,-4.25,3.24102540378444));
#8225=CARTESIAN_POINT('Origin',(-0.355662432702595,-4.,3.24102540378444));
#8226=CARTESIAN_POINT('Origin',(-0.621449354125747,-4.,2.70138185567666));
#8227=CARTESIAN_POINT('',(-0.621449354125747,-4.25,2.70138185567666));
#8228=CARTESIAN_POINT('',(-0.404943003179638,-4.,2.82638185567666));
#8229=CARTESIAN_POINT('Origin',(-0.5,6.12323399573677E-17,2.99102540378444));
#8230=CARTESIAN_POINT('',(-0.572168783648704,7.00704669467419E-17,3.11602540378444));
#8231=CARTESIAN_POINT('Origin',(-0.355662432702594,4.35560859786193E-17,
3.24102540378444));
#8232=CARTESIAN_POINT('',(-0.355662432702594,4.35560859786192E-17,2.99102540378444));
#8233=CARTESIAN_POINT('Origin',(-1.74838271594513E-16,2.14115129676676E-32,
2.99102540378444));
#8234=CARTESIAN_POINT('',(0.355662432702595,1.59305282702514E-32,2.99102540378444));
#8235=CARTESIAN_POINT('Origin',(0.355662432702595,3.7342041237919E-32,3.24102540378444));
#8236=CARTESIAN_POINT('',(0.572168783648704,3.7342041237919E-32,3.11602540378444));
#8237=CARTESIAN_POINT('Origin',(0.5,0.,2.99102540378444));
#8238=CARTESIAN_POINT('Origin',(-3.49676543189026E-16,-4.,1.05366424127107));
#8239=CARTESIAN_POINT('',(0.875,-4.,5.35782974626967E-17));
#8240=CARTESIAN_POINT('',(1.825,-4.,0.));
#8241=CARTESIAN_POINT('',(1.0625,-4.,0.));
#8242=CARTESIAN_POINT('',(-0.875,-4.,4.03254840651722E-16));
#8243=CARTESIAN_POINT('Origin',(-4.89858719658941E-16,-4.,0.));
#8244=CARTESIAN_POINT('',(-1.825,-4.,0.));
#8245=CARTESIAN_POINT('',(-1.0625,-4.,0.));
#8246=CARTESIAN_POINT('',(-1.825,-4.,1.05366424127107));
#8247=CARTESIAN_POINT('',(-1.825,-4.,0.526832120635534));
#8248=CARTESIAN_POINT('',(3.49676543189026E-16,-4.,2.10732848254213));
#8249=CARTESIAN_POINT('',(-1.140625,-4.,1.44878833174772));
#8250=CARTESIAN_POINT('',(1.825,-4.,1.05366424127107));
#8251=CARTESIAN_POINT('',(0.228125,-4.,1.97562045238325));
#8252=CARTESIAN_POINT('',(1.825,-4.,1.05366424127107));
#8253=CARTESIAN_POINT('Origin',(-1.825,-4.25,1.05366424127107));
#8254=CARTESIAN_POINT('',(-1.825,4.,1.05366424127107));
#8255=CARTESIAN_POINT('',(-1.825,-4.25,1.05366424127107));
#8256=CARTESIAN_POINT('',(3.49676543189026E-16,4.,2.10732848254213));
#8257=CARTESIAN_POINT('',(4.17159446558068E-16,4.,2.10732848254213));
#8258=CARTESIAN_POINT('',(4.17159446558068E-16,-4.25,2.10732848254213));
#8259=CARTESIAN_POINT('',(-0.154727771688616,-0.6875,2.0179963619066));
#8260=CARTESIAN_POINT('Origin',(-0.9125,-0.6875,1.5804963619066));
#8261=CARTESIAN_POINT('',(-0.154727771688616,3.0625,2.0179963619066));
#8262=CARTESIAN_POINT('Origin',(-0.912499999999999,3.0625,1.5804963619066));
#8263=CARTESIAN_POINT('',(-0.154727771688616,1.1875,2.0179963619066));
#8264=CARTESIAN_POINT('Origin',(-0.9125,1.1875,1.5804963619066));
#8265=CARTESIAN_POINT('',(-0.154727771688616,-2.5625,2.0179963619066));
#8266=CARTESIAN_POINT('Origin',(-0.9125,-2.5625,1.5804963619066));
#8267=CARTESIAN_POINT('Origin',(3.49676543189026E-16,-4.25,2.10732848254213));
#8268=CARTESIAN_POINT('',(1.825,4.,1.05366424127107));
#8269=CARTESIAN_POINT('',(1.825,4.,1.05366424127107));
#8270=CARTESIAN_POINT('',(1.825,-4.25,1.05366424127107));
#8271=CARTESIAN_POINT('',(0.154727771688616,0.6875,2.0179963619066));
#8272=CARTESIAN_POINT('Origin',(0.9125,0.6875,1.5804963619066));
#8273=CARTESIAN_POINT('',(0.154727771688616,-3.0625,2.0179963619066));
#8274=CARTESIAN_POINT('Origin',(0.9125,-3.0625,1.5804963619066));
#8275=CARTESIAN_POINT('',(0.154727771688616,-1.1875,2.0179963619066));
#8276=CARTESIAN_POINT('Origin',(0.9125,-1.1875,1.5804963619066));
#8277=CARTESIAN_POINT('',(0.154727771688616,2.5625,2.0179963619066));
#8278=CARTESIAN_POINT('Origin',(0.9125,2.5625,1.5804963619066));
#8279=CARTESIAN_POINT('Origin',(1.825,-4.25,1.05366424127107));
#8280=CARTESIAN_POINT('',(1.825,4.,0.));
#8281=CARTESIAN_POINT('',(1.825,4.,-1.05366424127107));
#8282=CARTESIAN_POINT('',(1.825,-2.125,0.));
#8283=CARTESIAN_POINT('Origin',(-1.825,-4.25,0.));
#8284=CARTESIAN_POINT('',(-1.825,4.,0.));
#8285=CARTESIAN_POINT('',(-1.825,-2.125,0.));
#8286=CARTESIAN_POINT('',(-1.825,4.,1.05366424127107));
#8287=CARTESIAN_POINT('Origin',(-3.49676543189026E-16,4.,1.05366424127107));
#8288=CARTESIAN_POINT('',(0.875,4.,5.35782974626967E-17));
#8289=CARTESIAN_POINT('',(1.0625,4.,0.));
#8290=CARTESIAN_POINT('',(-0.875,4.,4.03254840651722E-16));
#8291=CARTESIAN_POINT('',(-1.0625,4.,0.));
#8292=CARTESIAN_POINT('Origin',(4.89858719658941E-16,4.,0.));
#8293=CARTESIAN_POINT('Origin',(0.,0.,0.));
#8294=CARTESIAN_POINT('',(-0.875,1.07156594925393E-16,0.));
#8295=CARTESIAN_POINT('',(0.875,0.,0.));
#8296=CARTESIAN_POINT('Origin',(-2.125,2.60237444818812E-16,0.));
#8297=CARTESIAN_POINT('',(-0.875000000000001,-4.25,0.));
#8298=CARTESIAN_POINT('',(-0.875,1.07156594925393E-16,0.));
#8299=CARTESIAN_POINT('',(-5.20474889637625E-16,-4.25,0.));
#8300=CARTESIAN_POINT('Origin',(2.64951905283833,-2.125,3.08910161513775));
#8301=CARTESIAN_POINT('',(1.85458459657598,-2.30517799399633,1.81600642988006));
#8302=CARTESIAN_POINT('',(2.60458459657597,-2.30517799399633,3.11504453555671));
#8303=CARTESIAN_POINT('',(2.03158792691546,-2.23408712114636,1.7138135094611));
#8304=CARTESIAN_POINT('Origin',(1.89951905283833,-2.125,1.7900635094611));
#8305=CARTESIAN_POINT('',(2.78158792691546,-2.23408712114636,3.01285161513776));
#8306=CARTESIAN_POINT('Origin',(2.,-3.0625,3.46410161513775));
#8307=CARTESIAN_POINT('',(2.03158792691546,-2.56611934969219,1.7138135094611));
#8308=CARTESIAN_POINT('',(2.78158792691546,-2.56611934969219,3.01285161513775));
#8309=CARTESIAN_POINT('Origin',(1.25,-3.0625,2.1650635094611));
#8310=CARTESIAN_POINT('Origin',(2.78158792691546,-2.23408712114636,3.01285161513775));
#8311=CARTESIAN_POINT('',(2.03158792691546,-4.09,1.7138135094611));
#8312=CARTESIAN_POINT('Origin',(1.94308626174572,-2.40010323541928,1.76490996967058));
#8313=CARTESIAN_POINT('Origin',(2.,0.6875,3.46410161513775));
#8314=CARTESIAN_POINT('',(1.85458459657598,-0.0698220060036682,1.81600642988006));
#8315=CARTESIAN_POINT('',(2.60458459657598,-0.0698220060036682,3.11504453555671));
#8316=CARTESIAN_POINT('',(2.03158792691546,0.191119349692193,1.7138135094611));
#8317=CARTESIAN_POINT('Origin',(1.25,0.6875,2.1650635094611));
#8318=CARTESIAN_POINT('',(2.78158792691546,0.191119349692193,3.01285161513775));
#8319=CARTESIAN_POINT('Origin',(2.64951905283833,-0.25,3.08910161513775));
#8320=CARTESIAN_POINT('',(2.03158792691546,-0.140912878853642,1.7138135094611));
#8321=CARTESIAN_POINT('',(2.78158792691546,-0.140912878853642,3.01285161513776));
#8322=CARTESIAN_POINT('Origin',(1.89951905283833,-0.25,1.7900635094611));
#8323=CARTESIAN_POINT('Origin',(2.78158792691546,0.191119349692193,3.01285161513775));
#8324=CARTESIAN_POINT('',(2.03158792691546,-4.09,1.7138135094611));
#8325=CARTESIAN_POINT('Origin',(1.94308626174572,0.0251032354192756,1.76490996967058));
#8326=CARTESIAN_POINT('Origin',(2.,2.5625,3.46410161513775));
#8327=CARTESIAN_POINT('',(1.85458459657598,1.80517799399633,1.81600642988006));
#8328=CARTESIAN_POINT('',(2.60458459657598,1.80517799399633,3.11504453555671));
#8329=CARTESIAN_POINT('',(2.03158792691546,2.06611934969219,1.7138135094611));
#8330=CARTESIAN_POINT('Origin',(1.25,2.5625,2.1650635094611));
#8331=CARTESIAN_POINT('',(2.78158792691546,2.06611934969219,3.01285161513775));
#8332=CARTESIAN_POINT('Origin',(2.64951905283833,1.625,3.08910161513775));
#8333=CARTESIAN_POINT('',(2.03158792691546,1.73408712114636,1.7138135094611));
#8334=CARTESIAN_POINT('',(2.78158792691546,1.73408712114636,3.01285161513775));
#8335=CARTESIAN_POINT('Origin',(1.89951905283833,1.625,1.7900635094611));
#8336=CARTESIAN_POINT('Origin',(2.78158792691546,2.06611934969219,3.01285161513775));
#8337=CARTESIAN_POINT('',(2.03158792691546,-4.09,1.7138135094611));
#8338=CARTESIAN_POINT('Origin',(1.94308626174572,1.90010323541928,1.76490996967058));
#8339=CARTESIAN_POINT('Origin',(2.,2.5625,3.46410161513775));
#8340=CARTESIAN_POINT('',(0.742850183595539,1.7151715994996,2.45786659248168));
#8341=CARTESIAN_POINT('',(1.49285018359554,1.7151715994996,3.75690469815834));
#8342=CARTESIAN_POINT('',(0.880547279750169,1.625,2.37836713695018));
#8343=CARTESIAN_POINT('Origin',(1.25,2.5625,2.1650635094611));
#8344=CARTESIAN_POINT('',(1.63054727975017,1.625,3.67740524262683));
#8345=CARTESIAN_POINT('Origin',(1.35048094716167,1.625,3.83910161513775));
#8346=CARTESIAN_POINT('',(0.742850183595538,1.5348284005004,2.45786659248168));
#8347=CARTESIAN_POINT('',(1.49285018359554,1.5348284005004,3.75690469815834));
#8348=CARTESIAN_POINT('Origin',(0.600480947161671,1.625,2.5400635094611));
#8349=CARTESIAN_POINT('Origin',(2.,0.6875,3.46410161513775));
#8350=CARTESIAN_POINT('Origin',(1.25,0.6875,2.1650635094611));
#8351=CARTESIAN_POINT('Origin',(0.811698731672854,1.625,2.41811686471593));
#8352=CARTESIAN_POINT('Origin',(2.,-1.1875,3.46410161513775));
#8353=CARTESIAN_POINT('',(0.645415403424025,-0.430177993996332,2.51412058904214));
#8354=CARTESIAN_POINT('',(1.39541540342402,-0.430177993996332,3.8131586947188));
#8355=CARTESIAN_POINT('',(0.468412073084544,-0.691119349692193,2.6163135094611));
#8356=CARTESIAN_POINT('Origin',(1.25,-1.1875,2.1650635094611));
#8357=CARTESIAN_POINT('',(1.21841207308454,-0.691119349692193,3.91535161513775));
#8358=CARTESIAN_POINT('Origin',(1.35048094716167,-0.25,3.83910161513775));
#8359=CARTESIAN_POINT('',(0.468412073084544,-0.359087121146357,2.6163135094611));
#8360=CARTESIAN_POINT('',(1.21841207308454,-0.359087121146357,3.91535161513775));
#8361=CARTESIAN_POINT('Origin',(0.600480947161671,-0.25,2.5400635094611));
#8362=CARTESIAN_POINT('Origin',(1.21841207308454,-0.691119349692193,3.91535161513775));
#8363=CARTESIAN_POINT('',(0.468412073084545,4.09,2.61631350946109));
#8364=CARTESIAN_POINT('Origin',(0.556913738254284,-0.525103235419275,2.56521704925162));
#8365=CARTESIAN_POINT('Origin',(1.35048094716167,-4.,3.83910161513775));
#8366=CARTESIAN_POINT('',(0.645415403424024,-3.81982200600367,2.51412058904214));
#8367=CARTESIAN_POINT('',(1.39541540342402,-3.81982200600367,3.8131586947188));
#8368=CARTESIAN_POINT('',(0.468412073084544,-3.89091287885364,2.6163135094611));
#8369=CARTESIAN_POINT('Origin',(0.600480947161671,-4.,2.5400635094611));
#8370=CARTESIAN_POINT('',(1.21841207308454,-3.89091287885364,3.91535161513775));
#8371=CARTESIAN_POINT('Origin',(2.,-3.0625,3.46410161513775));
#8372=CARTESIAN_POINT('',(0.468412073084544,-3.55888065030781,2.6163135094611));
#8373=CARTESIAN_POINT('',(1.21841207308454,-3.55888065030781,3.91535161513775));
#8374=CARTESIAN_POINT('Origin',(1.25,-3.0625,2.1650635094611));
#8375=CARTESIAN_POINT('Origin',(1.21841207308454,-3.89091287885364,3.91535161513775));
#8376=CARTESIAN_POINT('',(0.468412073084545,4.09,2.61631350946109));
#8377=CARTESIAN_POINT('Origin',(0.556913738254284,-3.72489676458072,2.56521704925162));
#8378=CARTESIAN_POINT('Origin',(2.,-3.0625,3.46410161513775));
#8379=CARTESIAN_POINT('',(0.645415403424025,-2.30517799399633,2.51412058904214));
#8380=CARTESIAN_POINT('',(1.39541540342402,-2.30517799399633,3.8131586947188));
#8381=CARTESIAN_POINT('',(0.468412073084544,-2.56611934969219,2.6163135094611));
#8382=CARTESIAN_POINT('Origin',(1.25,-3.0625,2.1650635094611));
#8383=CARTESIAN_POINT('',(1.21841207308454,-2.56611934969219,3.91535161513775));
#8384=CARTESIAN_POINT('Origin',(1.35048094716167,-2.125,3.83910161513775));
#8385=CARTESIAN_POINT('',(0.468412073084543,-2.23408712114636,2.6163135094611));
#8386=CARTESIAN_POINT('',(1.21841207308454,-2.23408712114636,3.91535161513776));
#8387=CARTESIAN_POINT('Origin',(0.600480947161671,-2.125,2.5400635094611));
#8388=CARTESIAN_POINT('Origin',(1.21841207308454,-2.56611934969219,3.91535161513775));
#8389=CARTESIAN_POINT('',(0.468412073084545,4.09,2.61631350946109));
#8390=CARTESIAN_POINT('Origin',(0.556913738254284,-2.40010323541927,2.56521704925162));
#8391=CARTESIAN_POINT('Origin',(2.,0.6875,3.46410161513775));
#8392=CARTESIAN_POINT('',(0.742850183595538,-0.159828400500397,2.45786659248168));
#8393=CARTESIAN_POINT('',(1.49285018359554,-0.159828400500397,3.75690469815834));
#8394=CARTESIAN_POINT('',(0.880547279750169,-0.25,2.37836713695018));
#8395=CARTESIAN_POINT('Origin',(1.25,0.6875,2.1650635094611));
#8396=CARTESIAN_POINT('',(1.63054727975017,-0.25,3.67740524262683));
#8397=CARTESIAN_POINT('Origin',(1.35048094716167,-0.25,3.83910161513775));
#8398=CARTESIAN_POINT('',(0.742850183595538,-0.340171599499603,2.45786659248168));
#8399=CARTESIAN_POINT('',(1.49285018359554,-0.340171599499603,3.75690469815834));
#8400=CARTESIAN_POINT('Origin',(0.600480947161671,-0.25,2.5400635094611));
#8401=CARTESIAN_POINT('Origin',(2.,-1.1875,3.46410161513775));
#8402=CARTESIAN_POINT('Origin',(1.25,-1.1875,2.1650635094611));
#8403=CARTESIAN_POINT('Origin',(0.811698731672854,-0.25,2.41811686471593));
#8404=CARTESIAN_POINT('Origin',(1.35048094716167,1.625,3.83910161513775));
#8405=CARTESIAN_POINT('',(0.645415403424023,1.80517799399633,2.51412058904214));
#8406=CARTESIAN_POINT('',(1.39541540342402,1.80517799399633,3.8131586947188));
#8407=CARTESIAN_POINT('',(0.468412073084545,1.73408712114636,2.6163135094611));
#8408=CARTESIAN_POINT('Origin',(0.600480947161671,1.625,2.5400635094611));
#8409=CARTESIAN_POINT('',(1.21841207308454,1.73408712114636,3.91535161513775));
#8410=CARTESIAN_POINT('Origin',(2.,2.5625,3.46410161513775));
#8411=CARTESIAN_POINT('',(0.468412073084544,2.06611934969219,2.6163135094611));
#8412=CARTESIAN_POINT('',(1.21841207308454,2.06611934969219,3.91535161513775));
#8413=CARTESIAN_POINT('Origin',(1.25,2.5625,2.1650635094611));
#8414=CARTESIAN_POINT('Origin',(1.21841207308454,1.73408712114636,3.91535161513775));
#8415=CARTESIAN_POINT('',(0.468412073084545,4.09,2.6163135094611));
#8416=CARTESIAN_POINT('Origin',(0.556913738254284,1.90010323541928,2.56521704925162));
#8417=CARTESIAN_POINT('Origin',(1.49172541607993,3.5925,3.75755408298625));
#8418=CARTESIAN_POINT('',(0.741725416079926,3.5925,2.4585159773096));
#8419=CARTESIAN_POINT('',(1.49172541607993,3.5925,3.75755408298625));
#8420=CARTESIAN_POINT('',(1.25,3.5925,2.1650635094611));
#8421=CARTESIAN_POINT('',(0.468412073084545,3.5925,2.6163135094611));
#8422=CARTESIAN_POINT('',(2.,3.5925,3.46410161513775));
#8423=CARTESIAN_POINT('Origin',(1.35048094716167,3.5,3.83910161513775));
#8424=CARTESIAN_POINT('',(0.742850183595538,3.4098284005004,2.45786659248168));
#8425=CARTESIAN_POINT('',(1.49285018359554,3.4098284005004,3.75690469815834));
#8426=CARTESIAN_POINT('Origin',(0.600480947161671,3.5,2.5400635094611));
#8427=CARTESIAN_POINT('Origin',(2.,2.5625,3.46410161513775));
#8428=CARTESIAN_POINT('',(2.,3.5925,3.46410161513775));
#8429=CARTESIAN_POINT('Origin',(1.25,2.5625,2.1650635094611));
#8430=CARTESIAN_POINT('Origin',(0.995862708039963,3.5011642002502,2.31178974338535));
#8431=CARTESIAN_POINT('Origin',(2.,3.5925,3.46410161513775));
#8432=CARTESIAN_POINT('',(1.75827458392007,3.5925,1.8716110416126));
#8433=CARTESIAN_POINT('',(0.468412073084545,3.5925,2.6163135094611));
#8434=CARTESIAN_POINT('',(2.50827458392007,3.5925,3.17064914728926));
#8435=CARTESIAN_POINT('Origin',(2.,2.5625,3.46410161513775));
#8436=CARTESIAN_POINT('',(1.75714981640446,3.4098284005004,1.87226042644051));
#8437=CARTESIAN_POINT('',(2.50714981640446,3.4098284005004,3.17129853211717));
#8438=CARTESIAN_POINT('Origin',(1.25,2.5625,2.1650635094611));
#8439=CARTESIAN_POINT('Origin',(2.64951905283833,3.5,3.08910161513775));
#8440=CARTESIAN_POINT('Origin',(1.89951905283833,3.5,1.7900635094611));
#8441=CARTESIAN_POINT('Origin',(1.50413729196004,3.5011642002502,2.01833727553685));
#8442=CARTESIAN_POINT('Origin',(2.64951905283833,1.625,3.08910161513775));
#8443=CARTESIAN_POINT('',(1.85458459657598,1.44482200600367,1.81600642988006));
#8444=CARTESIAN_POINT('',(2.60458459657598,1.44482200600367,3.11504453555671));
#8445=CARTESIAN_POINT('',(2.03158792691546,1.51591287885364,1.7138135094611));
#8446=CARTESIAN_POINT('Origin',(1.89951905283833,1.625,1.7900635094611));
#8447=CARTESIAN_POINT('',(2.78158792691546,1.51591287885364,3.01285161513775));
#8448=CARTESIAN_POINT('Origin',(2.,0.6875,3.46410161513775));
#8449=CARTESIAN_POINT('',(2.03158792691546,1.18388065030781,1.7138135094611));
#8450=CARTESIAN_POINT('',(2.78158792691546,1.18388065030781,3.01285161513775));
#8451=CARTESIAN_POINT('Origin',(1.25,0.6875,2.1650635094611));
#8452=CARTESIAN_POINT('Origin',(2.78158792691546,1.51591287885364,3.01285161513775));
#8453=CARTESIAN_POINT('',(2.03158792691546,-4.09,1.7138135094611));
#8454=CARTESIAN_POINT('Origin',(1.94308626174572,1.34989676458072,1.76490996967058));
#8455=CARTESIAN_POINT('Origin',(2.64951905283833,-0.25,3.08910161513775));
#8456=CARTESIAN_POINT('',(1.85458459657598,-0.430177993996331,1.81600642988006));
#8457=CARTESIAN_POINT('',(2.60458459657598,-0.430177993996331,3.11504453555671));
#8458=CARTESIAN_POINT('',(2.03158792691546,-0.359087121146358,1.7138135094611));
#8459=CARTESIAN_POINT('Origin',(1.89951905283833,-0.25,1.7900635094611));
#8460=CARTESIAN_POINT('',(2.78158792691546,-0.359087121146358,3.01285161513776));
#8461=CARTESIAN_POINT('Origin',(2.,-1.1875,3.46410161513775));
#8462=CARTESIAN_POINT('',(2.03158792691546,-0.691119349692194,1.7138135094611));
#8463=CARTESIAN_POINT('',(2.78158792691546,-0.691119349692194,3.01285161513775));
#8464=CARTESIAN_POINT('Origin',(1.25,-1.1875,2.1650635094611));
#8465=CARTESIAN_POINT('Origin',(2.78158792691546,-0.359087121146358,3.01285161513775));
#8466=CARTESIAN_POINT('',(2.03158792691546,-4.09,1.7138135094611));
#8467=CARTESIAN_POINT('Origin',(1.94308626174572,-0.525103235419276,1.76490996967058));
#8468=CARTESIAN_POINT('Origin',(2.,-3.0625,3.46410161513775));
#8469=CARTESIAN_POINT('',(1.85458459657598,-3.81982200600367,1.81600642988006));
#8470=CARTESIAN_POINT('',(2.60458459657598,-3.81982200600367,3.11504453555671));
#8471=CARTESIAN_POINT('',(2.03158792691546,-3.55888065030781,1.7138135094611));
#8472=CARTESIAN_POINT('Origin',(1.25,-3.0625,2.1650635094611));
#8473=CARTESIAN_POINT('',(2.78158792691546,-3.55888065030781,3.01285161513775));
#8474=CARTESIAN_POINT('Origin',(2.64951905283833,-4.,3.08910161513775));
#8475=CARTESIAN_POINT('',(2.03158792691546,-3.89091287885364,1.7138135094611));
#8476=CARTESIAN_POINT('',(2.78158792691546,-3.89091287885364,3.01285161513775));
#8477=CARTESIAN_POINT('Origin',(1.89951905283833,-4.,1.7900635094611));
#8478=CARTESIAN_POINT('Origin',(2.78158792691546,-3.55888065030781,3.01285161513775));
#8479=CARTESIAN_POINT('',(2.03158792691546,-4.09,1.7138135094611));
#8480=CARTESIAN_POINT('Origin',(1.94308626174572,-3.72489676458072,1.76490996967058));
#8481=CARTESIAN_POINT('Origin',(2.,-3.0625,3.46410161513775));
#8482=CARTESIAN_POINT('',(1.75714981640446,-2.2151715994996,1.87226042644051));
#8483=CARTESIAN_POINT('',(2.50714981640446,-2.2151715994996,3.17129853211717));
#8484=CARTESIAN_POINT('',(1.61945272024983,-2.125,1.95175988197202));
#8485=CARTESIAN_POINT('Origin',(1.25,-3.0625,2.1650635094611));
#8486=CARTESIAN_POINT('',(2.36945272024983,-2.125,3.25079798764868));
#8487=CARTESIAN_POINT('Origin',(2.64951905283833,-2.125,3.08910161513775));
#8488=CARTESIAN_POINT('',(1.75714981640446,-2.0348284005004,1.87226042644051));
#8489=CARTESIAN_POINT('',(2.50714981640446,-2.0348284005004,3.17129853211717));
#8490=CARTESIAN_POINT('Origin',(1.89951905283833,-2.125,1.7900635094611));
#8491=CARTESIAN_POINT('Origin',(2.,-1.1875,3.46410161513775));
#8492=CARTESIAN_POINT('Origin',(1.25,-1.1875,2.1650635094611));
#8493=CARTESIAN_POINT('Origin',(1.68830126832715,-2.125,1.91201015420626));
#8494=CARTESIAN_POINT('Origin',(2.,-1.1875,3.46410161513775));
#8495=CARTESIAN_POINT('',(1.75714981640446,-0.340171599499604,1.87226042644051));
#8496=CARTESIAN_POINT('',(2.50714981640446,-0.340171599499604,3.17129853211717));
#8497=CARTESIAN_POINT('',(1.61945272024983,-0.25,1.95175988197202));
#8498=CARTESIAN_POINT('Origin',(1.25,-1.1875,2.1650635094611));
#8499=CARTESIAN_POINT('',(2.36945272024983,-0.25,3.25079798764868));
#8500=CARTESIAN_POINT('Origin',(2.64951905283833,-0.25,3.08910161513775));
#8501=CARTESIAN_POINT('',(1.75714981640446,-0.159828400500397,1.87226042644051));
#8502=CARTESIAN_POINT('',(2.50714981640446,-0.159828400500397,3.17129853211717));
#8503=CARTESIAN_POINT('Origin',(1.89951905283833,-0.25,1.7900635094611));
#8504=CARTESIAN_POINT('Origin',(2.,0.6875,3.46410161513775));
#8505=CARTESIAN_POINT('Origin',(1.25,0.6875,2.1650635094611));
#8506=CARTESIAN_POINT('Origin',(1.68830126832715,-0.25,1.91201015420626));
#8507=CARTESIAN_POINT('Origin',(2.64951905283833,3.5,3.08910161513775));
#8508=CARTESIAN_POINT('',(1.85458459657598,3.31982200600367,1.81600642988006));
#8509=CARTESIAN_POINT('',(2.60458459657598,3.31982200600367,3.11504453555671));
#8510=CARTESIAN_POINT('',(2.03158792691546,3.39091287885364,1.7138135094611));
#8511=CARTESIAN_POINT('Origin',(1.89951905283833,3.5,1.7900635094611));
#8512=CARTESIAN_POINT('',(2.78158792691545,3.39091287885364,3.01285161513776));
#8513=CARTESIAN_POINT('Origin',(2.,2.5625,3.46410161513775));
#8514=CARTESIAN_POINT('',(2.03158792691546,3.05888065030781,1.7138135094611));
#8515=CARTESIAN_POINT('',(2.78158792691546,3.05888065030781,3.01285161513775));
#8516=CARTESIAN_POINT('Origin',(1.25,2.5625,2.1650635094611));
#8517=CARTESIAN_POINT('Origin',(2.78158792691546,3.39091287885364,3.01285161513775));
#8518=CARTESIAN_POINT('',(2.03158792691546,-4.09,1.7138135094611));
#8519=CARTESIAN_POINT('Origin',(1.94308626174572,3.22489676458072,1.76490996967058));
#8520=CARTESIAN_POINT('Origin',(2.,0.6875,3.46410161513775));
#8521=CARTESIAN_POINT('',(0.645415403424025,1.44482200600367,2.51412058904214));
#8522=CARTESIAN_POINT('',(1.39541540342402,1.44482200600367,3.81315869471879));
#8523=CARTESIAN_POINT('',(0.468412073084544,1.18388065030781,2.6163135094611));
#8524=CARTESIAN_POINT('Origin',(1.25,0.6875,2.1650635094611));
#8525=CARTESIAN_POINT('',(1.21841207308454,1.18388065030781,3.91535161513775));
#8526=CARTESIAN_POINT('Origin',(1.35048094716167,1.625,3.83910161513775));
#8527=CARTESIAN_POINT('',(0.468412073084545,1.51591287885364,2.6163135094611));
#8528=CARTESIAN_POINT('',(1.21841207308454,1.51591287885364,3.91535161513775));
#8529=CARTESIAN_POINT('Origin',(0.600480947161671,1.625,2.5400635094611));
#8530=CARTESIAN_POINT('Origin',(1.21841207308454,1.18388065030781,3.91535161513775));
#8531=CARTESIAN_POINT('',(0.468412073084545,4.09,2.6163135094611));
#8532=CARTESIAN_POINT('Origin',(0.556913738254285,1.34989676458072,2.56521704925162));
#8533=CARTESIAN_POINT('Origin',(1.35048094716167,-2.125,3.83910161513775));
#8534=CARTESIAN_POINT('',(0.645415403424024,-1.94482200600367,2.51412058904214));
#8535=CARTESIAN_POINT('',(1.39541540342402,-1.94482200600367,3.8131586947188));
#8536=CARTESIAN_POINT('',(0.468412073084544,-2.01591287885364,2.6163135094611));
#8537=CARTESIAN_POINT('Origin',(0.600480947161671,-2.125,2.5400635094611));
#8538=CARTESIAN_POINT('',(1.21841207308454,-2.01591287885364,3.91535161513775));
#8539=CARTESIAN_POINT('Origin',(2.,-1.1875,3.46410161513775));
#8540=CARTESIAN_POINT('',(0.468412073084544,-1.68388065030781,2.6163135094611));
#8541=CARTESIAN_POINT('',(1.21841207308454,-1.68388065030781,3.91535161513775));
#8542=CARTESIAN_POINT('Origin',(1.25,-1.1875,2.1650635094611));
#8543=CARTESIAN_POINT('Origin',(1.21841207308454,-2.01591287885364,3.91535161513775));
#8544=CARTESIAN_POINT('',(0.468412073084545,4.09,2.61631350946109));
#8545=CARTESIAN_POINT('Origin',(0.556913738254285,-1.84989676458072,2.56521704925162));
#8546=CARTESIAN_POINT('Origin',(2.,-3.0625,3.46410161513775));
#8547=CARTESIAN_POINT('',(0.742850183595538,-3.9098284005004,2.45786659248168));
#8548=CARTESIAN_POINT('',(1.49285018359554,-3.9098284005004,3.75690469815834));
#8549=CARTESIAN_POINT('',(1.18788870875597,-4.09,2.20092348018055));
#8550=CARTESIAN_POINT('Origin',(1.25,-3.0625,2.1650635094611));
#8551=CARTESIAN_POINT('',(1.93788870875597,-4.09,3.49996158585721));
#8552=CARTESIAN_POINT('Origin',(1.35048094716167,-4.,3.83910161513775));
#8553=CARTESIAN_POINT('',(0.74293159651084,-4.09,2.45781958871312));
#8554=CARTESIAN_POINT('',(1.49293159651084,-4.09,3.75685769438978));
#8555=CARTESIAN_POINT('Origin',(0.600480947161671,-4.,2.5400635094611));
#8556=CARTESIAN_POINT('Origin',(1.93788870875597,-4.09,3.49996158585721));
#8557=CARTESIAN_POINT('',(0.468412073084545,-4.09,2.6163135094611));
#8558=CARTESIAN_POINT('Origin',(0.965369446175754,-3.9999142002502,2.32939503633112));
#8559=CARTESIAN_POINT('Origin',(2.,-1.1875,3.46410161513775));
#8560=CARTESIAN_POINT('',(0.742850183595538,-2.0348284005004,2.45786659248168));
#8561=CARTESIAN_POINT('',(1.49285018359554,-2.0348284005004,3.75690469815834));
#8562=CARTESIAN_POINT('',(0.880547279750169,-2.125,2.37836713695018));
#8563=CARTESIAN_POINT('Origin',(1.25,-1.1875,2.1650635094611));
#8564=CARTESIAN_POINT('',(1.63054727975017,-2.125,3.67740524262683));
#8565=CARTESIAN_POINT('Origin',(1.35048094716167,-2.125,3.83910161513775));
#8566=CARTESIAN_POINT('',(0.742850183595538,-2.2151715994996,2.45786659248168));
#8567=CARTESIAN_POINT('',(1.49285018359554,-2.2151715994996,3.75690469815834));
#8568=CARTESIAN_POINT('Origin',(0.600480947161671,-2.125,2.5400635094611));
#8569=CARTESIAN_POINT('Origin',(2.,-3.0625,3.46410161513775));
#8570=CARTESIAN_POINT('Origin',(1.25,-3.0625,2.1650635094611));
#8571=CARTESIAN_POINT('Origin',(0.811698731672854,-2.125,2.41811686471593));
#8572=CARTESIAN_POINT('Origin',(1.35048094716167,-0.25,3.83910161513775));
#8573=CARTESIAN_POINT('',(0.645415403424024,-0.069822006003668,2.51412058904214));
#8574=CARTESIAN_POINT('',(1.39541540342402,-0.0698220060036681,3.8131586947188));
#8575=CARTESIAN_POINT('',(0.468412073084544,-0.140912878853643,2.6163135094611));
#8576=CARTESIAN_POINT('Origin',(0.600480947161671,-0.25,2.5400635094611));
#8577=CARTESIAN_POINT('',(1.21841207308454,-0.140912878853643,3.91535161513775));
#8578=CARTESIAN_POINT('Origin',(2.,0.6875,3.46410161513775));
#8579=CARTESIAN_POINT('',(0.468412073084544,0.191119349692193,2.6163135094611));
#8580=CARTESIAN_POINT('',(1.21841207308454,0.191119349692193,3.91535161513775));
#8581=CARTESIAN_POINT('Origin',(1.25,0.6875,2.1650635094611));
#8582=CARTESIAN_POINT('Origin',(1.21841207308454,-0.140912878853643,3.91535161513775));
#8583=CARTESIAN_POINT('',(0.468412073084545,4.09,2.6163135094611));
#8584=CARTESIAN_POINT('Origin',(0.556913738254284,0.025103235419275,2.56521704925162));
#8585=CARTESIAN_POINT('Origin',(2.,2.5625,3.46410161513775));
#8586=CARTESIAN_POINT('',(0.645415403424023,3.31982200600367,2.51412058904214));
#8587=CARTESIAN_POINT('',(1.39541540342402,3.31982200600367,3.8131586947188));
#8588=CARTESIAN_POINT('',(0.468412073084545,3.05888065030781,2.6163135094611));
#8589=CARTESIAN_POINT('Origin',(1.25,2.5625,2.1650635094611));
#8590=CARTESIAN_POINT('',(1.21841207308454,3.05888065030781,3.91535161513775));
#8591=CARTESIAN_POINT('Origin',(1.35048094716167,3.5,3.83910161513775));
#8592=CARTESIAN_POINT('',(0.468412073084545,3.39091287885364,2.6163135094611));
#8593=CARTESIAN_POINT('',(1.21841207308454,3.39091287885364,3.91535161513775));
#8594=CARTESIAN_POINT('Origin',(0.600480947161671,3.5,2.5400635094611));
#8595=CARTESIAN_POINT('Origin',(1.21841207308454,3.05888065030781,3.91535161513775));
#8596=CARTESIAN_POINT('',(0.468412073084545,4.09,2.6163135094611));
#8597=CARTESIAN_POINT('Origin',(0.556913738254284,3.22489676458073,2.56521704925162));
#8598=CARTESIAN_POINT('Origin',(2.,0.6875,3.46410161513775));
#8599=CARTESIAN_POINT('',(1.75714981640446,1.5348284005004,1.87226042644051));
#8600=CARTESIAN_POINT('',(2.50714981640446,1.5348284005004,3.17129853211717));
#8601=CARTESIAN_POINT('',(1.61945272024983,1.625,1.95175988197202));
#8602=CARTESIAN_POINT('Origin',(1.25,0.6875,2.1650635094611));
#8603=CARTESIAN_POINT('',(2.36945272024983,1.625,3.25079798764868));
#8604=CARTESIAN_POINT('Origin',(2.64951905283833,1.625,3.08910161513775));
#8605=CARTESIAN_POINT('',(1.75714981640446,1.7151715994996,1.87226042644051));
#8606=CARTESIAN_POINT('',(2.50714981640446,1.7151715994996,3.17129853211717));
#8607=CARTESIAN_POINT('Origin',(1.89951905283833,1.625,1.7900635094611));
#8608=CARTESIAN_POINT('Origin',(2.,2.5625,3.46410161513775));
#8609=CARTESIAN_POINT('Origin',(1.25,2.5625,2.1650635094611));
#8610=CARTESIAN_POINT('Origin',(1.68830126832715,1.625,1.91201015420626));
#8611=CARTESIAN_POINT('Origin',(2.,-1.1875,3.46410161513775));
#8612=CARTESIAN_POINT('',(1.85458459657598,-1.94482200600367,1.81600642988006));
#8613=CARTESIAN_POINT('',(2.60458459657598,-1.94482200600367,3.11504453555671));
#8614=CARTESIAN_POINT('',(2.03158792691546,-1.68388065030781,1.7138135094611));
#8615=CARTESIAN_POINT('Origin',(1.25,-1.1875,2.1650635094611));
#8616=CARTESIAN_POINT('',(2.78158792691546,-1.68388065030781,3.01285161513775));
#8617=CARTESIAN_POINT('Origin',(2.64951905283833,-2.125,3.08910161513775));
#8618=CARTESIAN_POINT('',(2.03158792691546,-2.01591287885364,1.7138135094611));
#8619=CARTESIAN_POINT('',(2.78158792691546,-2.01591287885364,3.01285161513775));
#8620=CARTESIAN_POINT('Origin',(1.89951905283833,-2.125,1.7900635094611));
#8621=CARTESIAN_POINT('Origin',(2.78158792691546,-1.68388065030781,3.01285161513775));
#8622=CARTESIAN_POINT('',(2.03158792691546,-4.09,1.7138135094611));
#8623=CARTESIAN_POINT('Origin',(1.94308626174572,-1.84989676458072,1.76490996967058));
#8624=CARTESIAN_POINT('Origin',(2.64951905283833,-4.,3.08910161513775));
#8625=CARTESIAN_POINT('',(1.75714981640446,-3.9098284005004,1.87226042644051));
#8626=CARTESIAN_POINT('',(2.50714981640446,-3.9098284005004,3.17129853211717));
#8627=CARTESIAN_POINT('',(1.75706840348916,-4.09,1.87230743020908));
#8628=CARTESIAN_POINT('Origin',(1.89951905283833,-4.,1.7900635094611));
#8629=CARTESIAN_POINT('',(2.50706840348916,-4.09,3.17134553588573));
#8630=CARTESIAN_POINT('Origin',(2.,-3.0625,3.46410161513775));
#8631=CARTESIAN_POINT('',(1.31211129124403,-4.09,2.12920353874164));
#8632=CARTESIAN_POINT('',(2.06211129124403,-4.09,3.4282416444183));
#8633=CARTESIAN_POINT('Origin',(1.25,-3.0625,2.1650635094611));
#8634=CARTESIAN_POINT('Origin',(2.50706840348916,-4.09,3.17134553588573));
#8635=CARTESIAN_POINT('',(0.468412073084544,-4.09,2.6163135094611));
#8636=CARTESIAN_POINT('Origin',(1.53463055382425,-3.9999142002502,2.00073198259108));
#8637=CARTESIAN_POINT('Origin',(0.460364400755779,3.5,2.29737453210501));
#8638=CARTESIAN_POINT('',(0.388228887730389,3.5,2.37393215851499));
#8639=CARTESIAN_POINT('Origin',(0.475480947161671,3.5,2.32355715851499));
#8640=CARTESIAN_POINT('',(0.445212593478157,3.5,2.27113083207368));
#8641=CARTESIAN_POINT('',(0.416687549252672,3.5,2.32259137407768));
#8642=CARTESIAN_POINT('Origin',(0.912980947161671,3.5,3.08132938682637));
#8643=CARTESIAN_POINT('',(1.25110388773039,3.5,3.86847549909598));
#8644=CARTESIAN_POINT('Origin',(1.33835594716167,3.5,3.81810049909598));
#8645=CARTESIAN_POINT('',(0.825728887730389,3.5,3.13170438682637));
#8646=CARTESIAN_POINT('Origin',(1.75940250643244,-2.125,1.54737453210501));
#8647=CARTESIAN_POINT('',(1.68726699340705,-2.125,1.62393215851499));
#8648=CARTESIAN_POINT('Origin',(1.77451905283833,-2.125,1.57355715851499));
#8649=CARTESIAN_POINT('',(1.74425069915482,-2.125,1.52113083207368));
#8650=CARTESIAN_POINT('',(1.71572565492933,-2.125,1.57259137407768));
#8651=CARTESIAN_POINT('Origin',(2.21201905283833,-2.125,2.33132938682637));
#8652=CARTESIAN_POINT('',(2.55014199340705,-2.125,3.11847549909598));
#8653=CARTESIAN_POINT('Origin',(2.63739405283833,-2.125,3.06810049909598));
#8654=CARTESIAN_POINT('',(2.12476699340705,-2.125,2.38170438682637));
#8655=CARTESIAN_POINT('Origin',(1.75940250643244,1.625,1.54737453210501));
#8656=CARTESIAN_POINT('',(1.68726699340705,1.625,1.62393215851499));
#8657=CARTESIAN_POINT('Origin',(1.77451905283833,1.625,1.57355715851499));
#8658=CARTESIAN_POINT('',(1.74425069915482,1.625,1.52113083207368));
#8659=CARTESIAN_POINT('',(1.71572565492933,1.625,1.57259137407768));
#8660=CARTESIAN_POINT('Origin',(2.21201905283833,1.625,2.33132938682637));
#8661=CARTESIAN_POINT('',(2.55014199340705,1.625,3.11847549909598));
#8662=CARTESIAN_POINT('Origin',(2.63739405283833,1.625,3.06810049909598));
#8663=CARTESIAN_POINT('',(2.12476699340705,1.625,2.38170438682637));
#8664=CARTESIAN_POINT('Origin',(0.460364400755779,-0.25,2.29737453210501));
#8665=CARTESIAN_POINT('',(0.388228887730389,-0.25,2.37393215851499));
#8666=CARTESIAN_POINT('Origin',(0.475480947161671,-0.25,2.32355715851499));
#8667=CARTESIAN_POINT('',(0.445212593478157,-0.25,2.27113083207368));
#8668=CARTESIAN_POINT('',(0.416687549252672,-0.25,2.32259137407768));
#8669=CARTESIAN_POINT('Origin',(0.912980947161671,-0.25,3.08132938682637));
#8670=CARTESIAN_POINT('',(1.25110388773039,-0.25,3.86847549909598));
#8671=CARTESIAN_POINT('Origin',(1.33835594716167,-0.25,3.81810049909598));
#8672=CARTESIAN_POINT('',(0.825728887730389,-0.25,3.13170438682637));
#8673=CARTESIAN_POINT('Origin',(0.460364400755779,-4.,2.29737453210501));
#8674=CARTESIAN_POINT('',(0.388228887730389,-4.,2.37393215851499));
#8675=CARTESIAN_POINT('Origin',(0.475480947161671,-4.,2.32355715851499));
#8676=CARTESIAN_POINT('',(0.445212593478157,-4.,2.27113083207368));
#8677=CARTESIAN_POINT('',(0.416687549252672,-4.,2.32259137407768));
#8678=CARTESIAN_POINT('Origin',(0.912980947161671,-4.,3.08132938682637));
#8679=CARTESIAN_POINT('',(1.25110388773039,-4.,3.86847549909598));
#8680=CARTESIAN_POINT('Origin',(1.33835594716167,-4.,3.81810049909598));
#8681=CARTESIAN_POINT('',(0.825728887730389,-4.,3.13170438682637));
#8682=CARTESIAN_POINT('Origin',(0.460364400755779,-2.125,2.29737453210501));
#8683=CARTESIAN_POINT('',(0.388228887730389,-2.125,2.37393215851499));
#8684=CARTESIAN_POINT('Origin',(0.475480947161671,-2.125,2.32355715851499));
#8685=CARTESIAN_POINT('',(0.445212593478157,-2.125,2.27113083207368));
#8686=CARTESIAN_POINT('',(0.416687549252672,-2.125,2.32259137407768));
#8687=CARTESIAN_POINT('Origin',(0.912980947161671,-2.125,3.08132938682637));
#8688=CARTESIAN_POINT('',(1.25110388773039,-2.125,3.86847549909598));
#8689=CARTESIAN_POINT('Origin',(1.33835594716167,-2.125,3.81810049909598));
#8690=CARTESIAN_POINT('',(0.825728887730389,-2.125,3.13170438682637));
#8691=CARTESIAN_POINT('Origin',(0.460364400755779,1.625,2.29737453210501));
#8692=CARTESIAN_POINT('',(0.388228887730389,1.625,2.37393215851499));
#8693=CARTESIAN_POINT('Origin',(0.475480947161671,1.625,2.32355715851499));
#8694=CARTESIAN_POINT('',(0.445212593478157,1.625,2.27113083207368));
#8695=CARTESIAN_POINT('',(0.416687549252672,1.625,2.32259137407768));
#8696=CARTESIAN_POINT('Origin',(0.912980947161671,1.625,3.08132938682637));
#8697=CARTESIAN_POINT('',(1.25110388773039,1.625,3.86847549909598));
#8698=CARTESIAN_POINT('Origin',(1.33835594716167,1.625,3.81810049909598));
#8699=CARTESIAN_POINT('',(0.825728887730389,1.625,3.13170438682637));
#8700=CARTESIAN_POINT('Origin',(1.75940250643244,-0.25,1.54737453210501));
#8701=CARTESIAN_POINT('',(1.68726699340705,-0.25,1.62393215851499));
#8702=CARTESIAN_POINT('Origin',(1.77451905283833,-0.25,1.57355715851499));
#8703=CARTESIAN_POINT('',(1.74425069915482,-0.25,1.52113083207368));
#8704=CARTESIAN_POINT('',(1.71572565492933,-0.25,1.57259137407768));
#8705=CARTESIAN_POINT('Origin',(2.21201905283833,-0.25,2.33132938682637));
#8706=CARTESIAN_POINT('',(2.55014199340705,-0.25,3.11847549909598));
#8707=CARTESIAN_POINT('Origin',(2.63739405283833,-0.25,3.06810049909598));
#8708=CARTESIAN_POINT('',(2.12476699340705,-0.25,2.38170438682637));
#8709=CARTESIAN_POINT('Origin',(1.75940250643244,-4.,1.54737453210501));
#8710=CARTESIAN_POINT('',(1.68726699340705,-4.,1.62393215851499));
#8711=CARTESIAN_POINT('Origin',(1.77451905283833,-4.,1.57355715851499));
#8712=CARTESIAN_POINT('',(1.74425069915482,-4.,1.52113083207368));
#8713=CARTESIAN_POINT('',(1.71572565492933,-4.,1.57259137407768));
#8714=CARTESIAN_POINT('Origin',(2.21201905283833,-4.,2.33132938682637));
#8715=CARTESIAN_POINT('',(2.55014199340705,-4.,3.11847549909598));
#8716=CARTESIAN_POINT('Origin',(2.63739405283833,-4.,3.06810049909598));
#8717=CARTESIAN_POINT('',(2.12476699340705,-4.,2.38170438682637));
#8718=CARTESIAN_POINT('Origin',(1.75940250643244,3.5,1.54737453210501));
#8719=CARTESIAN_POINT('',(1.68726699340705,3.5,1.62393215851499));
#8720=CARTESIAN_POINT('Origin',(1.77451905283833,3.5,1.57355715851499));
#8721=CARTESIAN_POINT('',(1.74425069915482,3.5,1.52113083207368));
#8722=CARTESIAN_POINT('',(1.71572565492933,3.5,1.57259137407768));
#8723=CARTESIAN_POINT('Origin',(2.21201905283833,3.5,2.33132938682637));
#8724=CARTESIAN_POINT('',(2.55014199340705,3.5,3.11847549909598));
#8725=CARTESIAN_POINT('Origin',(2.63739405283833,3.5,3.06810049909598));
#8726=CARTESIAN_POINT('',(2.12476699340705,3.5,2.38170438682637));
#8727=CARTESIAN_POINT('Origin',(2.64351905283833,-2.125,3.07870931029234));
#8728=CARTESIAN_POINT('',(2.54565818221069,-2.125,3.13520931029234));
#8729=CARTESIAN_POINT('Origin',(2.64351905283833,1.625,3.07870931029234));
#8730=CARTESIAN_POINT('',(2.54565818221069,1.625,3.13520931029234));
#8731=CARTESIAN_POINT('Origin',(1.34448094716167,3.5,3.82870931029234));
#8732=CARTESIAN_POINT('',(1.24662007653403,3.5,3.88520931029234));
#8733=CARTESIAN_POINT('Origin',(1.34448094716167,-0.25,3.82870931029234));
#8734=CARTESIAN_POINT('',(1.24662007653403,-0.25,3.88520931029234));
#8735=CARTESIAN_POINT('Origin',(1.34448094716167,-4.,3.82870931029234));
#8736=CARTESIAN_POINT('',(1.24662007653403,-4.,3.88520931029234));
#8737=CARTESIAN_POINT('Origin',(1.34448094716167,-2.125,3.82870931029234));
#8738=CARTESIAN_POINT('',(1.24662007653403,-2.125,3.88520931029234));
#8739=CARTESIAN_POINT('Origin',(1.34448094716167,1.625,3.82870931029234));
#8740=CARTESIAN_POINT('',(1.24662007653403,1.625,3.88520931029234));
#8741=CARTESIAN_POINT('Origin',(2.64351905283833,3.5,3.07870931029234));
#8742=CARTESIAN_POINT('',(2.54565818221069,3.5,3.13520931029234));
#8743=CARTESIAN_POINT('Origin',(2.64351905283833,-0.25,3.07870931029234));
#8744=CARTESIAN_POINT('',(2.54565818221069,-0.25,3.13520931029234));
#8745=CARTESIAN_POINT('Origin',(2.64351905283833,-4.,3.07870931029234));
#8746=CARTESIAN_POINT('',(2.54565818221069,-4.,3.13520931029234));
#8747=CARTESIAN_POINT('Origin',(0.9,0.6875,1.55884572681199));
#8748=CARTESIAN_POINT('',(0.142227771688616,0.6875,1.99634572681199));
#8749=CARTESIAN_POINT('Origin',(0.9,-3.0625,1.55884572681199));
#8750=CARTESIAN_POINT('',(0.142227771688616,-3.0625,1.99634572681199));
#8751=CARTESIAN_POINT('Origin',(0.9,-1.1875,1.55884572681199));
#8752=CARTESIAN_POINT('',(0.142227771688616,-1.1875,1.99634572681199));
#8753=CARTESIAN_POINT('Origin',(0.9,2.5625,1.55884572681199));
#8754=CARTESIAN_POINT('',(0.142227771688616,2.5625,1.99634572681199));
#8755=CARTESIAN_POINT('Origin',(2.125,0.,0.));
#8756=CARTESIAN_POINT('',(0.875,-4.25,0.));
#8757=CARTESIAN_POINT('',(0.,-4.25,0.));
#8758=CARTESIAN_POINT('',(0.875,0.,0.));
#8759=CARTESIAN_POINT('Origin',(-2.64951905283833,2.125,3.08910161513775));
#8760=CARTESIAN_POINT('',(-1.85458459657597,2.30517799399633,1.81600642988006));
#8761=CARTESIAN_POINT('',(-2.60458459657597,2.30517799399633,3.11504453555671));
#8762=CARTESIAN_POINT('',(-2.03158792691546,2.23408712114636,1.7138135094611));
#8763=CARTESIAN_POINT('Origin',(-1.89951905283833,2.125,1.7900635094611));
#8764=CARTESIAN_POINT('',(-2.78158792691546,2.23408712114636,3.01285161513776));
#8765=CARTESIAN_POINT('Origin',(-2.,3.0625,3.46410161513775));
#8766=CARTESIAN_POINT('',(-2.03158792691546,2.56611934969219,1.7138135094611));
#8767=CARTESIAN_POINT('',(-2.78158792691546,2.56611934969219,3.01285161513775));
#8768=CARTESIAN_POINT('Origin',(-1.25,3.0625,2.1650635094611));
#8769=CARTESIAN_POINT('Origin',(-2.78158792691546,2.23408712114636,3.01285161513775));
#8770=CARTESIAN_POINT('',(-2.03158792691546,4.09,1.7138135094611));
#8771=CARTESIAN_POINT('Origin',(-1.94308626174571,2.40010323541928,1.76490996967058));
#8772=CARTESIAN_POINT('Origin',(-2.,-0.6875,3.46410161513775));
#8773=CARTESIAN_POINT('',(-1.85458459657598,0.0698220060036684,1.81600642988006));
#8774=CARTESIAN_POINT('',(-2.60458459657598,0.0698220060036685,3.11504453555671));
#8775=CARTESIAN_POINT('',(-2.03158792691546,-0.191119349692193,1.7138135094611));
#8776=CARTESIAN_POINT('Origin',(-1.25,-0.6875,2.1650635094611));
#8777=CARTESIAN_POINT('',(-2.78158792691546,-0.191119349692193,3.01285161513775));
#8778=CARTESIAN_POINT('Origin',(-2.64951905283833,0.25,3.08910161513775));
#8779=CARTESIAN_POINT('',(-2.03158792691546,0.140912878853642,1.7138135094611));
#8780=CARTESIAN_POINT('',(-2.78158792691546,0.140912878853642,3.01285161513776));
#8781=CARTESIAN_POINT('Origin',(-1.89951905283833,0.25,1.7900635094611));
#8782=CARTESIAN_POINT('Origin',(-2.78158792691546,-0.191119349692193,3.01285161513775));
#8783=CARTESIAN_POINT('',(-2.03158792691546,4.09,1.7138135094611));
#8784=CARTESIAN_POINT('Origin',(-1.94308626174572,-0.0251032354192754,1.76490996967058));
#8785=CARTESIAN_POINT('Origin',(-2.,-2.5625,3.46410161513775));
#8786=CARTESIAN_POINT('',(-1.85458459657598,-1.80517799399633,1.81600642988006));
#8787=CARTESIAN_POINT('',(-2.60458459657598,-1.80517799399633,3.11504453555671));
#8788=CARTESIAN_POINT('',(-2.03158792691546,-2.06611934969219,1.7138135094611));
#8789=CARTESIAN_POINT('Origin',(-1.25,-2.5625,2.1650635094611));
#8790=CARTESIAN_POINT('',(-2.78158792691546,-2.06611934969219,3.01285161513775));
#8791=CARTESIAN_POINT('Origin',(-2.64951905283833,-1.625,3.08910161513775));
#8792=CARTESIAN_POINT('',(-2.03158792691546,-1.73408712114636,1.7138135094611));
#8793=CARTESIAN_POINT('',(-2.78158792691546,-1.73408712114636,3.01285161513775));
#8794=CARTESIAN_POINT('Origin',(-1.89951905283833,-1.625,1.7900635094611));
#8795=CARTESIAN_POINT('Origin',(-2.78158792691546,-2.06611934969219,3.01285161513775));
#8796=CARTESIAN_POINT('',(-2.03158792691546,4.09,1.7138135094611));
#8797=CARTESIAN_POINT('Origin',(-1.94308626174572,-1.90010323541928,1.76490996967058));
#8798=CARTESIAN_POINT('Origin',(-2.,-2.5625,3.46410161513775));
#8799=CARTESIAN_POINT('',(-0.742850183595539,-1.7151715994996,2.45786659248168));
#8800=CARTESIAN_POINT('',(-1.49285018359554,-1.7151715994996,3.75690469815834));
#8801=CARTESIAN_POINT('',(-0.88054727975017,-1.625,2.37836713695018));
#8802=CARTESIAN_POINT('Origin',(-1.25,-2.5625,2.1650635094611));
#8803=CARTESIAN_POINT('',(-1.63054727975017,-1.625,3.67740524262683));
#8804=CARTESIAN_POINT('Origin',(-1.35048094716167,-1.625,3.83910161513775));
#8805=CARTESIAN_POINT('',(-0.742850183595538,-1.5348284005004,2.45786659248168));
#8806=CARTESIAN_POINT('',(-1.49285018359554,-1.5348284005004,3.75690469815834));
#8807=CARTESIAN_POINT('Origin',(-0.600480947161672,-1.625,2.5400635094611));
#8808=CARTESIAN_POINT('Origin',(-2.,-0.6875,3.46410161513775));
#8809=CARTESIAN_POINT('Origin',(-1.25,-0.6875,2.1650635094611));
#8810=CARTESIAN_POINT('Origin',(-0.811698731672854,-1.625,2.41811686471593));
#8811=CARTESIAN_POINT('Origin',(-2.,1.1875,3.46410161513775));
#8812=CARTESIAN_POINT('',(-0.645415403424025,0.430177993996332,2.51412058904214));
#8813=CARTESIAN_POINT('',(-1.39541540342402,0.430177993996332,3.8131586947188));
#8814=CARTESIAN_POINT('',(-0.468412073084544,0.691119349692194,2.6163135094611));
#8815=CARTESIAN_POINT('Origin',(-1.25,1.1875,2.1650635094611));
#8816=CARTESIAN_POINT('',(-1.21841207308454,0.691119349692194,3.91535161513775));
#8817=CARTESIAN_POINT('Origin',(-1.35048094716167,0.25,3.83910161513775));
#8818=CARTESIAN_POINT('',(-0.468412073084544,0.359087121146357,2.6163135094611));
#8819=CARTESIAN_POINT('',(-1.21841207308454,0.359087121146357,3.91535161513775));
#8820=CARTESIAN_POINT('Origin',(-0.600480947161671,0.25,2.5400635094611));
#8821=CARTESIAN_POINT('Origin',(-1.21841207308454,0.691119349692194,3.91535161513775));
#8822=CARTESIAN_POINT('',(-0.468412073084545,-4.09,2.61631350946109));
#8823=CARTESIAN_POINT('Origin',(-0.556913738254284,0.525103235419275,2.56521704925162));
#8824=CARTESIAN_POINT('Origin',(-1.35048094716167,4.,3.83910161513775));
#8825=CARTESIAN_POINT('',(-0.645415403424023,3.81982200600367,2.51412058904214));
#8826=CARTESIAN_POINT('',(-1.39541540342402,3.81982200600367,3.8131586947188));
#8827=CARTESIAN_POINT('',(-0.468412073084544,3.89091287885364,2.6163135094611));
#8828=CARTESIAN_POINT('Origin',(-0.600480947161671,4.,2.5400635094611));
#8829=CARTESIAN_POINT('',(-1.21841207308454,3.89091287885364,3.91535161513775));
#8830=CARTESIAN_POINT('Origin',(-2.,3.0625,3.46410161513775));
#8831=CARTESIAN_POINT('',(-0.468412073084544,3.55888065030781,2.6163135094611));
#8832=CARTESIAN_POINT('',(-1.21841207308454,3.55888065030781,3.91535161513775));
#8833=CARTESIAN_POINT('Origin',(-1.25,3.0625,2.1650635094611));
#8834=CARTESIAN_POINT('Origin',(-1.21841207308454,3.89091287885364,3.91535161513775));
#8835=CARTESIAN_POINT('',(-0.468412073084545,-4.09,2.61631350946109));
#8836=CARTESIAN_POINT('Origin',(-0.556913738254284,3.72489676458072,2.56521704925162));
#8837=CARTESIAN_POINT('Origin',(-2.,3.0625,3.46410161513775));
#8838=CARTESIAN_POINT('',(-0.645415403424025,2.30517799399633,2.51412058904214));
#8839=CARTESIAN_POINT('',(-1.39541540342402,2.30517799399633,3.8131586947188));
#8840=CARTESIAN_POINT('',(-0.468412073084544,2.56611934969219,2.6163135094611));
#8841=CARTESIAN_POINT('Origin',(-1.25,3.0625,2.1650635094611));
#8842=CARTESIAN_POINT('',(-1.21841207308454,2.56611934969219,3.91535161513775));
#8843=CARTESIAN_POINT('Origin',(-1.35048094716167,2.125,3.83910161513775));
#8844=CARTESIAN_POINT('',(-0.468412073084543,2.23408712114636,2.6163135094611));
#8845=CARTESIAN_POINT('',(-1.21841207308454,2.23408712114636,3.91535161513776));
#8846=CARTESIAN_POINT('Origin',(-0.600480947161671,2.125,2.5400635094611));
#8847=CARTESIAN_POINT('Origin',(-1.21841207308454,2.56611934969219,3.91535161513775));
#8848=CARTESIAN_POINT('',(-0.468412073084545,-4.09,2.61631350946109));
#8849=CARTESIAN_POINT('Origin',(-0.556913738254284,2.40010323541927,2.56521704925162));
#8850=CARTESIAN_POINT('Origin',(-2.,-0.6875,3.46410161513775));
#8851=CARTESIAN_POINT('',(-0.742850183595538,0.159828400500397,2.45786659248168));
#8852=CARTESIAN_POINT('',(-1.49285018359554,0.159828400500397,3.75690469815834));
#8853=CARTESIAN_POINT('',(-0.880547279750169,0.25,2.37836713695018));
#8854=CARTESIAN_POINT('Origin',(-1.25,-0.6875,2.1650635094611));
#8855=CARTESIAN_POINT('',(-1.63054727975017,0.25,3.67740524262683));
#8856=CARTESIAN_POINT('Origin',(-1.35048094716167,0.25,3.83910161513775));
#8857=CARTESIAN_POINT('',(-0.742850183595538,0.340171599499603,2.45786659248168));
#8858=CARTESIAN_POINT('',(-1.49285018359554,0.340171599499604,3.75690469815834));
#8859=CARTESIAN_POINT('Origin',(-0.600480947161671,0.25,2.5400635094611));
#8860=CARTESIAN_POINT('Origin',(-2.,1.1875,3.46410161513775));
#8861=CARTESIAN_POINT('Origin',(-1.25,1.1875,2.1650635094611));
#8862=CARTESIAN_POINT('Origin',(-0.811698731672854,0.25,2.41811686471593));
#8863=CARTESIAN_POINT('Origin',(-1.35048094716167,-1.625,3.83910161513775));
#8864=CARTESIAN_POINT('',(-0.645415403424024,-1.80517799399633,2.51412058904214));
#8865=CARTESIAN_POINT('',(-1.39541540342402,-1.80517799399633,3.8131586947188));
#8866=CARTESIAN_POINT('',(-0.468412073084545,-1.73408712114636,2.6163135094611));
#8867=CARTESIAN_POINT('Origin',(-0.600480947161671,-1.625,2.5400635094611));
#8868=CARTESIAN_POINT('',(-1.21841207308454,-1.73408712114636,3.91535161513775));
#8869=CARTESIAN_POINT('Origin',(-2.,-2.5625,3.46410161513775));
#8870=CARTESIAN_POINT('',(-0.468412073084544,-2.06611934969219,2.6163135094611));
#8871=CARTESIAN_POINT('',(-1.21841207308454,-2.06611934969219,3.91535161513775));
#8872=CARTESIAN_POINT('Origin',(-1.25,-2.5625,2.1650635094611));
#8873=CARTESIAN_POINT('Origin',(-1.21841207308454,-1.73408712114636,3.91535161513775));
#8874=CARTESIAN_POINT('',(-0.468412073084545,-4.09,2.6163135094611));
#8875=CARTESIAN_POINT('Origin',(-0.556913738254285,-1.90010323541928,2.56521704925162));
#8876=CARTESIAN_POINT('Origin',(-1.49172541607993,-3.5925,3.75755408298625));
#8877=CARTESIAN_POINT('',(-0.741725416079927,-3.5925,2.4585159773096));
#8878=CARTESIAN_POINT('',(-1.49172541607993,-3.5925,3.75755408298625));
#8879=CARTESIAN_POINT('',(-1.25,-3.5925,2.1650635094611));
#8880=CARTESIAN_POINT('',(-0.468412073084545,-3.5925,2.6163135094611));
#8881=CARTESIAN_POINT('',(-2.,-3.5925,3.46410161513775));
#8882=CARTESIAN_POINT('Origin',(-1.35048094716167,-3.5,3.83910161513775));
#8883=CARTESIAN_POINT('',(-0.742850183595539,-3.4098284005004,2.45786659248168));
#8884=CARTESIAN_POINT('',(-1.49285018359554,-3.4098284005004,3.75690469815834));
#8885=CARTESIAN_POINT('Origin',(-0.600480947161671,-3.5,2.5400635094611));
#8886=CARTESIAN_POINT('Origin',(-2.,-2.5625,3.46410161513775));
#8887=CARTESIAN_POINT('',(-2.,-3.5925,3.46410161513775));
#8888=CARTESIAN_POINT('Origin',(-1.25,-2.5625,2.1650635094611));
#8889=CARTESIAN_POINT('Origin',(-0.995862708039964,-3.5011642002502,2.31178974338535));
#8890=CARTESIAN_POINT('Origin',(-2.,-3.5925,3.46410161513775));
#8891=CARTESIAN_POINT('',(-1.75827458392007,-3.5925,1.8716110416126));
#8892=CARTESIAN_POINT('',(-0.468412073084545,-3.5925,2.6163135094611));
#8893=CARTESIAN_POINT('',(-2.50827458392007,-3.5925,3.17064914728926));
#8894=CARTESIAN_POINT('Origin',(-2.,-2.5625,3.46410161513775));
#8895=CARTESIAN_POINT('',(-1.75714981640446,-3.4098284005004,1.87226042644051));
#8896=CARTESIAN_POINT('',(-2.50714981640446,-3.4098284005004,3.17129853211717));
#8897=CARTESIAN_POINT('Origin',(-1.25,-2.5625,2.1650635094611));
#8898=CARTESIAN_POINT('Origin',(-2.64951905283833,-3.5,3.08910161513775));
#8899=CARTESIAN_POINT('Origin',(-1.89951905283833,-3.5,1.7900635094611));
#8900=CARTESIAN_POINT('Origin',(-1.50413729196004,-3.5011642002502,2.01833727553685));
#8901=CARTESIAN_POINT('Origin',(-2.64951905283833,-1.625,3.08910161513775));
#8902=CARTESIAN_POINT('',(-1.85458459657598,-1.44482200600367,1.81600642988006));
#8903=CARTESIAN_POINT('',(-2.60458459657598,-1.44482200600367,3.11504453555671));
#8904=CARTESIAN_POINT('',(-2.03158792691546,-1.51591287885364,1.7138135094611));
#8905=CARTESIAN_POINT('Origin',(-1.89951905283833,-1.625,1.7900635094611));
#8906=CARTESIAN_POINT('',(-2.78158792691546,-1.51591287885364,3.01285161513775));
#8907=CARTESIAN_POINT('Origin',(-2.,-0.6875,3.46410161513775));
#8908=CARTESIAN_POINT('',(-2.03158792691546,-1.18388065030781,1.7138135094611));
#8909=CARTESIAN_POINT('',(-2.78158792691546,-1.18388065030781,3.01285161513775));
#8910=CARTESIAN_POINT('Origin',(-1.25,-0.6875,2.1650635094611));
#8911=CARTESIAN_POINT('Origin',(-2.78158792691546,-1.51591287885364,3.01285161513775));
#8912=CARTESIAN_POINT('',(-2.03158792691546,4.09,1.7138135094611));
#8913=CARTESIAN_POINT('Origin',(-1.94308626174572,-1.34989676458072,1.76490996967058));
#8914=CARTESIAN_POINT('Origin',(-2.64951905283833,0.25,3.08910161513775));
#8915=CARTESIAN_POINT('',(-1.85458459657598,0.430177993996332,1.81600642988006));
#8916=CARTESIAN_POINT('',(-2.60458459657598,0.430177993996332,3.11504453555671));
#8917=CARTESIAN_POINT('',(-2.03158792691546,0.359087121146359,1.7138135094611));
#8918=CARTESIAN_POINT('Origin',(-1.89951905283833,0.25,1.7900635094611));
#8919=CARTESIAN_POINT('',(-2.78158792691546,0.359087121146359,3.01285161513776));
#8920=CARTESIAN_POINT('Origin',(-2.,1.1875,3.46410161513775));
#8921=CARTESIAN_POINT('',(-2.03158792691546,0.691119349692194,1.7138135094611));
#8922=CARTESIAN_POINT('',(-2.78158792691546,0.691119349692195,3.01285161513775));
#8923=CARTESIAN_POINT('Origin',(-1.25,1.1875,2.1650635094611));
#8924=CARTESIAN_POINT('Origin',(-2.78158792691546,0.359087121146359,3.01285161513775));
#8925=CARTESIAN_POINT('',(-2.03158792691546,4.09,1.7138135094611));
#8926=CARTESIAN_POINT('Origin',(-1.94308626174572,0.525103235419277,1.76490996967058));
#8927=CARTESIAN_POINT('Origin',(-2.,3.0625,3.46410161513775));
#8928=CARTESIAN_POINT('',(-1.85458459657598,3.81982200600367,1.81600642988006));
#8929=CARTESIAN_POINT('',(-2.60458459657598,3.81982200600367,3.11504453555671));
#8930=CARTESIAN_POINT('',(-2.03158792691546,3.55888065030781,1.7138135094611));
#8931=CARTESIAN_POINT('Origin',(-1.25,3.0625,2.1650635094611));
#8932=CARTESIAN_POINT('',(-2.78158792691546,3.55888065030781,3.01285161513775));
#8933=CARTESIAN_POINT('Origin',(-2.64951905283833,4.,3.08910161513775));
#8934=CARTESIAN_POINT('',(-2.03158792691546,3.89091287885364,1.7138135094611));
#8935=CARTESIAN_POINT('',(-2.78158792691546,3.89091287885364,3.01285161513775));
#8936=CARTESIAN_POINT('Origin',(-1.89951905283833,4.,1.7900635094611));
#8937=CARTESIAN_POINT('Origin',(-2.78158792691546,3.55888065030781,3.01285161513775));
#8938=CARTESIAN_POINT('',(-2.03158792691546,4.09,1.7138135094611));
#8939=CARTESIAN_POINT('Origin',(-1.94308626174572,3.72489676458072,1.76490996967058));
#8940=CARTESIAN_POINT('Origin',(-2.,3.0625,3.46410161513775));
#8941=CARTESIAN_POINT('',(-1.75714981640446,2.2151715994996,1.87226042644051));
#8942=CARTESIAN_POINT('',(-2.50714981640446,2.2151715994996,3.17129853211717));
#8943=CARTESIAN_POINT('',(-1.61945272024983,2.125,1.95175988197202));
#8944=CARTESIAN_POINT('Origin',(-1.25,3.0625,2.1650635094611));
#8945=CARTESIAN_POINT('',(-2.36945272024983,2.125,3.25079798764868));
#8946=CARTESIAN_POINT('Origin',(-2.64951905283833,2.125,3.08910161513775));
#8947=CARTESIAN_POINT('',(-1.75714981640446,2.0348284005004,1.87226042644051));
#8948=CARTESIAN_POINT('',(-2.50714981640446,2.0348284005004,3.17129853211717));
#8949=CARTESIAN_POINT('Origin',(-1.89951905283833,2.125,1.7900635094611));
#8950=CARTESIAN_POINT('Origin',(-2.,1.1875,3.46410161513775));
#8951=CARTESIAN_POINT('Origin',(-1.25,1.1875,2.1650635094611));
#8952=CARTESIAN_POINT('Origin',(-1.68830126832715,2.125,1.91201015420626));
#8953=CARTESIAN_POINT('Origin',(-2.,1.1875,3.46410161513775));
#8954=CARTESIAN_POINT('',(-1.75714981640446,0.340171599499604,1.87226042644051));
#8955=CARTESIAN_POINT('',(-2.50714981640446,0.340171599499604,3.17129853211717));
#8956=CARTESIAN_POINT('',(-1.61945272024983,0.25,1.95175988197202));
#8957=CARTESIAN_POINT('Origin',(-1.25,1.1875,2.1650635094611));
#8958=CARTESIAN_POINT('',(-2.36945272024983,0.25,3.25079798764868));
#8959=CARTESIAN_POINT('Origin',(-2.64951905283833,0.25,3.08910161513775));
#8960=CARTESIAN_POINT('',(-1.75714981640446,0.159828400500397,1.87226042644051));
#8961=CARTESIAN_POINT('',(-2.50714981640446,0.159828400500397,3.17129853211717));
#8962=CARTESIAN_POINT('Origin',(-1.89951905283833,0.25,1.7900635094611));
#8963=CARTESIAN_POINT('Origin',(-2.,-0.6875,3.46410161513775));
#8964=CARTESIAN_POINT('Origin',(-1.25,-0.6875,2.1650635094611));
#8965=CARTESIAN_POINT('Origin',(-1.68830126832715,0.25,1.91201015420626));
#8966=CARTESIAN_POINT('Origin',(-2.64951905283833,-3.5,3.08910161513775));
#8967=CARTESIAN_POINT('',(-1.85458459657598,-3.31982200600367,1.81600642988006));
#8968=CARTESIAN_POINT('',(-2.60458459657598,-3.31982200600367,3.11504453555671));
#8969=CARTESIAN_POINT('',(-2.03158792691546,-3.39091287885364,1.7138135094611));
#8970=CARTESIAN_POINT('Origin',(-1.89951905283833,-3.5,1.7900635094611));
#8971=CARTESIAN_POINT('',(-2.78158792691546,-3.39091287885364,3.01285161513776));
#8972=CARTESIAN_POINT('Origin',(-2.,-2.5625,3.46410161513775));
#8973=CARTESIAN_POINT('',(-2.03158792691546,-3.05888065030781,1.7138135094611));
#8974=CARTESIAN_POINT('',(-2.78158792691546,-3.05888065030781,3.01285161513775));
#8975=CARTESIAN_POINT('Origin',(-1.25,-2.5625,2.1650635094611));
#8976=CARTESIAN_POINT('Origin',(-2.78158792691546,-3.39091287885364,3.01285161513775));
#8977=CARTESIAN_POINT('',(-2.03158792691546,4.09,1.7138135094611));
#8978=CARTESIAN_POINT('Origin',(-1.94308626174572,-3.22489676458072,1.76490996967058));
#8979=CARTESIAN_POINT('Origin',(-2.,-0.6875,3.46410161513775));
#8980=CARTESIAN_POINT('',(-0.645415403424025,-1.44482200600367,2.51412058904214));
#8981=CARTESIAN_POINT('',(-1.39541540342403,-1.44482200600367,3.81315869471879));
#8982=CARTESIAN_POINT('',(-0.468412073084545,-1.18388065030781,2.6163135094611));
#8983=CARTESIAN_POINT('Origin',(-1.25,-0.6875,2.1650635094611));
#8984=CARTESIAN_POINT('',(-1.21841207308454,-1.18388065030781,3.91535161513775));
#8985=CARTESIAN_POINT('Origin',(-1.35048094716167,-1.625,3.83910161513775));
#8986=CARTESIAN_POINT('',(-0.468412073084545,-1.51591287885364,2.6163135094611));
#8987=CARTESIAN_POINT('',(-1.21841207308454,-1.51591287885364,3.91535161513775));
#8988=CARTESIAN_POINT('Origin',(-0.600480947161671,-1.625,2.5400635094611));
#8989=CARTESIAN_POINT('Origin',(-1.21841207308454,-1.18388065030781,3.91535161513775));
#8990=CARTESIAN_POINT('',(-0.468412073084545,-4.09,2.6163135094611));
#8991=CARTESIAN_POINT('Origin',(-0.556913738254285,-1.34989676458072,2.56521704925162));
#8992=CARTESIAN_POINT('Origin',(-1.35048094716167,2.125,3.83910161513775));
#8993=CARTESIAN_POINT('',(-0.645415403424024,1.94482200600367,2.51412058904214));
#8994=CARTESIAN_POINT('',(-1.39541540342402,1.94482200600367,3.8131586947188));
#8995=CARTESIAN_POINT('',(-0.468412073084544,2.01591287885364,2.6163135094611));
#8996=CARTESIAN_POINT('Origin',(-0.600480947161671,2.125,2.5400635094611));
#8997=CARTESIAN_POINT('',(-1.21841207308454,2.01591287885364,3.91535161513775));
#8998=CARTESIAN_POINT('Origin',(-2.,1.1875,3.46410161513775));
#8999=CARTESIAN_POINT('',(-0.468412073084544,1.68388065030781,2.6163135094611));
#9000=CARTESIAN_POINT('',(-1.21841207308454,1.68388065030781,3.91535161513775));
#9001=CARTESIAN_POINT('Origin',(-1.25,1.1875,2.1650635094611));
#9002=CARTESIAN_POINT('Origin',(-1.21841207308454,2.01591287885364,3.91535161513775));
#9003=CARTESIAN_POINT('',(-0.468412073084545,-4.09,2.61631350946109));
#9004=CARTESIAN_POINT('Origin',(-0.556913738254284,1.84989676458072,2.56521704925162));
#9005=CARTESIAN_POINT('Origin',(-2.,3.0625,3.46410161513775));
#9006=CARTESIAN_POINT('',(-0.742850183595538,3.9098284005004,2.45786659248168));
#9007=CARTESIAN_POINT('',(-1.49285018359554,3.9098284005004,3.75690469815834));
#9008=CARTESIAN_POINT('',(-1.18788870875597,4.09,2.20092348018055));
#9009=CARTESIAN_POINT('Origin',(-1.25,3.0625,2.1650635094611));
#9010=CARTESIAN_POINT('',(-1.93788870875597,4.09,3.49996158585721));
#9011=CARTESIAN_POINT('Origin',(-1.35048094716167,4.,3.83910161513775));
#9012=CARTESIAN_POINT('',(-0.74293159651084,4.09,2.45781958871312));
#9013=CARTESIAN_POINT('',(-1.49293159651084,4.09,3.75685769438978));
#9014=CARTESIAN_POINT('Origin',(-0.600480947161671,4.,2.5400635094611));
#9015=CARTESIAN_POINT('Origin',(-1.93788870875597,4.09,3.49996158585721));
#9016=CARTESIAN_POINT('',(-0.468412073084544,4.09,2.6163135094611));
#9017=CARTESIAN_POINT('Origin',(-0.965369446175754,3.9999142002502,2.32939503633112));
#9018=CARTESIAN_POINT('Origin',(-2.,1.1875,3.46410161513775));
#9019=CARTESIAN_POINT('',(-0.742850183595538,2.0348284005004,2.45786659248168));
#9020=CARTESIAN_POINT('',(-1.49285018359554,2.0348284005004,3.75690469815834));
#9021=CARTESIAN_POINT('',(-0.880547279750169,2.125,2.37836713695018));
#9022=CARTESIAN_POINT('Origin',(-1.25,1.1875,2.1650635094611));
#9023=CARTESIAN_POINT('',(-1.63054727975017,2.125,3.67740524262683));
#9024=CARTESIAN_POINT('Origin',(-1.35048094716167,2.125,3.83910161513775));
#9025=CARTESIAN_POINT('',(-0.742850183595538,2.2151715994996,2.45786659248168));
#9026=CARTESIAN_POINT('',(-1.49285018359554,2.2151715994996,3.75690469815834));
#9027=CARTESIAN_POINT('Origin',(-0.600480947161671,2.125,2.5400635094611));
#9028=CARTESIAN_POINT('Origin',(-2.,3.0625,3.46410161513775));
#9029=CARTESIAN_POINT('Origin',(-1.25,3.0625,2.1650635094611));
#9030=CARTESIAN_POINT('Origin',(-0.811698731672854,2.125,2.41811686471593));
#9031=CARTESIAN_POINT('Origin',(-1.35048094716167,0.25,3.83910161513775));
#9032=CARTESIAN_POINT('',(-0.645415403424024,0.0698220060036681,2.51412058904214));
#9033=CARTESIAN_POINT('',(-1.39541540342402,0.0698220060036682,3.8131586947188));
#9034=CARTESIAN_POINT('',(-0.468412073084544,0.140912878853643,2.6163135094611));
#9035=CARTESIAN_POINT('Origin',(-0.600480947161671,0.25,2.5400635094611));
#9036=CARTESIAN_POINT('',(-1.21841207308454,0.140912878853643,3.91535161513775));
#9037=CARTESIAN_POINT('Origin',(-2.,-0.6875,3.46410161513775));
#9038=CARTESIAN_POINT('',(-0.468412073084544,-0.191119349692193,2.6163135094611));
#9039=CARTESIAN_POINT('',(-1.21841207308454,-0.191119349692193,3.91535161513775));
#9040=CARTESIAN_POINT('Origin',(-1.25,-0.6875,2.1650635094611));
#9041=CARTESIAN_POINT('Origin',(-1.21841207308454,0.140912878853643,3.91535161513775));
#9042=CARTESIAN_POINT('',(-0.468412073084545,-4.09,2.6163135094611));
#9043=CARTESIAN_POINT('Origin',(-0.556913738254284,-0.0251032354192749,
2.56521704925162));
#9044=CARTESIAN_POINT('Origin',(-2.,-2.5625,3.46410161513775));
#9045=CARTESIAN_POINT('',(-0.645415403424024,-3.31982200600367,2.51412058904214));
#9046=CARTESIAN_POINT('',(-1.39541540342402,-3.31982200600367,3.8131586947188));
#9047=CARTESIAN_POINT('',(-0.468412073084545,-3.05888065030781,2.6163135094611));
#9048=CARTESIAN_POINT('Origin',(-1.25,-2.5625,2.1650635094611));
#9049=CARTESIAN_POINT('',(-1.21841207308454,-3.05888065030781,3.91535161513775));
#9050=CARTESIAN_POINT('Origin',(-1.35048094716167,-3.5,3.83910161513775));
#9051=CARTESIAN_POINT('',(-0.468412073084545,-3.39091287885364,2.6163135094611));
#9052=CARTESIAN_POINT('',(-1.21841207308454,-3.39091287885364,3.91535161513775));
#9053=CARTESIAN_POINT('Origin',(-0.600480947161672,-3.5,2.5400635094611));
#9054=CARTESIAN_POINT('Origin',(-1.21841207308454,-3.05888065030781,3.91535161513775));
#9055=CARTESIAN_POINT('',(-0.468412073084545,-4.09,2.6163135094611));
#9056=CARTESIAN_POINT('Origin',(-0.556913738254285,-3.22489676458073,2.56521704925162));
#9057=CARTESIAN_POINT('Origin',(-2.,-0.6875,3.46410161513775));
#9058=CARTESIAN_POINT('',(-1.75714981640446,-1.5348284005004,1.87226042644051));
#9059=CARTESIAN_POINT('',(-2.50714981640446,-1.5348284005004,3.17129853211717));
#9060=CARTESIAN_POINT('',(-1.61945272024983,-1.625,1.95175988197202));
#9061=CARTESIAN_POINT('Origin',(-1.25,-0.6875,2.1650635094611));
#9062=CARTESIAN_POINT('',(-2.36945272024983,-1.625,3.25079798764868));
#9063=CARTESIAN_POINT('Origin',(-2.64951905283833,-1.625,3.08910161513775));
#9064=CARTESIAN_POINT('',(-1.75714981640446,-1.7151715994996,1.87226042644051));
#9065=CARTESIAN_POINT('',(-2.50714981640446,-1.7151715994996,3.17129853211717));
#9066=CARTESIAN_POINT('Origin',(-1.89951905283833,-1.625,1.7900635094611));
#9067=CARTESIAN_POINT('Origin',(-2.,-2.5625,3.46410161513775));
#9068=CARTESIAN_POINT('Origin',(-1.25,-2.5625,2.1650635094611));
#9069=CARTESIAN_POINT('Origin',(-1.68830126832715,-1.625,1.91201015420626));
#9070=CARTESIAN_POINT('Origin',(-2.,1.1875,3.46410161513775));
#9071=CARTESIAN_POINT('',(-1.85458459657598,1.94482200600367,1.81600642988006));
#9072=CARTESIAN_POINT('',(-2.60458459657597,1.94482200600367,3.11504453555671));
#9073=CARTESIAN_POINT('',(-2.03158792691546,1.68388065030781,1.7138135094611));
#9074=CARTESIAN_POINT('Origin',(-1.25,1.1875,2.1650635094611));
#9075=CARTESIAN_POINT('',(-2.78158792691546,1.68388065030781,3.01285161513775));
#9076=CARTESIAN_POINT('Origin',(-2.64951905283833,2.125,3.08910161513775));
#9077=CARTESIAN_POINT('',(-2.03158792691546,2.01591287885364,1.7138135094611));
#9078=CARTESIAN_POINT('',(-2.78158792691546,2.01591287885364,3.01285161513775));
#9079=CARTESIAN_POINT('Origin',(-1.89951905283833,2.125,1.7900635094611));
#9080=CARTESIAN_POINT('Origin',(-2.78158792691546,1.68388065030781,3.01285161513775));
#9081=CARTESIAN_POINT('',(-2.03158792691546,4.09,1.7138135094611));
#9082=CARTESIAN_POINT('Origin',(-1.94308626174572,1.84989676458072,1.76490996967058));
#9083=CARTESIAN_POINT('Origin',(-2.64951905283833,4.,3.08910161513775));
#9084=CARTESIAN_POINT('',(-1.75714981640446,3.9098284005004,1.87226042644051));
#9085=CARTESIAN_POINT('',(-2.50714981640446,3.9098284005004,3.17129853211717));
#9086=CARTESIAN_POINT('',(-1.75706840348916,4.09,1.87230743020908));
#9087=CARTESIAN_POINT('Origin',(-1.89951905283833,4.,1.7900635094611));
#9088=CARTESIAN_POINT('',(-2.50706840348916,4.09,3.17134553588573));
#9089=CARTESIAN_POINT('Origin',(-2.,3.0625,3.46410161513775));
#9090=CARTESIAN_POINT('',(-1.31211129124403,4.09,2.12920353874164));
#9091=CARTESIAN_POINT('',(-2.06211129124403,4.09,3.4282416444183));
#9092=CARTESIAN_POINT('Origin',(-1.25,3.0625,2.1650635094611));
#9093=CARTESIAN_POINT('Origin',(-2.50706840348916,4.09,3.17134553588573));
#9094=CARTESIAN_POINT('',(-0.468412073084544,4.09,2.6163135094611));
#9095=CARTESIAN_POINT('Origin',(-1.53463055382425,3.9999142002502,2.00073198259108));
#9096=CARTESIAN_POINT('Origin',(-0.460364400755779,-3.5,2.29737453210501));
#9097=CARTESIAN_POINT('',(-0.388228887730389,-3.5,2.37393215851499));
#9098=CARTESIAN_POINT('Origin',(-0.475480947161671,-3.5,2.32355715851499));
#9099=CARTESIAN_POINT('',(-0.445212593478158,-3.5,2.27113083207368));
#9100=CARTESIAN_POINT('',(-0.416687549252672,-3.5,2.32259137407768));
#9101=CARTESIAN_POINT('Origin',(-0.912980947161671,-3.5,3.08132938682637));
#9102=CARTESIAN_POINT('',(-1.25110388773039,-3.5,3.86847549909598));
#9103=CARTESIAN_POINT('Origin',(-1.33835594716167,-3.5,3.81810049909598));
#9104=CARTESIAN_POINT('',(-0.825728887730389,-3.5,3.13170438682637));
#9105=CARTESIAN_POINT('Origin',(-1.75940250643244,2.125,1.54737453210501));
#9106=CARTESIAN_POINT('',(-1.68726699340705,2.125,1.62393215851499));
#9107=CARTESIAN_POINT('Origin',(-1.77451905283833,2.125,1.57355715851499));
#9108=CARTESIAN_POINT('',(-1.74425069915482,2.125,1.52113083207368));
#9109=CARTESIAN_POINT('',(-1.71572565492933,2.125,1.57259137407768));
#9110=CARTESIAN_POINT('Origin',(-2.21201905283833,2.125,2.33132938682637));
#9111=CARTESIAN_POINT('',(-2.55014199340705,2.125,3.11847549909598));
#9112=CARTESIAN_POINT('Origin',(-2.63739405283833,2.125,3.06810049909598));
#9113=CARTESIAN_POINT('',(-2.12476699340705,2.125,2.38170438682637));
#9114=CARTESIAN_POINT('Origin',(-1.75940250643244,-1.625,1.54737453210501));
#9115=CARTESIAN_POINT('',(-1.68726699340705,-1.625,1.62393215851499));
#9116=CARTESIAN_POINT('Origin',(-1.77451905283833,-1.625,1.57355715851499));
#9117=CARTESIAN_POINT('',(-1.74425069915482,-1.625,1.52113083207368));
#9118=CARTESIAN_POINT('',(-1.71572565492933,-1.625,1.57259137407768));
#9119=CARTESIAN_POINT('Origin',(-2.21201905283833,-1.625,2.33132938682637));
#9120=CARTESIAN_POINT('',(-2.55014199340705,-1.625,3.11847549909598));
#9121=CARTESIAN_POINT('Origin',(-2.63739405283833,-1.625,3.06810049909598));
#9122=CARTESIAN_POINT('',(-2.12476699340705,-1.625,2.38170438682637));
#9123=CARTESIAN_POINT('Origin',(-0.460364400755779,0.25,2.29737453210501));
#9124=CARTESIAN_POINT('',(-0.388228887730389,0.25,2.37393215851499));
#9125=CARTESIAN_POINT('Origin',(-0.475480947161671,0.25,2.32355715851499));
#9126=CARTESIAN_POINT('',(-0.445212593478157,0.25,2.27113083207368));
#9127=CARTESIAN_POINT('',(-0.416687549252672,0.25,2.32259137407768));
#9128=CARTESIAN_POINT('Origin',(-0.912980947161671,0.25,3.08132938682637));
#9129=CARTESIAN_POINT('',(-1.25110388773039,0.25,3.86847549909598));
#9130=CARTESIAN_POINT('Origin',(-1.33835594716167,0.25,3.81810049909598));
#9131=CARTESIAN_POINT('',(-0.825728887730389,0.25,3.13170438682637));
#9132=CARTESIAN_POINT('Origin',(-0.460364400755778,4.,2.29737453210501));
#9133=CARTESIAN_POINT('',(-0.388228887730388,4.,2.37393215851499));
#9134=CARTESIAN_POINT('Origin',(-0.47548094716167,4.,2.32355715851499));
#9135=CARTESIAN_POINT('',(-0.445212593478157,4.,2.27113083207368));
#9136=CARTESIAN_POINT('',(-0.416687549252671,4.,2.32259137407768));
#9137=CARTESIAN_POINT('Origin',(-0.91298094716167,4.,3.08132938682637));
#9138=CARTESIAN_POINT('',(-1.25110388773039,4.,3.86847549909598));
#9139=CARTESIAN_POINT('Origin',(-1.33835594716167,4.,3.81810049909598));
#9140=CARTESIAN_POINT('',(-0.825728887730388,4.,3.13170438682637));
#9141=CARTESIAN_POINT('Origin',(-0.460364400755778,2.125,2.29737453210501));
#9142=CARTESIAN_POINT('',(-0.388228887730388,2.125,2.37393215851499));
#9143=CARTESIAN_POINT('Origin',(-0.475480947161671,2.125,2.32355715851499));
#9144=CARTESIAN_POINT('',(-0.445212593478157,2.125,2.27113083207368));
#9145=CARTESIAN_POINT('',(-0.416687549252671,2.125,2.32259137407768));
#9146=CARTESIAN_POINT('Origin',(-0.912980947161671,2.125,3.08132938682637));
#9147=CARTESIAN_POINT('',(-1.25110388773039,2.125,3.86847549909598));
#9148=CARTESIAN_POINT('Origin',(-1.33835594716167,2.125,3.81810049909598));
#9149=CARTESIAN_POINT('',(-0.825728887730389,2.125,3.13170438682637));
#9150=CARTESIAN_POINT('Origin',(-0.460364400755779,-1.625,2.29737453210501));
#9151=CARTESIAN_POINT('',(-0.388228887730389,-1.625,2.37393215851499));
#9152=CARTESIAN_POINT('Origin',(-0.475480947161671,-1.625,2.32355715851499));
#9153=CARTESIAN_POINT('',(-0.445212593478158,-1.625,2.27113083207368));
#9154=CARTESIAN_POINT('',(-0.416687549252672,-1.625,2.32259137407768));
#9155=CARTESIAN_POINT('Origin',(-0.912980947161671,-1.625,3.08132938682637));
#9156=CARTESIAN_POINT('',(-1.25110388773039,-1.625,3.86847549909598));
#9157=CARTESIAN_POINT('Origin',(-1.33835594716167,-1.625,3.81810049909598));
#9158=CARTESIAN_POINT('',(-0.825728887730389,-1.625,3.13170438682637));
#9159=CARTESIAN_POINT('Origin',(-1.75940250643244,0.25,1.54737453210501));
#9160=CARTESIAN_POINT('',(-1.68726699340705,0.25,1.62393215851499));
#9161=CARTESIAN_POINT('Origin',(-1.77451905283833,0.25,1.57355715851499));
#9162=CARTESIAN_POINT('',(-1.74425069915482,0.25,1.52113083207368));
#9163=CARTESIAN_POINT('',(-1.71572565492933,0.25,1.57259137407768));
#9164=CARTESIAN_POINT('Origin',(-2.21201905283833,0.25,2.33132938682637));
#9165=CARTESIAN_POINT('',(-2.55014199340705,0.25,3.11847549909598));
#9166=CARTESIAN_POINT('Origin',(-2.63739405283833,0.25,3.06810049909598));
#9167=CARTESIAN_POINT('',(-2.12476699340705,0.25,2.38170438682637));
#9168=CARTESIAN_POINT('Origin',(-1.75940250643244,4.,1.54737453210501));
#9169=CARTESIAN_POINT('',(-1.68726699340705,4.,1.62393215851499));
#9170=CARTESIAN_POINT('Origin',(-1.77451905283833,4.,1.57355715851499));
#9171=CARTESIAN_POINT('',(-1.74425069915482,4.,1.52113083207368));
#9172=CARTESIAN_POINT('',(-1.71572565492933,4.,1.57259137407768));
#9173=CARTESIAN_POINT('Origin',(-2.21201905283833,4.,2.33132938682637));
#9174=CARTESIAN_POINT('',(-2.55014199340705,4.,3.11847549909598));
#9175=CARTESIAN_POINT('Origin',(-2.63739405283833,4.,3.06810049909598));
#9176=CARTESIAN_POINT('',(-2.12476699340705,4.,2.38170438682637));
#9177=CARTESIAN_POINT('Origin',(-1.75940250643244,-3.5,1.54737453210501));
#9178=CARTESIAN_POINT('',(-1.68726699340705,-3.5,1.62393215851499));
#9179=CARTESIAN_POINT('Origin',(-1.77451905283833,-3.5,1.57355715851499));
#9180=CARTESIAN_POINT('',(-1.74425069915482,-3.5,1.52113083207368));
#9181=CARTESIAN_POINT('',(-1.71572565492933,-3.5,1.57259137407768));
#9182=CARTESIAN_POINT('Origin',(-2.21201905283833,-3.5,2.33132938682637));
#9183=CARTESIAN_POINT('',(-2.55014199340705,-3.5,3.11847549909598));
#9184=CARTESIAN_POINT('Origin',(-2.63739405283833,-3.5,3.06810049909598));
#9185=CARTESIAN_POINT('',(-2.12476699340705,-3.5,2.38170438682637));
#9186=CARTESIAN_POINT('Origin',(-2.64351905283833,2.125,3.07870931029234));
#9187=CARTESIAN_POINT('',(-2.54565818221069,2.125,3.13520931029234));
#9188=CARTESIAN_POINT('Origin',(-2.64351905283833,-1.625,3.07870931029234));
#9189=CARTESIAN_POINT('',(-2.54565818221069,-1.625,3.13520931029234));
#9190=CARTESIAN_POINT('Origin',(-1.34448094716167,-3.5,3.82870931029234));
#9191=CARTESIAN_POINT('',(-1.24662007653403,-3.5,3.88520931029234));
#9192=CARTESIAN_POINT('Origin',(-1.34448094716167,0.25,3.82870931029234));
#9193=CARTESIAN_POINT('',(-1.24662007653403,0.25,3.88520931029234));
#9194=CARTESIAN_POINT('Origin',(-1.34448094716167,4.,3.82870931029234));
#9195=CARTESIAN_POINT('',(-1.24662007653403,4.,3.88520931029234));
#9196=CARTESIAN_POINT('Origin',(-1.34448094716167,2.125,3.82870931029234));
#9197=CARTESIAN_POINT('',(-1.24662007653403,2.125,3.88520931029234));
#9198=CARTESIAN_POINT('Origin',(-1.34448094716167,-1.625,3.82870931029234));
#9199=CARTESIAN_POINT('',(-1.24662007653403,-1.625,3.88520931029234));
#9200=CARTESIAN_POINT('Origin',(-2.64351905283833,-3.5,3.07870931029234));
#9201=CARTESIAN_POINT('',(-2.54565818221069,-3.5,3.13520931029234));
#9202=CARTESIAN_POINT('Origin',(-2.64351905283833,0.25,3.07870931029234));
#9203=CARTESIAN_POINT('',(-2.54565818221069,0.25,3.13520931029234));
#9204=CARTESIAN_POINT('Origin',(-2.64351905283833,4.,3.07870931029234));
#9205=CARTESIAN_POINT('',(-2.54565818221069,4.,3.13520931029234));
#9206=CARTESIAN_POINT('Origin',(-0.9,-0.6875,1.55884572681199));
#9207=CARTESIAN_POINT('',(-0.142227771688616,-0.6875,1.99634572681199));
#9208=CARTESIAN_POINT('Origin',(-0.899999999999999,3.0625,1.55884572681199));
#9209=CARTESIAN_POINT('',(-0.142227771688615,3.0625,1.99634572681199));
#9210=CARTESIAN_POINT('Origin',(-0.899999999999999,1.1875,1.55884572681199));
#9211=CARTESIAN_POINT('',(-0.142227771688616,1.1875,1.99634572681199));
#9212=CARTESIAN_POINT('Origin',(-0.9,-2.5625,1.55884572681199));
#9213=CARTESIAN_POINT('',(-0.142227771688616,-2.5625,1.99634572681199));
#9214=CARTESIAN_POINT('Origin',(0.,0.,0.));
#9215=CARTESIAN_POINT('Origin',(-5.20474889637625E-16,-4.25,0.));
#9216=CARTESIAN_POINT('Origin',(-1.46007599576048,-4.25,1.99767580756888));
#9217=UNCERTAINTY_MEASURE_WITH_UNIT(LENGTH_MEASURE(0.000393700787401575),
#9222,'DISTANCE_ACCURACY_VALUE',
'Maximum model space distance between geometric entities at asserted c
onnectivities');
#9218=UNCERTAINTY_MEASURE_WITH_UNIT(LENGTH_MEASURE(0.000393700787401575),
#9222,'DISTANCE_ACCURACY_VALUE',
'Maximum model space distance between geometric entities at asserted c
onnectivities');
#9219=(
GEOMETRIC_REPRESENTATION_CONTEXT(3)
GLOBAL_UNCERTAINTY_ASSIGNED_CONTEXT((#9217))
GLOBAL_UNIT_ASSIGNED_CONTEXT((#9222,#9226,#9227))
REPRESENTATION_CONTEXT('','3D')
);
#9220=(
GEOMETRIC_REPRESENTATION_CONTEXT(3)
GLOBAL_UNCERTAINTY_ASSIGNED_CONTEXT((#9218))
GLOBAL_UNIT_ASSIGNED_CONTEXT((#9222,#9226,#9227))
REPRESENTATION_CONTEXT('','3D')
);
#9221=DIMENSIONAL_EXPONENTS(1.,0.,0.,0.,0.,0.,0.);
#9222=(
CONVERSION_BASED_UNIT('inch',#9225)
LENGTH_UNIT()
NAMED_UNIT(#9221)
);
#9223=(
LENGTH_UNIT()
NAMED_UNIT(*)
SI_UNIT(.MILLI.,.METRE.)
);
#9224=(
LENGTH_UNIT()
NAMED_UNIT(*)
SI_UNIT($,.METRE.)
);
#9225=LENGTH_MEASURE_WITH_UNIT(LENGTH_MEASURE(25.4),#9223);
#9226=(
NAMED_UNIT(*)
PLANE_ANGLE_UNIT()
SI_UNIT($,.RADIAN.)
);
#9227=(
NAMED_UNIT(*)
SI_UNIT($,.STERADIAN.)
SOLID_ANGLE_UNIT()
);
#9228=SHAPE_DEFINITION_REPRESENTATION(#9229,#9230);
#9229=PRODUCT_DEFINITION_SHAPE('',$,#9232);
#9230=SHAPE_REPRESENTATION('',(#5269),#9219);
#9231=PRODUCT_DEFINITION_CONTEXT('part definition',#9236,'design');
#9232=PRODUCT_DEFINITION('v8 engine','v8 engine v1',#9233,#9231);
#9233=PRODUCT_DEFINITION_FORMATION('',$,#9238);
#9234=PRODUCT_RELATED_PRODUCT_CATEGORY('v8 engine v1','v8 engine v1',(#9238));
#9235=APPLICATION_PROTOCOL_DEFINITION('international standard',
'automotive_design',2009,#9236);
#9236=APPLICATION_CONTEXT(
'Core Data for Automotive Mechanical Design Process');
#9237=PRODUCT_CONTEXT('part definition',#9236,'mechanical');
#9238=PRODUCT('v8 engine','v8 engine v1',$,(#9237));
#9239=PRESENTATION_STYLE_ASSIGNMENT((#9240));
#9240=SURFACE_STYLE_USAGE(.BOTH.,#9241);
#9241=SURFACE_SIDE_STYLE('',(#9242));
#9242=SURFACE_STYLE_FILL_AREA(#9243);
#9243=FILL_AREA_STYLE('Steel - Satin',(#9244));
#9244=FILL_AREA_STYLE_COLOUR('Steel - Satin',#9245);
#9245=COLOUR_RGB('Steel - Satin',0.627450980392157,0.627450980392157,0.627450980392157);
ENDSEC;
END-ISO-10303-21;
